#
# A fatal error has been detected by the Java Runtime Environment:
#
#  EXCEPTION_ACCESS_VIOLATION (0xc0000005) at pc=0x00007ff948ef3eeb, pid=10004, tid=19768
#
# JRE version: Java(TM) SE Runtime Environment (21.0.5+9) (build 21.0.5+9-LTS-239)
# Java VM: Java HotSpot(TM) 64-Bit Server VM (21.0.5+9-LTS-239, mixed mode, sharing, tiered, compressed oops, compressed class ptrs, g1 gc, windows-amd64)
# Problematic frame:
# C  [d3d9on12.dll+0x53eeb]
#
# No core dump will be written. Minidumps are not enabled by default on client versions of Windows
#
# If you would like to submit a bug report, please visit:
#   https://bugreport.java.com/bugreport/crash.jsp
# The crash happened outside the Java Virtual Machine in native code.
# See problematic frame for where to report the bug.
#

---------------  S U M M A R Y ------------

Command Line: -javaagent:C:\Program Files\JetBrains\IntelliJ IDEA Community Edition 2023.2.1\lib\idea_rt.jar=62556:C:\Program Files\JetBrains\IntelliJ IDEA Community Edition 2023.2.1\bin -Dfile.encoding=UTF-8 -Dsun.stdout.encoding=UTF-8 -Dsun.stderr.encoding=UTF-8 --module-path=C:\Users\babae\.m2\repository\java3d\vecmath\1.3.1\vecmath-1.3.1.jar;C:\Users\babae\.m2\repository\org\openjfx\javafx-graphics\17.0.0.1\javafx-graphics-17.0.0.1-win.jar;C:\Users\babae\.m2\repository\org\openjfx\javafx-fxml\17.0.0.1\javafx-fxml-17.0.0.1-win.jar;C:\Users\babae\.m2\repository\org\openjfx\javafx-base\17.0.0.1\javafx-base-17.0.0.1-win.jar;C:\Users\babae\.m2\repository\org\openjfx\javafx-controls\17.0.0.1\javafx-controls-17.0.0.1-win.jar;D:\Task4\Simple3DViewer\target\classes -Djdk.module.main=com.cgvsu com.cgvsu/com.cgvsu.Main

Host: 12th Gen Intel(R) Core(TM) i7-12700H, 20 cores, 15G,  Windows 11 , 64 bit Build 22621 (10.0.22621.4391)
Time: Wed Jan  8 22:30:02 2025 RTZ 2 (s 11 , 64 bit Build 22621 (10.0.22621.4391) elapsed time: 106.591637 seconds (0d 0h 1m 46s)

---------------  T H R E A D  ---------------

Current thread (0x000001eb163556a0):  JavaThread "QuantumRenderer-0" daemon [_thread_in_native, id=19768, stack(0x00000099c1300000,0x00000099c1400000) (1024K)]

Stack: [0x00000099c1300000,0x00000099c1400000],  sp=0x00000099c13fdd70,  free space=1015k
Native frames: (J=compiled Java code, j=interpreted, Vv=VM code, C=native code)
C  [d3d9on12.dll+0x53eeb]

Java frames: (J=compiled Java code, j=interpreted, Vv=VM code)
J 3493  com.sun.prism.d3d.D3DSwapChain.nPresent(JJ)I javafx.graphics (0 bytes) @ 0x000001eabf699f7c [0x000001eabf699f20+0x000000000000005c]
J 4034 c1 com.sun.prism.d3d.D3DSwapChain.present()Z javafx.graphics (35 bytes) @ 0x000001eab8133d6c [0x000001eab8133ae0+0x000000000000028c]
J 3952 c1 com.sun.javafx.tk.quantum.PresentingPainter.run()V javafx.graphics (680 bytes) @ 0x000001eab80efafc [0x000001eab80e9b20+0x0000000000005fdc]
J 3922 c1 java.util.concurrent.Executors$RunnableAdapter.call()Ljava/lang/Object; java.base@21.0.5 (14 bytes) @ 0x000001eab80c185c [0x000001eab80c1740+0x000000000000011c]
J 3921 c1 java.util.concurrent.FutureTask.runAndReset()Z java.base@21.0.5 (125 bytes) @ 0x000001eab80c6834 [0x000001eab80c6020+0x0000000000000814]
J 3920 c1 com.sun.javafx.tk.RenderJob.run()V javafx.graphics (92 bytes) @ 0x000001eab80c4a2c [0x000001eab80c49a0+0x000000000000008c]
j  java.util.concurrent.ThreadPoolExecutor.runWorker(Ljava/util/concurrent/ThreadPoolExecutor$Worker;)V+92 java.base@21.0.5
j  java.util.concurrent.ThreadPoolExecutor$Worker.run()V+5 java.base@21.0.5
j  com.sun.javafx.tk.quantum.QuantumRenderer$PipelineRunnable.run()V+8 javafx.graphics
j  java.lang.Thread.runWith(Ljava/lang/Object;Ljava/lang/Runnable;)V+5 java.base@21.0.5
j  java.lang.Thread.run()V+19 java.base@21.0.5
v  ~StubRoutines::call_stub 0x000001eabedc100d

siginfo: EXCEPTION_ACCESS_VIOLATION (0xc0000005), reading address 0x0000000000000000


Registers:
RAX=0x0000000000000000, RBX=0x00000099c13fdf00, RCX=0x000001eb1654cf40, RDX=0x0000000000000000
RSP=0x00000099c13fdd70, RBP=0x00000099c13fde49, RSI=0x000001eb1654cf08, RDI=0x0000000000000000
R8 =0x0000000000000000, R9 =0x0000000000000000, R10=0xa7c8379d125d2870, R11=0x00000099c13fdf00
R12=0x0000000000000000, R13=0x0000000000000000, R14=0x00000099c13fe400, R15=0x0000000000000000
RIP=0x00007ff948ef3eeb, EFLAGS=0x0000000000010246


Register to memory mapping:

RAX=0x0 is null
RBX=0x00000099c13fdf00 is pointing into the stack for thread: 0x000001eb163556a0
RCX=0x000001eb1654cf40 points into unknown readable memory: 0x0000000000000000 | 00 00 00 00 00 00 00 00
RDX=0x0 is null
RSP=0x00000099c13fdd70 is pointing into the stack for thread: 0x000001eb163556a0
RBP=0x00000099c13fde49 is pointing into the stack for thread: 0x000001eb163556a0
RSI=0x000001eb1654cf08 points into unknown readable memory: 0x000001eb16548ff8 | f8 8f 54 16 eb 01 00 00
RDI=0x0 is null
R8 =0x0 is null
R9 =0x0 is null
R10=0xa7c8379d125d2870 is an unknown value
R11=0x00000099c13fdf00 is pointing into the stack for thread: 0x000001eb163556a0
R12=0x0 is null
R13=0x0 is null
R14=0x00000099c13fe400 is pointing into the stack for thread: 0x000001eb163556a0
R15=0x0 is null

Top of Stack: (sp=0x00000099c13fdd70)
0x00000099c13fdd70:   00000099c13fdf00 000001eb1654cf08
0x00000099c13fdd80:   0000000000000007 00000000000004d0
0x00000099c13fdd90:   0000000000000000 0000000000000000
0x00000099c13fdda0:   0000000000010000 0000000000000000
0x00000099c13fddb0:   0000000000000000 00000099c13fdc10
0x00000099c13fddc0:   0000000000000000 000001eb1654a0d0
0x00000099c13fddd0:   0000000000000000 ffffffffffffffff
0x00000099c13fdde0:   0000000000000000 0000000000010000
0x00000099c13fddf0:   0000000000000792 0001000100000486
0x00000099c13fde00:   0000000100000057 0000000000000000
0x00000099c13fde10:   0000000000000021 0000000000000000
0x00000099c13fde20:   00000000008e0000 0000000000000001
0x00000099c13fde30:   0000000100000000 0001000100000001
0x00000099c13fde40:   0000000000010000 0000000000000001
0x00000099c13fde50:   00000000008e0000 00007ff9920ad69a
0x00000099c13fde60:   0000d78e2239a39f 0000000000000650
0x00000099c13fde70:   0000000000000001 00000099c13fe410
0x00000099c13fde80:   0000000000000000 0000000000000000
0x00000099c13fde90:   0000000000000000 000001eb15608b00
0x00000099c13fdea0:   00000099c13fdfb0 00007ff948eb9774
0x00000099c13fdeb0:   000001eaad1f03c8 000001eb1ec31510
0x00000099c13fdec0:   000001eaad1f0cc0 0000000019930520
0x00000099c13fded0:   00000099c13fe2c0 0000000000000640
0x00000099c13fdee0:   0000000000000000 0000000000000650
0x00000099c13fdef0:   0000000000000000 0000000000000065
0x00000099c13fdf00:   0000000000000000 0000000000000000
0x00000099c13fdf10:   0000000000000000 0000000000000000
0x00000099c13fdf20:   0000000000000000 0000000000000000
0x00000099c13fdf30:   0000000000000000 0000000000000000
0x00000099c13fdf40:   0000000000000000 0000000000000000
0x00000099c13fdf50:   0000000000000000 0000000000000000
0x00000099c13fdf60:   0000000000000000 0000000000000000 

Instructions: (pc=0x00007ff948ef3eeb)
0x00007ff948ef3deb:   00 48 8b c5 48 8b 5c 24 60 48 8b 6c 24 70 48 83
0x00007ff948ef3dfb:   c4 40 41 5e 5f 5e c3 cc cc cc cc cc cc cc cc cc
0x00007ff948ef3e0b:   cc 48 89 5c 24 08 48 89 74 24 10 57 48 83 ec 20
0x00007ff948ef3e1b:   48 8b f1 8b fa 48 83 c1 28 e8 13 cf fb ff 48 8b
0x00007ff948ef3e2b:   46 10 48 8d 4e 28 48 8b 3c f8 48 ff 15 94 34 03
0x00007ff948ef3e3b:   00 0f 1f 44 00 00 48 8b 5c 24 30 48 8b c7 48 8b
0x00007ff948ef3e4b:   74 24 38 48 83 c4 20 5f c3 cc cc cc cc cc cc cc
0x00007ff948ef3e5b:   cc 48 89 5c 24 10 55 56 57 41 54 41 55 41 56 41
0x00007ff948ef3e6b:   57 48 8d 6c 24 d9 48 81 ec 00 01 00 00 48 8b 05
0x00007ff948ef3e7b:   f1 b4 04 00 48 33 c4 48 89 45 17 49 8b d9 8b fa
0x00007ff948ef3e8b:   48 8b f1 45 33 e4 4d 85 c9 75 0a b9 57 00 07 80
0x00007ff948ef3e9b:   e8 a0 22 fb ff 33 d2 44 8d 42 70 48 8b cb e8 86
0x00007ff948ef3eab:   fe fa ff 8b d7 48 8b ce e8 54 ff ff ff 48 8b f8
0x00007ff948ef3ebb:   48 89 44 24 50 48 85 c0 74 1b 48 8b 08 48 8b 41
0x00007ff948ef3ecb:   08 49 ba 70 d8 da 56 73 b6 41 fd 48 8b cf ff 15
0x00007ff948ef3edb:   41 34 03 00 90 45 8a f4 4d 8b fc 4c 89 64 24 40
0x00007ff948ef3eeb:   48 8b 07 49 ba 70 99 d5 74 79 1e e0 de 4c 8d 44
0x00007ff948ef3efb:   24 40 48 8d 15 a4 84 03 00 48 8b cf 48 8b 00 ff
0x00007ff948ef3f0b:   15 10 34 03 00 41 bd 01 00 00 00 85 c0 78 5c 48
0x00007ff948ef3f1b:   8b 06 44 39 a8 80 3e 00 00 75 0a b9 57 00 07 80
0x00007ff948ef3f2b:   e8 10 22 fb ff 48 8b 4c 24 40 48 8b 01 49 ba 70
0x00007ff948ef3f3b:   2b 56 7e 44 2f 58 a1 48 8d 55 df 48 8b 40 40 ff
0x00007ff948ef3f4b:   15 d0 33 03 00 0f 10 00 0f 11 03 0f 10 48 10 0f
0x00007ff948ef3f5b:   11 4b 10 0f 10 40 20 0f 11 43 20 44 89 63 60 4c
0x00007ff948ef3f6b:   8b 7c 24 40 44 8a 73 28 45 22 f5 4c 89 64 24 38
0x00007ff948ef3f7b:   48 8b 07 49 ba 70 99 d5 74 79 1e e0 de 4c 8d 44
0x00007ff948ef3f8b:   24 38 48 8d 15 a4 84 03 00 48 8b cf 48 8b 00 ff
0x00007ff948ef3f9b:   15 80 33 03 00 48 8b 4c 24 38 85 c0 78 3b 44 89
0x00007ff948ef3fab:   6b 60 48 8b 01 49 ba 70 f8 d0 70 bf 8f 28 85 4c
0x00007ff948ef3fbb:   8d 44 24 30 33 d2 48 8b 40 70 ff 15 55 33 03 00
0x00007ff948ef3fcb:   85 c0 78 0a 44 84 6c 24 30 45 8a f5 75 03 45 8a
0x00007ff948ef3fdb:   f4 48 8b 4c 24 38 4c 8b f9 48 85 c9 75 16 4c 39 


Stack slot to memory mapping:

stack at sp + 0 slots: 0x00000099c13fdf00 is pointing into the stack for thread: 0x000001eb163556a0
stack at sp + 1 slots: 0x000001eb1654cf08 points into unknown readable memory: 0x000001eb16548ff8 | f8 8f 54 16 eb 01 00 00
stack at sp + 2 slots: 0x0000000000000007 is an unknown value
stack at sp + 3 slots: 0x00000000000004d0 is an unknown value
stack at sp + 4 slots: 0x0 is null
stack at sp + 5 slots: 0x0 is null
stack at sp + 6 slots: 0x0000000000010000 is an unknown value
stack at sp + 7 slots: 0x0 is null


Compiled method (n/a)  106654 3493     n 0       com.sun.prism.d3d.D3DSwapChain::nPresent (native)
 total in heap  [0x000001eabf699d90,0x000001eabf69a160] = 976
 relocation     [0x000001eabf699ee8,0x000001eabf699f20] = 56
 main code      [0x000001eabf699f20,0x000001eabf69a153] = 563
 stub code      [0x000001eabf69a153,0x000001eabf69a158] = 5
 oops           [0x000001eabf69a158,0x000001eabf69a160] = 8

[Constant Pool (empty)]

[MachCode]
[Entry Point]
  # {method} {0x000001eb11d5e2e8} 'nPresent' '(JJ)I' in 'com/sun/prism/d3d/D3DSwapChain'
  # parm0:    rdx:rdx   = long
  # parm1:    r8:r8     = long
  #           [sp+0x70]  (sp of caller)
  0x000001eabf699f20: 448b 5208 | 49bb 0000 | 00d0 ea01 | 0000 4d03 | d349 3bc2 | 0f84 0600 

  0x000001eabf699f38: ;   {runtime_call ic_miss_stub}
  0x000001eabf699f38: 0000 e941 | 4877 ff90 
[Verified Entry Point]
  0x000001eabf699f40: 8984 2400 | 80ff ff55 | 488b ec48 | 83ec 6090 | 4181 7f20 | 0100 0000 

  0x000001eabf699f58: ;   {runtime_call StubRoutines (final stubs)}
  0x000001eabf699f58: 7405 e801 | ae75 ff4d | 8bc8 4c8b 

  0x000001eabf699f64: ;   {oop(a 'java/lang/Class'{0x0000000704d5c688} = 'com/sun/prism/d3d/D3DSwapChain')}
  0x000001eabf699f64: c249 be88 | c6d5 0407 | 0000 004c | 8974 2450 | 4c8d 7424 | 5049 8bd6 

  0x000001eabf699f7c: ;   {internal_word}
  0x000001eabf699f7c: c5f8 7749 | ba7c 9f69 | bfea 0100 | 004d 8997 | a003 0000 | 4989 a798 

  0x000001eabf699f94: ;   {external_word}
  0x000001eabf699f94: 0300 0049 | bae0 3752 | 16f9 7f00 | 0041 803a | 000f 844e | 0000 0052 | 4150 4151 

  0x000001eabf699fb0: ;   {metadata({method} {0x000001eb11d5e2e8} 'nPresent' '(JJ)I' in 'com/sun/prism/d3d/D3DSwapChain')}
  0x000001eabf699fb0: 48ba e0e2 | d511 eb01 | 0000 498b | cf48 83ec | 2040 f6c4 | 0f0f 8419 | 0000 0048 

  0x000001eabf699fcc: ;   {runtime_call}
  0x000001eabf699fcc: 83ec 0848 | b830 0103 | 16f9 7f00 | 00ff d048 | 83c4 08e9 | 0c00 0000 

  0x000001eabf699fe4: ;   {runtime_call}
  0x000001eabf699fe4: 48b8 3001 | 0316 f97f | 0000 ffd0 | 4883 c420 | 4159 4158 | 5a49 8d8f | b803 0000 | 41c7 8744 
  0x000001eabf69a004: 0400 0004 

  0x000001eabf69a008: ;   {runtime_call}
  0x000001eabf69a008: 0000 0048 | b8a0 42dd | 41f9 7f00 | 00ff d0c5 | f877 41c7 | 8744 0400 | 0005 0000 | 00f0 8344 
  0x000001eabf69a028: 24c0 0049 | 3baf 4804 | 0000 0f87 | 0e00 0000 | 4183 bf40 | 0400 0000 | 0f84 2b00 | 0000 c5f8 
  0x000001eabf69a048: 7748 8945 | f849 8bcf | 4c8b e448 | 83ec 2048 

  0x000001eabf69a058: ;   {runtime_call}
  0x000001eabf69a058: 83e4 f048 | b8b0 aece | 15f9 7f00 | 00ff d049 | 8be4 4d33 | e448 8b45 | f841 c787 | 4404 0000 
  0x000001eabf69a078: 0800 0000 | 4183 bfc0 | 0400 0002 | 0f84 9c00 

  0x000001eabf69a088: ;   {external_word}
  0x000001eabf69a088: 0000 49ba | e037 5216 | f97f 0000 | 4180 3a00 | 0f84 4c00 | 0000 4889 

  0x000001eabf69a0a0: ;   {metadata({method} {0x000001eb11d5e2e8} 'nPresent' '(JJ)I' in 'com/sun/prism/d3d/D3DSwapChain')}
  0x000001eabf69a0a0: 45f8 48ba | e0e2 d511 | eb01 0000 | 498b cf48 | 83ec 2040 | f6c4 0f0f | 8419 0000 | 0048 83ec 
  0x000001eabf69a0c0: ;   {runtime_call}
  0x000001eabf69a0c0: 0848 b830 | 0103 16f9 | 7f00 00ff | d048 83c4 | 08e9 0c00 

  0x000001eabf69a0d4: ;   {runtime_call}
  0x000001eabf69a0d4: 0000 48b8 | 3001 0316 | f97f 0000 | ffd0 4883 | c420 488b | 45f8 49c7 | 8798 0300 | 0000 0000 
  0x000001eabf69a0f4: 0049 c787 | a003 0000 | 0000 0000 | c5f8 7749 | 8b8f 2804 | 0000 c781 | 0001 0000 | 0000 0000 
  0x000001eabf69a114: c949 837f | 0800 0f85 | 0100 0000 

  0x000001eabf69a120: ;   {runtime_call StubRoutines (initial stubs)}
  0x000001eabf69a120: c3e9 da6d | 72ff c5f8 | 7748 8945 | f84c 8be4 | 4883 ec20 | 4883 e4f0 

  0x000001eabf69a138: ;   {runtime_call}
  0x000001eabf69a138: 48b8 2039 | 0316 f97f | 0000 ffd0 | 498b e44d | 33e4 488b | 45f8 e937 | ffff fff4 | f4f4 f4f4 
[/MachCode]


Compiled method (c1)  106660 4034       3       com.sun.prism.d3d.D3DSwapChain::present (35 bytes)
 total in heap  [0x000001eab8133910,0x000001eab8133fe8] = 1752
 relocation     [0x000001eab8133a68,0x000001eab8133ad8] = 112
 main code      [0x000001eab8133ae0,0x000001eab8133e60] = 896
 stub code      [0x000001eab8133e60,0x000001eab8133eb8] = 88
 oops           [0x000001eab8133eb8,0x000001eab8133ec0] = 8
 metadata       [0x000001eab8133ec0,0x000001eab8133ef8] = 56
 scopes data    [0x000001eab8133ef8,0x000001eab8133f40] = 72
 scopes pcs     [0x000001eab8133f40,0x000001eab8133fc0] = 128
 dependencies   [0x000001eab8133fc0,0x000001eab8133fd0] = 16
 nul chk table  [0x000001eab8133fd0,0x000001eab8133fe8] = 24

[Constant Pool (empty)]

[MachCode]
[Entry Point]
  # {method} {0x000001eb11d5ddf8} 'present' '()Z' in 'com/sun/prism/d3d/D3DSwapChain'
  #           [sp+0x70]  (sp of caller)
  0x000001eab8133ae0: 448b 5208 | 49bb 0000 | 00d0 ea01 | 0000 4d03 | d34c 3bd0 

  0x000001eab8133af4: ;   {runtime_call ic_miss_stub}
  0x000001eab8133af4: 0f85 86ac | cd06 660f | 1f44 0000 
[Verified Entry Point]
  0x000001eab8133b00: 8984 2400 | 80ff ff55 | 4883 ec60 | 4181 7f20 | 0100 0000 

  0x000001eab8133b14: ;   {runtime_call StubRoutines (final stubs)}
  0x000001eab8133b14: 7405 e845 

  0x000001eab8133b18: ;   {metadata(method data for {method} {0x000001eb11d5ddf8} 'present' '()Z' in 'com/sun/prism/d3d/D3DSwapChain')}
  0x000001eab8133b18: 12cc 0648 | b8f0 36f4 | 11eb 0100 | 0044 8b80 | cc00 0000 | 4183 c002 | 4489 80cc | 0000 0041 
  0x000001eab8133b38: 81e0 fe07 | 0000 4585 | c00f 8473 | 0200 0048 

  0x000001eab8133b48: ;   {metadata(method data for {method} {0x000001eb11d5ddf8} 'present' '()Z' in 'com/sun/prism/d3d/D3DSwapChain')}
  0x000001eab8133b48: 8bc2 49b8 | f036 f411 | eb01 0000 | 4983 8028 | 0100 0001 

  0x000001eab8133b5c: ;   {metadata(method data for {method} {0x000001eb11d5e398} 'getContext' '()Lcom/sun/prism/d3d/D3DContext;' in 'com/sun/prism/d3d/D3DSwapChain')}
  0x000001eab8133b5c: 48b8 58dc | e411 eb01 | 0000 448b | 80cc 0000 | 0041 83c0 | 0244 8980 | cc00 0000 | 4181 e0fe 
  0x000001eab8133b7c: ff1f 0045 | 85c0 0f84 | 5302 0000 | 448b 4214 | 49c1 e003 

  0x000001eab8133b90: ; implicit exception: dispatches to 0x000001eab8133dfc
  0x000001eab8133b90: 493b 0049 

  0x000001eab8133b94: ;   {metadata(method data for {method} {0x000001eb11d5e398} 'getContext' '()Lcom/sun/prism/d3d/D3DContext;' in 'com/sun/prism/d3d/D3DSwapChain')}
  0x000001eab8133b94: 8bc0 48ba | 58dc e411 | eb01 0000 | 8b40 0849 | ba00 0000 | d0ea 0100 | 0049 03c2 | 483b 8220 
  0x000001eab8133bb4: 0100 0075 | 0d48 8382 | 2801 0000 | 01e9 6000 | 0000 483b | 8230 0100 | 0075 0d48 | 8382 3801 
  0x000001eab8133bd4: 0000 01e9 | 4a00 0000 | 4883 ba20 | 0100 0000 | 7517 4889 | 8220 0100 | 0048 c782 | 2801 0000 
  0x000001eab8133bf4: 0100 0000 | e929 0000 | 0048 83ba | 3001 0000 | 0075 1748 | 8982 3001 | 0000 48c7 | 8238 0100 
  0x000001eab8133c14: 0001 0000 | 00e9 0800 | 0000 4883 | 8210 0100 | 0001 418b | 7018 48c1 | e603 483b | 0648 8bc6 
  0x000001eab8133c34: ;   {metadata(method data for {method} {0x000001eb11d5ddf8} 'present' '()Z' in 'com/sun/prism/d3d/D3DSwapChain')}
  0x000001eab8133c34: 48ba f036 | f411 eb01 | 0000 4883 | 8248 0100 | 0001 0fbe | 4620 83e0 

  0x000001eab8133c4c: ;   {metadata(method data for {method} {0x000001eb11d5ddf8} 'present' '()Z' in 'com/sun/prism/d3d/D3DSwapChain')}
  0x000001eab8133c4c: 0185 c048 | b8f0 36f4 | 11eb 0100 | 0048 ba80 | 0100 0000 | 0000 0074 | 0a48 ba90 | 0100 0000 
  0x000001eab8133c6c: 0000 0048 | 8b3c 1048 | 8d7f 0148 | 893c 100f | 8418 0000 | 00b8 0000 | 0000 4883 

  0x000001eab8133c88: ;   {poll_return}
  0x000001eab8133c88: c460 5d49 | 3ba7 4804 | 0000 0f87 | 6e01 0000 | c348 8bd6 

  0x000001eab8133c9c: ;   {metadata(method data for {method} {0x000001eb11d5ddf8} 'present' '()Z' in 'com/sun/prism/d3d/D3DSwapChain')}
  0x000001eab8133c9c: 48bf f036 | f411 eb01 | 0000 4883 | 87b8 0100 | 0001 488b | 9680 0000 | 0049 8bf8 

  0x000001eab8133cb8: ;   {metadata(method data for {method} {0x000001eb11d5ddf8} 'present' '()Z' in 'com/sun/prism/d3d/D3DSwapChain')}
  0x000001eab8133cb8: 48bb f036 | f411 eb01 | 0000 8b7f | 0849 ba00 | 0000 d0ea | 0100 0049 | 03fa 483b | bbe8 0100 
  0x000001eab8133cd8: 0075 0d48 | 8383 f001 | 0000 01e9 | 6000 0000 | 483b bbf8 | 0100 0075 | 0d48 8383 | 0002 0000 
  0x000001eab8133cf8: 01e9 4a00 | 0000 4883 | bbe8 0100 | 0000 7517 | 4889 bbe8 | 0100 0048 | c783 f001 | 0000 0100 
  0x000001eab8133d18: 0000 e929 | 0000 0048 | 83bb f801 | 0000 0075 | 1748 89bb | f801 0000 | 48c7 8300 | 0200 0001 
  0x000001eab8133d38: 0000 00e9 | 0800 0000 | 4883 83d8 | 0100 0001 | 498b 7810 

  0x000001eab8133d4c: ;   {metadata(method data for {method} {0x000001eb11d5ddf8} 'present' '()Z' in 'com/sun/prism/d3d/D3DSwapChain')}
  0x000001eab8133d4c: 49b8 f036 | f411 eb01 | 0000 4983 | 8010 0200 | 0001 4c8b | c748 8974 

  0x000001eab8133d64: ;   {static_call}
  0x000001eab8133d64: 2448 90e8 

  0x000001eab8133d68: ; ImmutableOopMap {[72]=Oop }
                      ;*invokestatic nPresent {reexecute=0 rethrow=0 return_oop=0}
                      ; - com.sun.prism.d3d.D3DSwapChain::present@25 (line 87)
  0x000001eab8133d68: d461 5607 

  0x000001eab8133d6c: ;   {other}
  0x000001eab8133d6c: 0f1f 8400 | 5c04 0000 | 488b 7424 

  0x000001eab8133d78: ;   {metadata(method data for {method} {0x000001eb11d5ddf8} 'present' '()Z' in 'com/sun/prism/d3d/D3DSwapChain')}
  0x000001eab8133d78: 4849 b8f0 | 36f4 11eb | 0100 0049 | 8380 3802 | 0000 014c | 8bc0 488b | 5424 480f 

  0x000001eab8133d94: ;   {optimized virtual_call}
  0x000001eab8133d94: 1f40 00e8 

  0x000001eab8133d98: ; ImmutableOopMap {}
                      ;*invokevirtual validatePresent {reexecute=0 rethrow=0 return_oop=0}
                      ; - com.sun.prism.d3d.D3DSwapChain::present@31 (line 88)
  0x000001eab8133d98: 6429 faff 

  0x000001eab8133d9c: ;   {other}
  0x000001eab8133d9c: 0f1f 8400 | 8c04 0001 | 83e0 0148 | 83c4 605d 

  0x000001eab8133dac: ;   {poll_return}
  0x000001eab8133dac: 493b a748 | 0400 000f | 8763 0000 

  0x000001eab8133db8: ;   {metadata({method} {0x000001eb11d5ddf8} 'present' '()Z' in 'com/sun/prism/d3d/D3DSwapChain')}
  0x000001eab8133db8: 00c3 49ba | f0dd d511 | eb01 0000 | 4c89 5424 | 0848 c704 | 24ff ffff 

  0x000001eab8133dd0: ;   {runtime_call counter_overflow Runtime1 stub}
  0x000001eab8133dd0: ffe8 aa65 

  0x000001eab8133dd4: ; ImmutableOopMap {rdx=Oop }
                      ;*synchronization entry
                      ; - com.sun.prism.d3d.D3DSwapChain::present@-1 (line 83)
  0x000001eab8133dd4: da06 e96c 

  0x000001eab8133dd8: ;   {metadata({method} {0x000001eb11d5e398} 'getContext' '()Lcom/sun/prism/d3d/D3DContext;' in 'com/sun/prism/d3d/D3DSwapChain')}
  0x000001eab8133dd8: fdff ff49 | ba90 e3d5 | 11eb 0100 | 004c 8954 | 2408 48c7 | 0424 ffff 

  0x000001eab8133df0: ;   {runtime_call counter_overflow Runtime1 stub}
  0x000001eab8133df0: ffff e889 

  0x000001eab8133df4: ; ImmutableOopMap {rdx=Oop }
                      ;*synchronization entry
                      ; - com.sun.prism.d3d.D3DSwapChain::getContext@-1 (line 130)
                      ; - com.sun.prism.d3d.D3DSwapChain::present@1 (line 83)
  0x000001eab8133df4: 65da 06e9 | 8cfd ffff 

  0x000001eab8133dfc: ;   {runtime_call throw_null_pointer_exception Runtime1 stub}
  0x000001eab8133dfc: e87f 05da 

  0x000001eab8133e00: ; ImmutableOopMap {rdx=Oop r8=Oop }
                      ;*invokevirtual getContext {reexecute=0 rethrow=0 return_oop=0}
                      ; - com.sun.prism.d3d.D3DSwapChain::getContext@4 (line 130)
                      ; - com.sun.prism.d3d.D3DSwapChain::present@1 (line 83)
                      ;   {runtime_call throw_null_pointer_exception Runtime1 stub}
  0x000001eab8133e00: 06e8 7a05 

  0x000001eab8133e04: ; ImmutableOopMap {r8=Oop rsi=Oop }
                      ;*invokevirtual isDisposed {reexecute=0 rethrow=0 return_oop=0}
                      ; - com.sun.prism.d3d.D3DSwapChain::present@6 (line 84)
                      ;   {internal_word}
  0x000001eab8133e04: da06 49ba | 8b3c 13b8 | ea01 0000 | 4d89 9760 

  0x000001eab8133e14: ;   {runtime_call SafepointBlob}
  0x000001eab8133e14: 0400 00e9 | e418 ce06 

  0x000001eab8133e1c: ;   {internal_word}
  0x000001eab8133e1c: 49ba ac3d | 13b8 ea01 | 0000 4d89 | 9760 0400 

  0x000001eab8133e2c: ;   {runtime_call SafepointBlob}
  0x000001eab8133e2c: 00e9 ce18 | ce06 498b | 87f8 0400 | 0049 c787 | f804 0000 | 0000 0000 | 49c7 8700 | 0500 0000 
  0x000001eab8133e4c: 0000 0048 | 83c4 605d 

  0x000001eab8133e54: ;   {runtime_call unwind_exception Runtime1 stub}
  0x000001eab8133e54: e927 f6d9 | 06f4 f4f4 | f4f4 f4f4 
[Stub Code]
  0x000001eab8133e60: ;   {no_reloc}
  0x000001eab8133e60: 0f1f 4400 

  0x000001eab8133e64: ;   {static_stub}
  0x000001eab8133e64: 0048 bb00 | 0000 0000 

  0x000001eab8133e6c: ;   {runtime_call}
  0x000001eab8133e6c: 0000 00e9 | fbff ffff 

  0x000001eab8133e74: ;   {static_stub}
  0x000001eab8133e74: 48bb 0000 | 0000 0000 

  0x000001eab8133e7c: ;   {runtime_call}
  0x000001eab8133e7c: 0000 e9fb 

  0x000001eab8133e80: ;   {runtime_call handle_exception_from_callee Runtime1 stub}
  0x000001eab8133e80: ffff ffe8 | 7827 da06 

  0x000001eab8133e88: ;   {external_word}
  0x000001eab8133e88: 48b9 a036 | 2a16 f97f | 0000 4883 

  0x000001eab8133e94: ;   {runtime_call}
  0x000001eab8133e94: e4f0 48b8 | 5024 f215 | f97f 0000 

  0x000001eab8133ea0: ;   {section_word}
  0x000001eab8133ea0: ffd0 f449 | baa3 3e13 | b8ea 0100 

  0x000001eab8133eac: ;   {runtime_call DeoptimizationBlob}
  0x000001eab8133eac: 0041 52e9 | ec0a ce06 | f4f4 f4f4 
[/MachCode]


Compiled method (c1)  106665 3952   !   3       com.sun.javafx.tk.quantum.PresentingPainter::run (680 bytes)
 total in heap  [0x000001eab80e8790,0x000001eab80fd4e8] = 85336
 relocation     [0x000001eab80e88e8,0x000001eab80e9b20] = 4664
 main code      [0x000001eab80e9b20,0x000001eab80f8268] = 59208
 stub code      [0x000001eab80f8268,0x000001eab80f86e0] = 1144
 oops           [0x000001eab80f86e0,0x000001eab80f8718] = 56
 metadata       [0x000001eab80f8718,0x000001eab80f89b8] = 672
 scopes data    [0x000001eab80f89b8,0x000001eab80fa058] = 5792
 scopes pcs     [0x000001eab80fa058,0x000001eab80fbe88] = 7728
 dependencies   [0x000001eab80fbe88,0x000001eab80fbf08] = 128
 handler table  [0x000001eab80fbf08,0x000001eab80fd168] = 4704
 nul chk table  [0x000001eab80fd168,0x000001eab80fd4e8] = 896

[Constant Pool (empty)]

[MachCode]
[Entry Point]
  # {method} {0x000001eb119dcc38} 'run' '()V' in 'com/sun/javafx/tk/quantum/PresentingPainter'
  #           [sp+0x310]  (sp of caller)
  0x000001eab80e9b20: 448b 5208 | 49bb 0000 | 00d0 ea01 | 0000 4d03 | d34c 3bd0 

  0x000001eab80e9b34: ;   {runtime_call ic_miss_stub}
  0x000001eab80e9b34: 0f85 464c | d206 660f | 1f44 0000 
[Verified Entry Point]
  0x000001eab80e9b40: 8984 2400 | 80ff ff55 | 4881 ec00 | 0300 0090 | 4181 7f20 | 0100 0000 

  0x000001eab80e9b58: ;   {runtime_call StubRoutines (final stubs)}
  0x000001eab80e9b58: 7405 e801 | b2d0 0648 | 8994 24e8 

  0x000001eab80e9b64: ;   {metadata(method data for {method} {0x000001eb119dcc38} 'run' '()V' in 'com/sun/javafx/tk/quantum/PresentingPainter')}
  0x000001eab80e9b64: 0000 0048 | be20 acf3 | 11eb 0100 | 008b becc | 0000 0083 | c702 89be | cc00 0000 | 81e7 fe07 
  0x000001eab80e9b84: 0000 85ff | 0f84 2eb8 

  0x000001eab80e9b8c: ;   {oop(a 'java/util/concurrent/locks/ReentrantLock'{0x000000070494c798})}
  0x000001eab80e9b8c: 0000 48be | 98c7 9404 | 0700 0000 

  0x000001eab80e9b98: ;   {metadata(method data for {method} {0x000001eb119dcc38} 'run' '()V' in 'com/sun/javafx/tk/quantum/PresentingPainter')}
  0x000001eab80e9b98: 488b fe48 | bb20 acf3 | 11eb 0100 | 008b 7f08 | 49ba 0000 | 00d0 ea01 | 0000 4903 | fa48 3bbb 
  0x000001eab80e9bb8: 2001 0000 | 750d 4883 | 8328 0100 | 0001 e960 | 0000 0048 | 3bbb 3001 | 0000 750d | 4883 8338 
  0x000001eab80e9bd8: 0100 0001 | e94a 0000 | 0048 83bb | 2001 0000 | 0075 1748 | 89bb 2001 | 0000 48c7 | 8328 0100 
  0x000001eab80e9bf8: 0001 0000 | 00e9 2900 | 0000 4883 | bb30 0100 | 0000 7517 | 4889 bb30 | 0100 0048 | c783 3801 
  0x000001eab80e9c18: 0000 0100 | 0000 e908 | 0000 0048 | 8383 1001 

  0x000001eab80e9c28: ;   {metadata(method data for {method} {0x000001ead017edc8} 'lock' '()V' in 'java/util/concurrent/locks/ReentrantLock')}
  0x000001eab80e9c28: 0000 0148 | bf90 5c13 | 11eb 0100 | 008b 9fcc | 0000 0083 | c302 899f | cc00 0000 | 81e3 feff 
  0x000001eab80e9c48: 1f00 85db | 0f84 8bb7 | 0000 8b76 | 0c48 c1e6 | 0348 3b06 

  0x000001eab80e9c5c: ;   {metadata(method data for {method} {0x000001ead017edc8} 'lock' '()V' in 'java/util/concurrent/locks/ReentrantLock')}
  0x000001eab80e9c5c: 488b fe48 | bb90 5c13 | 11eb 0100 | 0048 8383 | 1001 0000 

  0x000001eab80e9c70: ;   {metadata(method data for {method} {0x000001ead01b0fb0} 'lock' '()V' in 'java/util/concurrent/locks/ReentrantLock$Sync')}
  0x000001eab80e9c70: 0148 bf18 | 5e13 11eb | 0100 008b | 9fcc 0000 | 0083 c302 | 899f cc00 | 0000 81e3 | feff 1f00 
  0x000001eab80e9c90: 85db 0f84 | 70b7 0000 

  0x000001eab80e9c98: ;   {metadata(method data for {method} {0x000001ead01b0fb0} 'lock' '()V' in 'java/util/concurrent/locks/ReentrantLock$Sync')}
  0x000001eab80e9c98: 488b fe48 | bb18 5e13 | 11eb 0100 | 008b 7f08 | 49ba 0000 | 00d0 ea01 | 0000 4903 | fa48 3bbb 
  0x000001eab80e9cb8: 2001 0000 | 750d 4883 | 8328 0100 | 0001 e960 | 0000 0048 | 3bbb 3001 | 0000 750d | 4883 8338 
  0x000001eab80e9cd8: 0100 0001 | e94a 0000 | 0048 83bb | 2001 0000 | 0075 1748 | 89bb 2001 | 0000 48c7 | 8328 0100 
  0x000001eab80e9cf8: 0001 0000 | 00e9 2900 | 0000 4883 | bb30 0100 | 0000 7517 | 4889 bb30 | 0100 0048 | c783 3801 
  0x000001eab80e9d18: 0000 0100 | 0000 e908 | 0000 0048 | 8383 1001 | 0000 0148 | 8bd6 4889 | b424 e000 | 0000 0f1f 
  0x000001eab80e9d38: 8000 0000 | 0048 b8b8 | f81a d0ea 

  0x000001eab80e9d44: ;   {virtual_call}
  0x000001eab80e9d44: 0100 00e8 

  0x000001eab80e9d48: ; ImmutableOopMap {[224]=Oop [232]=Oop }
                      ;*invokevirtual initialTryLock {reexecute=0 rethrow=0 return_oop=0}
                      ; - java.util.concurrent.locks.ReentrantLock$Sync::lock@1 (line 152)
                      ; - java.util.concurrent.locks.ReentrantLock::lock@4 (line 322)
                      ; - com.sun.javafx.tk.quantum.PresentingPainter::run@3 (line 45)
  0x000001eab80e9d48: 5470 4807 

  0x000001eab80e9d4c: ;   {other}
  0x000001eab80e9d4c: 0f1f 8400 | bc15 0000 

  0x000001eab80e9d54: ;   {metadata(method data for {method} {0x000001ead01b0fb0} 'lock' '()V' in 'java/util/concurrent/locks/ReentrantLock$Sync')}
  0x000001eab80e9d54: 85c0 49b8 | 185e 1311 | eb01 0000 | 48ba 4801 | 0000 0000 | 0000 750a | 48ba 5801 | 0000 0000 
  0x000001eab80e9d74: 0000 498b | 3410 488d | 7601 4989 | 3410 0f85 | 3400 0000 | 488b b424 | e000 0000 

  0x000001eab80e9d90: ;   {metadata(method data for {method} {0x000001ead01b0fb0} 'lock' '()V' in 'java/util/concurrent/locks/ReentrantLock$Sync')}
  0x000001eab80e9d90: 4c8b c648 | ba18 5e13 | 11eb 0100 | 0048 8382 | 6801 0000 | 0141 b801 | 0000 0048 

  0x000001eab80e9dac: ;   {optimized virtual_call}
  0x000001eab80e9dac: 8bd6 90e8 

  0x000001eab80e9db0: ; ImmutableOopMap {[232]=Oop }
                      ;*invokevirtual acquire {reexecute=0 rethrow=0 return_oop=0}
                      ; - java.util.concurrent.locks.ReentrantLock$Sync::lock@9 (line 153)
                      ; - java.util.concurrent.locks.ReentrantLock::lock@4 (line 322)
                      ; - com.sun.javafx.tk.quantum.PresentingPainter::run@3 (line 45)
  0x000001eab80e9db0: cc4c d206 

  0x000001eab80e9db4: ;   {other}
  0x000001eab80e9db4: 0f1f 8400 | 2416 0001 | 488b 9424 | e800 0000 

  0x000001eab80e9dc4: ;   {metadata(method data for {method} {0x000001eb119dcc38} 'run' '()V' in 'com/sun/javafx/tk/quantum/PresentingPainter')}
  0x000001eab80e9dc4: 48be 20ac | f311 eb01 | 0000 8b52 | 0849 ba00 | 0000 d0ea | 0100 0049 | 03d2 483b | 9658 0100 
  0x000001eab80e9de4: 0075 0d48 | 8386 6001 | 0000 01e9 | 6000 0000 | 483b 9668 | 0100 0075 | 0d48 8386 | 7001 0000 
  0x000001eab80e9e04: 01e9 4a00 | 0000 4883 | be58 0100 | 0000 7517 | 4889 9658 | 0100 0048 | c786 6001 | 0000 0100 
  0x000001eab80e9e24: 0000 e929 | 0000 0048 | 83be 6801 | 0000 0075 | 1748 8996 | 6801 0000 | 48c7 8670 | 0100 0001 
  0x000001eab80e9e44: 0000 00e9 | 0800 0000 | 4883 8648 | 0100 0001 | 488b 9424 | e800 0000 

  0x000001eab80e9e5c: ;   {optimized virtual_call}
  0x000001eab80e9e5c: 6666 90e8 

  0x000001eab80e9e60: ; ImmutableOopMap {[232]=Oop }
                      ;*invokevirtual validateStageGraphics {reexecute=0 rethrow=0 return_oop=0}
                      ; - com.sun.javafx.tk.quantum.PresentingPainter::run@13 (line 52)
  0x000001eab80e9e60: 9c03 feff 

  0x000001eab80e9e64: ;   {other}
  0x000001eab80e9e64: 0f1f 8400 | d416 0002 

  0x000001eab80e9e6c: ;   {metadata(method data for {method} {0x000001eb119dcc38} 'run' '()V' in 'com/sun/javafx/tk/quantum/PresentingPainter')}
  0x000001eab80e9e6c: 85c0 49b8 | 20ac f311 | eb01 0000 | 48ba 8001 | 0000 0000 | 0000 750a | 48ba 9001 | 0000 0000 
  0x000001eab80e9e8c: 0000 498b | 3410 488d | 7601 4989 | 3410 0f85 | ec10 0000 

  0x000001eab80e9ea0: ;   {metadata(method data for {method} {0x000001eb119dcc38} 'run' '()V' in 'com/sun/javafx/tk/quantum/PresentingPainter')}
  0x000001eab80e9ea0: 49b8 20ac | f311 eb01 | 0000 41ff | 80a0 0100 | 0048 8b94 | 24e8 0000 

  0x000001eab80e9eb8: ;   {metadata(method data for {method} {0x000001eb119dcc38} 'run' '()V' in 'com/sun/javafx/tk/quantum/PresentingPainter')}
  0x000001eab80e9eb8: 0049 b820 | acf3 11eb | 0100 008b | 5208 49ba | 0000 00d0 | ea01 0000 | 4903 d249 | 3b90 0802 
  0x000001eab80e9ed8: 0000 750d | 4983 8010 | 0200 0001 | e960 0000 | 0049 3b90 | 1802 0000 | 750d 4983 | 8020 0200 
  0x000001eab80e9ef8: 0001 e94a | 0000 0049 | 83b8 0802 | 0000 0075 | 1749 8990 | 0802 0000 | 49c7 8010 | 0200 0001 
  0x000001eab80e9f18: 0000 00e9 | 2900 0000 | 4983 b818 | 0200 0000 | 7517 4989 | 9018 0200 | 0049 c780 | 2002 0000 
  0x000001eab80e9f38: 0100 0000 | e908 0000 | 0049 8380 | f801 0000 

  0x000001eab80e9f48: ;   {oop(nullptr)}
  0x000001eab80e9f48: 0149 b800 | 0000 0000 | 0000 0048 | 8b94 24e8 | 0000 000f 

  0x000001eab80e9f5c: ;   {optimized virtual_call}
  0x000001eab80e9f5c: 1f40 00e8 

  0x000001eab80e9f60: ; ImmutableOopMap {[232]=Oop }
                      ;*invokevirtual paintImpl {reexecute=0 rethrow=0 return_oop=0}
                      ; - com.sun.javafx.tk.quantum.PresentingPainter::run@37 (line 57)
  0x000001eab80e9f60: fc6e feff 

  0x000001eab80e9f64: ;   {other}
  0x000001eab80e9f64: 0f1f 8400 | d417 0003 

  0x000001eab80e9f6c: ;   {metadata(method data for {method} {0x000001eb119dcc38} 'run' '()V' in 'com/sun/javafx/tk/quantum/PresentingPainter')}
  0x000001eab80e9f6c: 48ba 20ac | f311 eb01 | 0000 4883 | 8230 0200 

  0x000001eab80e9f7c: ;   {metadata(method data for {method} {0x000001eb11d53d68} 'cleanUp' '()V' in 'com/sun/prism/impl/Disposer')}
  0x000001eab80e9f7c: 0001 48ba | 3889 f311 | eb01 0000 | 8bb2 cc00 | 0000 83c6 | 0289 b2cc | 0000 0081 | e6fe ff1f 
  0x000001eab80e9f9c: 0085 f60f | 8484 b400 

  0x000001eab80e9fa4: ;   {oop(a 'java/lang/Class'{0x0000000704d5c128} = 'com/sun/prism/impl/Disposer')}
  0x000001eab80e9fa4: 0048 be28 | c1d5 0407 | 0000 008b | 5670 48c1 | e203 483b | 0248 8bfa 

  0x000001eab80e9fbc: ;   {metadata(method data for {method} {0x000001eb11d53d68} 'cleanUp' '()V' in 'com/sun/prism/impl/Disposer')}
  0x000001eab80e9fbc: 48bb 3889 | f311 eb01 | 0000 4883 | 8310 0100 | 0001 4889 | b424 f000 

  0x000001eab80e9fd4: ;   {optimized virtual_call}
  0x000001eab80e9fd4: 0000 90e8 

  0x000001eab80e9fd8: ; ImmutableOopMap {[232]=Oop [240]=Oop }
                      ;*invokevirtual disposeUnreachables {reexecute=0 rethrow=0 return_oop=0}
                      ; - com.sun.prism.impl.Disposer::cleanUp@3 (line 129)
                      ; - com.sun.javafx.tk.quantum.PresentingPainter::run@40 (line 117)
  0x000001eab80e9fd8: 44f2 feff 

  0x000001eab80e9fdc: ;   {other}
  0x000001eab80e9fdc: 0f1f 8400 | 4c18 0004 | 488b b424 | f000 0000 | 8b76 7048 | c1e6 0348 | 89b4 24f8 | 0000 0048 
  0x000001eab80e9ffc: 3b06 488b 

  0x000001eab80ea000: ;   {metadata(method data for {method} {0x000001eb11d53d68} 'cleanUp' '()V' in 'com/sun/prism/impl/Disposer')}
  0x000001eab80ea000: c649 b838 | 89f3 11eb | 0100 0049 | 8380 4801 | 0000 014c | 8d84 24e8 | 0200 0049 | 8970 0848 
  0x000001eab80ea020: 8b06 4883 | c801 4989 | 00f0 4c0f | b106 0f84 | 1200 0000 | 482b c448 | 2507 f0ff | ff49 8900 
  0x000001eab80ea040: 0f85 0eb4 | 0000 49ff | 8748 0500 

  0x000001eab80ea04c: ;   {metadata(method data for {method} {0x000001eb11d540e0} 'processDisposalQueue' '()V' in 'com/sun/prism/impl/Disposer')}
  0x000001eab80ea04c: 0049 b880 | 8ef3 11eb | 0100 0041 | 8b90 cc00 | 0000 83c2 | 0241 8990 | cc00 0000 | 81e2 feff 
  0x000001eab80ea06c: 1f00 85d2 | 0f84 f1b3 | 0000 6690 | 8b56 1448 | c1e2 0348 | 3b02 4c8b 

  0x000001eab80ea084: ;   {metadata(method data for {method} {0x000001eb11d540e0} 'processDisposalQueue' '()V' in 'com/sun/prism/impl/Disposer')}
  0x000001eab80ea084: c248 bf80 | 8ef3 11eb | 0100 0045 | 8b40 0849 | ba00 0000 | d0ea 0100 | 004d 03c2 | 4c3b 8720 
  0x000001eab80ea0a4: 0100 0075 | 0d48 8387 | 2801 0000 | 01e9 6000 | 0000 4c3b | 8730 0100 | 0075 0d48 | 8387 3801 
  0x000001eab80ea0c4: 0000 01e9 | 4a00 0000 | 4883 bf20 | 0100 0000 | 7517 4c89 | 8720 0100 | 0048 c787 | 2801 0000 
  0x000001eab80ea0e4: 0100 0000 | e929 0000 | 0048 83bf | 3001 0000 | 0075 174c | 8987 3001 | 0000 48c7 | 8738 0100 
  0x000001eab80ea104: 0001 0000 | 00e9 0800 | 0000 4883 | 8710 0100 

  0x000001eab80ea114: ;   {metadata(method data for {method} {0x000001ead005a568} 'isEmpty' '()Z' in 'java/util/AbstractCollection')}
  0x000001eab80ea114: 0001 49b8 | f0cd 3711 | eb01 0000 | 418b b8cc | 0000 0083 | c702 4189 | b8cc 0000 | 0081 e7fe 
  0x000001eab80ea134: ff1f 0085 | ff0f 844e | b300 004c 

  0x000001eab80ea140: ;   {metadata(method data for {method} {0x000001ead005a568} 'isEmpty' '()Z' in 'java/util/AbstractCollection')}
  0x000001eab80ea140: 8bc2 48bf | f0cd 3711 | eb01 0000 | 448b 4210 

  0x000001eab80ea150: ;   {metadata(method data for {method} {0x000001ead005a568} 'isEmpty' '()Z' in 'java/util/AbstractCollection')}
  0x000001eab80ea150: 4585 c049 | b8f0 cd37 | 11eb 0100 | 0048 bf48 | 0100 0000 | 0000 0075 | 0a48 bf58 | 0100 0000 
  0x000001eab80ea170: 0000 0049 | 8b1c 3848 | 8d5b 0149 | 891c 380f | 851c 0000 

  0x000001eab80ea184: ;   {metadata(method data for {method} {0x000001ead005a568} 'isEmpty' '()Z' in 'java/util/AbstractCollection')}
  0x000001eab80ea184: 0049 b8f0 | cd37 11eb | 0100 0041 | ff80 6801 | 0000 41b8 | 0100 0000 | e906 0000 | 0041 b800 
  0x000001eab80ea1a4: 0000 0041 | 83e0 0145 

  0x000001eab80ea1ac: ;   {metadata(method data for {method} {0x000001eb11d540e0} 'processDisposalQueue' '()V' in 'com/sun/prism/impl/Disposer')}
  0x000001eab80ea1ac: 85c0 49b8 | 808e f311 | eb01 0000 | 48bf 4801 | 0000 0000 | 0000 750a | 48bf 5801 | 0000 0000 
  0x000001eab80ea1cc: 0000 498b | 1c38 488d | 5b01 4989 | 1c38 0f85 | 0f03 0000 

  0x000001eab80ea1e0: ;   {metadata(method data for {method} {0x000001eb11d540e0} 'processDisposalQueue' '()V' in 'com/sun/prism/impl/Disposer')}
  0x000001eab80ea1e0: 4c8b c248 | bf80 8ef3 | 11eb 0100 

  0x000001eab80ea1ec: ;   {metadata('java/util/LinkedList')}
  0x000001eab80ea1ec: 0049 ba88 | d005 d1ea | 0100 004c | 8997 7801 | 0000 4883 | 8780 0100 

  0x000001eab80ea204: ;   {metadata(method data for {method} {0x000001eb1113e5d8} 'remove' '()Ljava/lang/Object;' in 'java/util/LinkedList')}
  0x000001eab80ea204: 0001 49b8 | 58fb bb11 | eb01 0000 | 418b b8cc | 0000 0083 | c702 4189 | b8cc 0000 | 0081 e7fe 
  0x000001eab80ea224: ff1f 0085 | ff0f 847f | b200 004c 

  0x000001eab80ea230: ;   {metadata(method data for {method} {0x000001eb1113e5d8} 'remove' '()Ljava/lang/Object;' in 'java/util/LinkedList')}
  0x000001eab80ea230: 8bc2 48bf | 58fb bb11 | eb01 0000 

  0x000001eab80ea23c: ;   {metadata('java/util/LinkedList')}
  0x000001eab80ea23c: 49ba 88d0 | 05d1 ea01 | 0000 4c89 | 9720 0100 | 0048 8387 | 2801 0000 

  0x000001eab80ea254: ;   {metadata(method data for {method} {0x000001eb1113cd10} 'removeFirst' '()Ljava/lang/Object;' in 'java/util/LinkedList')}
  0x000001eab80ea254: 0149 b8e0 | fcbb 11eb | 0100 0041 | 8bb8 cc00 | 0000 83c7 | 0241 89b8 | cc00 0000 | 81e7 feff 
  0x000001eab80ea274: 1f00 85ff | 0f84 51b2 | 0000 448b | 4214 49c1 | e003 4d85 

  0x000001eab80ea288: ;   {metadata(method data for {method} {0x000001eb1113cd10} 'removeFirst' '()Ljava/lang/Object;' in 'java/util/LinkedList')}
  0x000001eab80ea288: c048 bfe0 | fcbb 11eb | 0100 0048 | bb20 0100 | 0000 0000 | 0074 0a48 | bb10 0100 | 0000 0000 
  0x000001eab80ea2a8: 0048 8b04 | 1f48 8d40 | 0148 8904 | 1f0f 843e | 8100 0048 

  0x000001eab80ea2bc: ;   {metadata(method data for {method} {0x000001eb1113cd10} 'removeFirst' '()Ljava/lang/Object;' in 'java/util/LinkedList')}
  0x000001eab80ea2bc: 8bfa 48bb | e0fc bb11 | eb01 0000 | 4883 8340 | 0100 0001 | 0f1f 8000 

  0x000001eab80ea2d4: ;   {optimized virtual_call}
  0x000001eab80ea2d4: 0000 00e8 

  0x000001eab80ea2d8: ; ImmutableOopMap {[232]=Oop [248]=Oop [752]=Oop }
                      ;*invokevirtual unlinkFirst {reexecute=0 rethrow=0 return_oop=0}
                      ; - java.util.LinkedList::removeFirst@19 (line 282)
                      ; - java.util.LinkedList::remove@1 (line 696)
                      ; - com.sun.prism.impl.Disposer::processDisposalQueue@14 (line 184)
                      ; - com.sun.prism.impl.Disposer::cleanUp@9 (line 130)
                      ; - com.sun.javafx.tk.quantum.PresentingPainter::run@40 (line 117)
  0x000001eab80ea2d8: a447 d206 

  0x000001eab80ea2dc: ;   {other}
  0x000001eab80ea2dc: 0f1f 8400 | 4c1b 0005 | 4885 c075 

  0x000001eab80ea2e8: ;   {metadata(method data for {method} {0x000001eb11d540e0} 'processDisposalQueue' '()V' in 'com/sun/prism/impl/Disposer')}
  0x000001eab80ea2e8: 1648 bf80 | 8ef3 11eb | 0100 0080 | 8f99 0100 | 0001 e9e7 

  0x000001eab80ea2fc: ;   {metadata('com/sun/prism/impl/Disposer$Record')}
  0x000001eab80ea2fc: 0000 0048 | bb88 4924 | d1ea 0100 | 008b 7808 | 49ba 0000 | 00d0 ea01 | 0000 4903 | fa48 3b5f 
  0x000001eab80ea31c: 200f 841a | 0000 0048 | 3bfb 0f84 | 1100 0000 

  0x000001eab80ea32c: ;   {runtime_call slow_subtype_check Runtime1 stub}
  0x000001eab80ea32c: 5753 e84d | d4de 065f | 5f85 ff0f | 848d 0000 

  0x000001eab80ea33c: ;   {metadata(method data for {method} {0x000001eb11d540e0} 'processDisposalQueue' '()V' in 'com/sun/prism/impl/Disposer')}
  0x000001eab80ea33c: 0048 bf80 | 8ef3 11eb | 0100 008b | 5808 49ba | 0000 00d0 | ea01 0000 | 4903 da48 | 3b9f b001 
  0x000001eab80ea35c: 0000 750d | 4883 87b8 | 0100 0001 | e979 0000 | 0048 3b9f | c001 0000 | 750d 4883 | 87c8 0100 
  0x000001eab80ea37c: 0001 e963 | 0000 0048 | 83bf b001 | 0000 0075 | 1748 899f | b001 0000 | 48c7 87b8 | 0100 0001 
  0x000001eab80ea39c: 0000 00e9 | 4200 0000 | 4883 bfc0 | 0100 0000 | 7517 4889 | 9fc0 0100 | 0048 c787 | c801 0000 
  0x000001eab80ea3bc: 0100 0000 | e921 0000 | 00e9 1c00 

  0x000001eab80ea3c8: ;   {metadata(method data for {method} {0x000001eb11d540e0} 'processDisposalQueue' '()V' in 'com/sun/prism/impl/Disposer')}
  0x000001eab80ea3c8: 0000 48bf | 808e f311 | eb01 0000 | 4883 afa0 | 0100 0001 | e90f b100 | 00e9 0000 | 0000 488b 
  0x000001eab80ea3e8: d048 3b02 

  0x000001eab80ea3ec: ;   {metadata(method data for {method} {0x000001eb11d540e0} 'processDisposalQueue' '()V' in 'com/sun/prism/impl/Disposer')}
  0x000001eab80ea3ec: 488b f248 | bf80 8ef3 | 11eb 0100 | 008b 7608 | 49ba 0000 | 00d0 ea01 | 0000 4903 | f248 3bb7 
  0x000001eab80ea40c: e801 0000 | 750d 4883 | 87f0 0100 | 0001 e960 | 0000 0048 | 3bb7 f801 | 0000 750d | 4883 8700 
  0x000001eab80ea42c: 0200 0001 | e94a 0000 | 0048 83bf | e801 0000 | 0075 1748 | 89b7 e801 | 0000 48c7 | 87f0 0100 
  0x000001eab80ea44c: 0001 0000 | 00e9 2900 | 0000 4883 | bff8 0100 | 0000 7517 | 4889 b7f8 | 0100 0048 | c787 0002 
  0x000001eab80ea46c: 0000 0100 | 0000 e908 | 0000 0048 | 8387 d801 | 0000 0166 | 0f1f 4400 | 0048 b8ff | ffff ffff 
  0x000001eab80ea48c: ;   {virtual_call}
  0x000001eab80ea48c: ffff ffe8 

  0x000001eab80ea490: ; ImmutableOopMap {[232]=Oop [248]=Oop [752]=Oop }
                      ;*invokeinterface dispose {reexecute=0 rethrow=0 return_oop=0}
                      ; - com.sun.prism.impl.Disposer::processDisposalQueue@20 (line 184)
                      ; - com.sun.prism.impl.Disposer::cleanUp@9 (line 130)
                      ; - com.sun.javafx.tk.quantum.PresentingPainter::run@40 (line 117)
  0x000001eab80ea490: ec48 d206 

  0x000001eab80ea494: ;   {other}
  0x000001eab80ea494: 0f1f 8400 | 041d 0006 

  0x000001eab80ea49c: ;   {metadata(method data for {method} {0x000001eb11d540e0} 'processDisposalQueue' '()V' in 'com/sun/prism/impl/Disposer')}
  0x000001eab80ea49c: 48b8 808e | f311 eb01 | 0000 448b | 80d0 0000 | 0041 83c0 | 0244 8980 | d000 0000 | 4181 e0fe 
  0x000001eab80ea4bc: 3f00 0045 | 85c0 0f84 | 36b0 0000 | 4d8b 9750 

  0x000001eab80ea4cc: ; ImmutableOopMap {[232]=Oop [248]=Oop [752]=Oop }
                      ;*goto {reexecute=1 rethrow=0 return_oop=0}
                      ; - (reexecute) com.sun.prism.impl.Disposer::processDisposalQueue@25 (line 184)
                      ; - com.sun.prism.impl.Disposer::cleanUp@9 (line 130)
                      ; - com.sun.javafx.tk.quantum.PresentingPainter::run@40 (line 117)
                      ;   {poll}
  0x000001eab80ea4cc: 0400 0041 

  0x000001eab80ea4d0: ;   {metadata(method data for {method} {0x000001eb11d540e0} 'processDisposalQueue' '()V' in 'com/sun/prism/impl/Disposer')}
  0x000001eab80ea4d0: 8502 48b8 | 808e f311 | eb01 0000 | ff80 1002 | 0000 488b | b424 f800 | 0000 e989 | fbff ff48 
  0x000001eab80ea4f0: 8d84 24e8 | 0200 004c | 8b00 4d85 | c00f 840f | 0000 0048 | 8b50 08f0 | 4c0f b102 | 0f85 0db0 
  0x000001eab80ea510: 0000 49ff | 8f48 0500 

  0x000001eab80ea518: ;   {metadata(method data for {method} {0x000001eb119dcc38} 'run' '()V' in 'com/sun/javafx/tk/quantum/PresentingPainter')}
  0x000001eab80ea518: 0049 b820 | acf3 11eb | 0100 0041 | ff80 4002 | 0000 488b | 9424 e800 | 0000 448b | 4228 49c1 
  0x000001eab80ea538: e003 493b | 0049 8bf0 

  0x000001eab80ea540: ;   {metadata(method data for {method} {0x000001eb119dcc38} 'run' '()V' in 'com/sun/javafx/tk/quantum/PresentingPainter')}
  0x000001eab80ea540: 48bf 20ac | f311 eb01 

  0x000001eab80ea548: ;   {metadata('com/sun/javafx/tk/quantum/SceneState')}
  0x000001eab80ea548: 0000 49ba | 2030 1ad1 | ea01 0000 | 4c89 97a8 | 0200 0048 | 8387 b002 | 0000 0145 | 8b40 6c49 
  0x000001eab80ea568: c1e0 034d | 85c0 7516 

  0x000001eab80ea570: ;   {metadata(method data for {method} {0x000001eb119dcc38} 'run' '()V' in 'com/sun/javafx/tk/quantum/PresentingPainter')}
  0x000001eab80ea570: 48bf 20ac | f311 eb01 | 0000 808f | c902 0000 | 01e9 ce00 

  0x000001eab80ea584: ;   {metadata('com/sun/javafx/tk/quantum/ViewScene')}
  0x000001eab80ea584: 0000 48bb | 08e4 19d1 | ea01 0000 | 418b 7008 | 49ba 0000 | 00d0 ea01 | 0000 4903 | f248 3bde 
  0x000001eab80ea5a4: 0f85 8e00 

  0x000001eab80ea5a8: ;   {metadata(method data for {method} {0x000001eb119dcc38} 'run' '()V' in 'com/sun/javafx/tk/quantum/PresentingPainter')}
  0x000001eab80ea5a8: 0000 48bf | 20ac f311 | eb01 0000 | 418b 5808 | 49ba 0000 | 00d0 ea01 | 0000 4903 | da48 3b9f 
  0x000001eab80ea5c8: e002 0000 | 750d 4883 | 87e8 0200 | 0001 e979 | 0000 0048 | 3b9f f002 | 0000 750d | 4883 87f8 
  0x000001eab80ea5e8: 0200 0001 | e963 0000 | 0048 83bf | e002 0000 | 0075 1748 | 899f e002 | 0000 48c7 | 87e8 0200 
  0x000001eab80ea608: 0001 0000 | 00e9 4200 | 0000 4883 | bff0 0200 | 0000 7517 | 4889 9ff0 | 0200 0048 | c787 f802 
  0x000001eab80ea628: 0000 0100 | 0000 e921 | 0000 00e9 | 1c00 0000 

  0x000001eab80ea638: ;   {metadata(method data for {method} {0x000001eb119dcc38} 'run' '()V' in 'com/sun/javafx/tk/quantum/PresentingPainter')}
  0x000001eab80ea638: 48bf 20ac | f311 eb01 | 0000 4883 | afd0 0200 | 0001 e9eb | ae00 00e9 | 0000 0000 

  0x000001eab80ea654: ; implicit exception: dispatches to 0x000001eab80f5543
  0x000001eab80ea654: 493b 0049 

  0x000001eab80ea658: ;   {metadata(method data for {method} {0x000001eb119dcc38} 'run' '()V' in 'com/sun/javafx/tk/quantum/PresentingPainter')}
  0x000001eab80ea658: 8bf0 48bf | 20ac f311 | eb01 0000 | 8b76 0849 | ba00 0000 | d0ea 0100 | 0049 03f2 | 483b b718 
  0x000001eab80ea678: 0300 0075 | 0d48 8387 | 2003 0000 | 01e9 6000 | 0000 483b | b728 0300 | 0075 0d48 | 8387 3003 
  0x000001eab80ea698: 0000 01e9 | 4a00 0000 | 4883 bf18 | 0300 0000 | 7517 4889 | b718 0300 | 0048 c787 | 2003 0000 
  0x000001eab80ea6b8: 0100 0000 | e929 0000 | 0048 83bf | 2803 0000 | 0075 1748 | 89b7 2803 | 0000 48c7 | 8730 0300 
  0x000001eab80ea6d8: 0001 0000 | 00e9 0800 | 0000 4883 | 8708 0300 

  0x000001eab80ea6e8: ;   {metadata(method data for {method} {0x000001eb1151dd70} 'setPainting' '(Z)Z' in 'com/sun/javafx/tk/quantum/GlassScene')}
  0x000001eab80ea6e8: 0001 48be | 5810 e611 | eb01 0000 | 8bbe cc00 | 0000 83c7 | 0289 becc | 0000 0081 | e7fe ff1f 
  0x000001eab80ea708: 0085 ff0f | 8437 ae00 | 0041 8b58 | 3848 c1e3 | 0348 3b03 

  0x000001eab80ea71c: ;   {metadata(method data for {method} {0x000001eb1151dd70} 'setPainting' '(Z)Z' in 'com/sun/javafx/tk/quantum/GlassScene')}
  0x000001eab80ea71c: 4c8b c348 | be58 10e6 | 11eb 0100 | 0048 8386 | 1001 0000 

  0x000001eab80ea730: ;   {metadata(method data for {method} {0x000001eb1112f1e0} 'getAndSet' '(Z)Z' in 'java/util/concurrent/atomic/AtomicBoolean')}
  0x000001eab80ea730: 0149 b8b0 | 9eba 11eb | 0100 0041 | 8bb0 cc00 | 0000 83c6 | 0241 89b0 | cc00 0000 | 81e6 feff 
  0x000001eab80ea750: 1f00 85f6 | 0f84 14ae 

  0x000001eab80ea758: ;   {metadata(method data for {method} {0x000001eb1112f1e0} 'getAndSet' '(Z)Z' in 'java/util/concurrent/atomic/AtomicBoolean')}
  0x000001eab80ea758: 0000 49b8 | b09e ba11 | eb01 0000 | 41ff 8010 

  0x000001eab80ea768: ;   {metadata(method data for {method} {0x000001ead0157d50} 'guard_LI_I' '(Ljava/lang/invoke/VarHandle;Ljava/lang/Object;ILjava/lang/invoke/VarHandle$AccessDescriptor;)I' in 'java/lang/invoke/VarHandleGuards')}
  0x000001eab80ea768: 0100 0049 | b8a8 5305 | 11eb 0100 | 004d 8d80 | d803 0000 

  0x000001eab80ea77c: ;   {oop(a 'java/lang/invoke/VarHandleInts$FieldInstanceReadWrite'{0x000000070458d6d0})}
  0x000001eab80ea77c: 48be d0d6 | 5804 0700 | 0000 4885 | f675 0b41 | f600 0175 | 05f0 4983 

  0x000001eab80ea794: ;   {metadata(method data for {method} {0x000001eb1112f1e0} 'getAndSet' '(Z)Z' in 'java/util/concurrent/atomic/AtomicBoolean')}
  0x000001eab80ea794: 0801 49b8 | b09e ba11 | eb01 0000 | 4983 8048 | 0100 0001 

  0x000001eab80ea7a8: ;   {metadata(method data for {method} {0x000001ead0157d50} 'guard_LI_I' '(Ljava/lang/invoke/VarHandle;Ljava/lang/Object;ILjava/lang/invoke/VarHandle$AccessDescriptor;)I' in 'java/lang/invoke/VarHandleGuards')}
  0x000001eab80ea7a8: 49b8 a853 | 0511 eb01 | 0000 418b | b8cc 0000 | 0083 c702 | 4189 b8cc | 0000 0081 | e7fe ff1f 
  0x000001eab80ea7c8: 0085 ff0f | 84be ad00 

  0x000001eab80ea7d0: ;   {metadata(method data for {method} {0x000001ead0157d50} 'guard_LI_I' '(Ljava/lang/invoke/VarHandle;Ljava/lang/Object;ILjava/lang/invoke/VarHandle$AccessDescriptor;)I' in 'java/lang/invoke/VarHandleGuards')}
  0x000001eab80ea7d0: 0049 b8a8 | 5305 11eb | 0100 004d | 8d80 4801 

  0x000001eab80ea7e0: ;   {oop(a 'java/lang/invoke/VarHandle$AccessDescriptor'{0x000000070444d1c0})}
  0x000001eab80ea7e0: 0000 48bf | c0d1 4404 | 0700 0000 | 4885 ff75 | 0d41 f640 | 0801 7506 | f049 8348 

  0x000001eab80ea7fc: ;   {metadata(method data for {method} {0x000001ead0157d50} 'guard_LI_I' '(Ljava/lang/invoke/VarHandle;Ljava/lang/Object;ILjava/lang/invoke/VarHandle$AccessDescriptor;)I' in 'java/lang/invoke/VarHandleGuards')}
  0x000001eab80ea7fc: 0801 49b8 | a853 0511 | eb01 0000 | 8b76 0849 | ba00 0000 | d0ea 0100 | 0049 03f2 | 493b b020 
  0x000001eab80ea81c: 0100 0075 | 0d49 8380 | 2801 0000 | 01e9 6000 | 0000 493b | b030 0100 | 0075 0d49 | 8380 3801 
  0x000001eab80ea83c: 0000 01e9 | 4a00 0000 | 4983 b820 | 0100 0000 | 7517 4989 | b020 0100 | 0049 c780 | 2801 0000 
  0x000001eab80ea85c: 0100 0000 | e929 0000 | 0049 83b8 | 3001 0000 | 0075 1749 | 89b0 3001 | 0000 49c7 | 8038 0100 
  0x000001eab80ea87c: 0001 0000 | 00e9 0800 | 0000 4983 | 8010 0100 

  0x000001eab80ea88c: ;   {metadata(method data for {method} {0x000001ead0093f08} 'checkAccessModeThenIsDirect' '(Ljava/lang/invoke/VarHandle$AccessDescriptor;)Z' in 'java/lang/invoke/VarHandle')}
  0x000001eab80ea88c: 0001 49b8 | 9857 0511 | eb01 0000 | 418b b0cc | 0000 0083 | c602 4189 | b0cc 0000 | 0081 e6fe 
  0x000001eab80ea8ac: ff1f 0085 | f60f 84f9 

  0x000001eab80ea8b4: ;   {metadata(method data for {method} {0x000001ead0093f08} 'checkAccessModeThenIsDirect' '(Ljava/lang/invoke/VarHandle$AccessDescriptor;)Z' in 'java/lang/invoke/VarHandle')}
  0x000001eab80ea8b4: ac00 0049 | b898 5705 | 11eb 0100 | 0041 ff80 | 1001 0000 

  0x000001eab80ea8c8: ;   {metadata(method data for {method} {0x000001ead0157d50} 'guard_LI_I' '(Ljava/lang/invoke/VarHandle;Ljava/lang/Object;ILjava/lang/invoke/VarHandle$AccessDescriptor;)I' in 'java/lang/invoke/VarHandleGuards')}
  0x000001eab80ea8c8: 49b8 a853 | 0511 eb01 | 0000 41ff | 8070 0100 

  0x000001eab80ea8d8: ;   {metadata(method data for {method} {0x000001ead0157d50} 'guard_LI_I' '(Ljava/lang/invoke/VarHandle;Ljava/lang/Object;ILjava/lang/invoke/VarHandle$AccessDescriptor;)I' in 'java/lang/invoke/VarHandleGuards')}
  0x000001eab80ea8d8: 0049 b8a8 | 5305 11eb | 0100 0041 | ff80 9001 

  0x000001eab80ea8e8: ;   {oop(a 'java/lang/invoke/VarForm'{0x00000007045949a0})}
  0x000001eab80ea8e8: 0000 49b8 | a049 5904 | 0700 0000 

  0x000001eab80ea8f4: ;   {metadata(method data for {method} {0x000001ead0157d50} 'guard_LI_I' '(Ljava/lang/invoke/VarHandle;Ljava/lang/Object;ILjava/lang/invoke/VarHandle$AccessDescriptor;)I' in 'java/lang/invoke/VarHandleGuards')}
  0x000001eab80ea8f4: 48be a853 | 0511 eb01 | 0000 4883 | 86a0 0100 

  0x000001eab80ea904: ;   {metadata(method data for {method} {0x000001ead0155cf0} 'getMemberName' '(I)Ljava/lang/invoke/MemberName;' in 'java/lang/invoke/VarForm')}
  0x000001eab80ea904: 0001 49b8 | c863 0511 | eb01 0000 | 418b b0cc | 0000 0083 | c602 4189 | b0cc 0000 | 0081 e6fe 
  0x000001eab80ea924: ff1f 0085 | f60f 84a2 

  0x000001eab80ea92c: ;   {metadata(method data for {method} {0x000001ead0155cf0} 'getMemberName' '(I)Ljava/lang/invoke/MemberName;' in 'java/lang/invoke/VarForm')}
  0x000001eab80ea92c: ac00 0049 | b8c8 6305 | 11eb 0100 | 0041 ff80 | 1001 0000 

  0x000001eab80ea940: ;   {metadata(method data for {method} {0x000001ead0157d50} 'guard_LI_I' '(Ljava/lang/invoke/VarHandle;Ljava/lang/Object;ILjava/lang/invoke/VarHandle$AccessDescriptor;)I' in 'java/lang/invoke/VarHandleGuards')}
  0x000001eab80ea940: 49b8 a853 | 0511 eb01 | 0000 4d8d | 80d8 0100 

  0x000001eab80ea950: ;   {oop(a 'java/lang/invoke/MemberName'{0x0000000704594de0} = {method} {0x000001eb110e9768} 'getAndSet' '(Ljava/lang/invoke/VarHandle;Ljava/lang/Object;I)I' in 'java/lang/invoke/VarHandleInts$FieldInstanceReadWrite')}
  0x000001eab80ea950: 0048 bee0 | 4d59 0407 | 0000 0048 | 85f6 750b | 41f6 0001 | 7505 f049 

  0x000001eab80ea968: ;   {metadata(method data for {method} {0x000001ead0157d50} 'guard_LI_I' '(Ljava/lang/invoke/VarHandle;Ljava/lang/Object;ILjava/lang/invoke/VarHandle$AccessDescriptor;)I' in 'java/lang/invoke/VarHandleGuards')}
  0x000001eab80ea968: 8308 0149 | b8a8 5305 | 11eb 0100 | 004d 8d80 | f801 0000 

  0x000001eab80ea97c: ;   {oop(a 'java/lang/invoke/VarHandleInts$FieldInstanceReadWrite'{0x000000070458d6d0})}
  0x000001eab80ea97c: 48be d0d6 | 5804 0700 | 0000 4885 | f675 0d41 | f640 0801 | 7506 f049 | 8348 0801 

  0x000001eab80ea998: ;   {metadata(method data for {method} {0x000001ead0157d50} 'guard_LI_I' '(Ljava/lang/invoke/VarHandle;Ljava/lang/Object;ILjava/lang/invoke/VarHandle$AccessDescriptor;)I' in 'java/lang/invoke/VarHandleGuards')}
  0x000001eab80ea998: 49b8 a853 | 0511 eb01 | 0000 4983 | 80e8 0100 

  0x000001eab80ea9a8: ;   {metadata(method data for {method} {0x000001eb110e9768} 'getAndSet' '(Ljava/lang/invoke/VarHandle;Ljava/lang/Object;I)I' in 'java/lang/invoke/VarHandleInts$FieldInstanceReadWrite')}
  0x000001eab80ea9a8: 0001 49b8 | c8a0 ba11 | eb01 0000 | 418b b0cc | 0000 0083 | c602 4189 | b0cc 0000 | 0081 e6fe 
  0x000001eab80ea9c8: ff1f 0085 | f60f 841f 

  0x000001eab80ea9d0: ;   {oop(a 'java/lang/Class'{0x000000070458d6f8} = 'java/util/concurrent/atomic/AtomicBoolean')}
  0x000001eab80ea9d0: ac00 0049 | b8f8 d658 | 0407 0000 

  0x000001eab80ea9dc: ;   {metadata(method data for {method} {0x000001eb110e9768} 'getAndSet' '(Ljava/lang/invoke/VarHandle;Ljava/lang/Object;I)I' in 'java/lang/invoke/VarHandleInts$FieldInstanceReadWrite')}
  0x000001eab80ea9dc: 0048 bec8 | a0ba 11eb | 0100 0048 | 8386 4801 

  0x000001eab80ea9ec: ;   {metadata(method data for {method} {0x000001ead046e870} 'cast' '(Ljava/lang/Object;)Ljava/lang/Object;' in 'java/lang/Class')}
  0x000001eab80ea9ec: 0000 0149 | b8e8 7713 | 11eb 0100 | 0041 8bb0 | cc00 0000 | 83c6 0241 | 89b0 cc00 | 0000 81e6 
  0x000001eab80eaa0c: feff 1f00 | 85f6 0f84 | fbab 0000 

  0x000001eab80eaa18: ;   {metadata(method data for {method} {0x000001ead046e870} 'cast' '(Ljava/lang/Object;)Ljava/lang/Object;' in 'java/lang/Class')}
  0x000001eab80eaa18: 4885 db49 | b8e8 7713 | 11eb 0100 | 0048 be10 | 0100 0000 | 0000 0074 | 0a48 be20 | 0100 0000 
  0x000001eab80eaa38: 0000 0049 | 8b3c 3048 | 8d7f 0149 | 893c 300f | 8492 0000 

  0x000001eab80eaa4c: ;   {oop(a 'java/lang/Class'{0x000000070458d6f8} = 'java/util/concurrent/atomic/AtomicBoolean')}
  0x000001eab80eaa4c: 0049 b8f8 | d658 0407 

  0x000001eab80eaa54: ;   {metadata(method data for {method} {0x000001ead046e870} 'cast' '(Ljava/lang/Object;)Ljava/lang/Object;' in 'java/lang/Class')}
  0x000001eab80eaa54: 0000 0048 | bee8 7713 | 11eb 0100 | 0048 8386 | 3001 0000 | 0148 85db | 0f84 2900 

  0x000001eab80eaa70: ;   {metadata('java/util/concurrent/atomic/AtomicBoolean')}
  0x000001eab80eaa70: 0000 48b8 | 50ac 05d1 | ea01 0000 | 8b7b 0849 | ba00 0000 | d0ea 0100 | 0049 03fa | 483b 4738 
  0x000001eab80eaa90: 0f85 0500 | 0000 e905 | 0000 004d | 33c0 eb0a | 49b8 0100 | 0000 0000 | 0000 4585 

  0x000001eab80eaaac: ;   {metadata(method data for {method} {0x000001ead046e870} 'cast' '(Ljava/lang/Object;)Ljava/lang/Object;' in 'java/lang/Class')}
  0x000001eab80eaaac: c049 b8e8 | 7713 11eb | 0100 0048 | be78 0100 | 0000 0000 | 0074 0a48 | be68 0100 | 0000 0000 
  0x000001eab80eaacc: 0049 8b3c | 3048 8d7f | 0149 893c | 300f 8442 

  0x000001eab80eaadc: ;   {metadata(method data for {method} {0x000001eb110e9768} 'getAndSet' '(Ljava/lang/invoke/VarHandle;Ljava/lang/Object;I)I' in 'java/lang/invoke/VarHandleInts$FieldInstanceReadWrite')}
  0x000001eab80eaadc: 7800 0049 | b8c8 a0ba | 11eb 0100 | 0049 8380 | 8001 0000 

  0x000001eab80eaaf0: ;   {metadata(method data for {method} {0x000001ead00564a0} 'requireNonNull' '(Ljava/lang/Object;)Ljava/lang/Object;' in 'java/util/Objects')}
  0x000001eab80eaaf0: 0149 b8e0 | 3b01 11eb | 0100 0041 | 8bb0 cc00 | 0000 83c6 | 0241 89b0 | cc00 0000 | 81e6 feff 
  0x000001eab80eab10: 1f00 85f6 | 0f84 1aab | 0000 4885 

  0x000001eab80eab1c: ;   {metadata(method data for {method} {0x000001ead00564a0} 'requireNonNull' '(Ljava/lang/Object;)Ljava/lang/Object;' in 'java/util/Objects')}
  0x000001eab80eab1c: db49 b8e0 | 3b01 11eb | 0100 0048 | be20 0100 | 0000 0000 | 0074 0a48 | be10 0100 | 0000 0000 
  0x000001eab80eab3c: 0049 8b3c | 3048 8d7f | 0149 893c | 300f 8435 | 7700 004c | 8d43 0cbe | 0000 0000 | 4187 3085 
  0x000001eab80eab5c: ;   {metadata(method data for {method} {0x000001eb1112f1e0} 'getAndSet' '(Z)Z' in 'java/util/concurrent/atomic/AtomicBoolean')}
  0x000001eab80eab5c: f649 b8b0 | 9eba 11eb | 0100 0048 | be98 0100 | 0000 0000 | 0074 0a48 | bea8 0100 | 0000 0000 
  0x000001eab80eab7c: 0049 8b3c | 3048 8d7f | 0149 893c | 300f 841c 

  0x000001eab80eab8c: ;   {metadata(method data for {method} {0x000001eb1112f1e0} 'getAndSet' '(Z)Z' in 'java/util/concurrent/atomic/AtomicBoolean')}
  0x000001eab80eab8c: 0000 0049 | b8b0 9eba | 11eb 0100 | 0041 ff80 | b801 0000 | 41b8 0100 | 0000 e906 | 0000 0041 
  0x000001eab80eabac: b800 0000 | 0041 83e0 | 0141 83e0 | 0144 8b42 | 3049 c1e0 | 034d 85c0 

  0x000001eab80eabc4: ;   {metadata(method data for {method} {0x000001eb119dcc38} 'run' '()V' in 'com/sun/javafx/tk/quantum/PresentingPainter')}
  0x000001eab80eabc4: 48ba 20ac | f311 eb01 | 0000 48be | 4003 0000 | 0000 0000 | 740a 48be | 5003 0000 | 0000 0000 
  0x000001eab80eabe4: 488b 3c32 | 488d 7f01 | 4889 3c32 | 0f84 3601 | 0000 4d85 | c00f 842a 

  0x000001eab80eabfc: ;   {metadata('com/sun/prism/d3d/D3DResourceFactory')}
  0x000001eab80eabfc: 0000 0048 | bb50 d102 | d1ea 0100 | 0041 8b78 | 0849 ba00 | 0000 d0ea | 0100 0049 | 03fa 483b 
  0x000001eab80eac1c: 5f48 0f85 | 31aa 0000 | e900 0000 | 0049 8bd0 

  0x000001eab80eac2c: ; implicit exception: dispatches to 0x000001eab80f565a
                      ;   {metadata(method data for {method} {0x000001eb119dcc38} 'run' '()V' in 'com/sun/javafx/tk/quantum/PresentingPainter')}
  0x000001eab80eac2c: 493b 0048 | ba20 acf3 | 11eb 0100 

  0x000001eab80eac38: ;   {metadata('com/sun/prism/d3d/D3DResourceFactory')}
  0x000001eab80eac38: 0049 ba50 | d102 d1ea | 0100 004c | 8992 7003 | 0000 4883 | 8278 0300 

  0x000001eab80eac50: ;   {metadata(method data for {method} {0x000001eb1150e910} 'getTextureResourcePool' '()Lcom/sun/prism/impl/TextureResourcePool;' in 'com/sun/prism/d3d/D3DResourceFactory')}
  0x000001eab80eac50: 0001 49b8 | 5093 f311 | eb01 0000 | 418b 90cc | 0000 0083 | c202 4189 | 90cc 0000 | 0081 e2fe 
  0x000001eab80eac70: ff1f 0085 | d20f 84e4 

  0x000001eab80eac78: ;   {oop(a 'com/sun/prism/d3d/D3DVramPool'{0x0000000704d175f8})}
  0x000001eab80eac78: a900 0048 | baf8 75d1 | 0407 0000 | 004c 8bc2 

  0x000001eab80eac88: ;   {metadata(method data for {method} {0x000001eb119dcc38} 'run' '()V' in 'com/sun/javafx/tk/quantum/PresentingPainter')}
  0x000001eab80eac88: 48be 20ac | f311 eb01 | 0000 458b | 4008 49ba | 0000 00d0 | ea01 0000 | 4d03 c24c | 3b86 a803 
  0x000001eab80eaca8: 0000 750d | 4883 86b0 | 0300 0001 | e960 0000 | 004c 3b86 | b803 0000 | 750d 4883 | 86c0 0300 
  0x000001eab80eacc8: 0001 e94a | 0000 0048 | 83be a803 | 0000 0075 | 174c 8986 | a803 0000 | 48c7 86b0 | 0300 0001 
  0x000001eab80eace8: 0000 00e9 | 2900 0000 | 4883 beb8 | 0300 0000 | 7517 4c89 | 86b8 0300 | 0048 c786 | c003 0000 
  0x000001eab80ead08: 0100 0000 | e908 0000 | 0048 8386 | 9803 0000 | 0141 b800 

  0x000001eab80ead1c: ;   {optimized virtual_call}
  0x000001eab80ead1c: 0000 00e8 

  0x000001eab80ead20: ; ImmutableOopMap {}
                      ;*invokeinterface freeDisposalRequestedAndCheckResources {reexecute=0 rethrow=0 return_oop=0}
                      ; - com.sun.javafx.tk.quantum.PresentingPainter::run@90 (line 127)
  0x000001eab80ead20: bc3d 6f07 

  0x000001eab80ead24: ;   {other}
  0x000001eab80ead24: 0f1f 8400 | 9425 0008 

  0x000001eab80ead2c: ;   {oop(a 'java/util/concurrent/locks/ReentrantLock'{0x000000070494c798})}
  0x000001eab80ead2c: 49b8 98c7 | 9404 0700 | 0000 498b 

  0x000001eab80ead38: ;   {metadata(method data for {method} {0x000001eb119dcc38} 'run' '()V' in 'com/sun/javafx/tk/quantum/PresentingPainter')}
  0x000001eab80ead38: d048 be20 | acf3 11eb | 0100 008b | 5208 49ba | 0000 00d0 | ea01 0000 | 4903 d248 | 3b96 e003 
  0x000001eab80ead58: 0000 750d | 4883 86e8 | 0300 0001 | e960 0000 | 0048 3b96 | f003 0000 | 750d 4883 | 86f8 0300 
  0x000001eab80ead78: 0001 e94a | 0000 0048 | 83be e003 | 0000 0075 | 1748 8996 | e003 0000 | 48c7 86e8 | 0300 0001 
  0x000001eab80ead98: 0000 00e9 | 2900 0000 | 4883 bef0 | 0300 0000 | 7517 4889 | 96f0 0300 | 0048 c786 | f803 0000 
  0x000001eab80eadb8: 0100 0000 | e908 0000 | 0048 8386 | d003 0000 

  0x000001eab80eadc8: ;   {metadata(method data for {method} {0x000001ead017ee20} 'unlock' '()V' in 'java/util/concurrent/locks/ReentrantLock')}
  0x000001eab80eadc8: 0148 bae0 | 6113 11eb | 0100 008b | b2cc 0000 | 0083 c602 | 89b2 cc00 | 0000 81e6 | feff 1f00 
  0x000001eab80eade8: 85f6 0f84 | 90a8 0000 | 418b 700c | 48c1 e603 

  0x000001eab80eadf8: ; implicit exception: dispatches to 0x000001eab80f56a1
  0x000001eab80eadf8: 483b 064c 

  0x000001eab80eadfc: ;   {metadata(method data for {method} {0x000001ead017ee20} 'unlock' '()V' in 'java/util/concurrent/locks/ReentrantLock')}
  0x000001eab80eadfc: 8bc6 48ba | e061 1311 | eb01 0000 | 4883 8210 | 0100 0001 

  0x000001eab80eae10: ;   {metadata(method data for {method} {0x000001ead01b01a8} 'release' '(I)Z' in 'java/util/concurrent/locks/AbstractQueuedSynchronizer')}
  0x000001eab80eae10: 49b8 6863 | 1311 eb01 | 0000 418b | 90cc 0000 | 0083 c202 | 4189 90cc | 0000 0081 | e2fe ff1f 
  0x000001eab80eae30: 0085 d20f | 846d a800 | 004c 8bc6 

  0x000001eab80eae3c: ;   {metadata(method data for {method} {0x000001ead01b01a8} 'release' '(I)Z' in 'java/util/concurrent/locks/AbstractQueuedSynchronizer')}
  0x000001eab80eae3c: 48ba 6863 | 1311 eb01 | 0000 458b | 4008 49ba | 0000 00d0 | ea01 0000 | 4d03 c24c | 3b82 2001 
  0x000001eab80eae5c: 0000 750d | 4883 8228 | 0100 0001 | e960 0000 | 004c 3b82 | 3001 0000 | 750d 4883 | 8238 0100 
  0x000001eab80eae7c: 0001 e94a | 0000 0048 | 83ba 2001 | 0000 0075 | 174c 8982 | 2001 0000 | 48c7 8228 | 0100 0001 
  0x000001eab80eae9c: 0000 00e9 | 2900 0000 | 4883 ba30 | 0100 0000 | 7517 4c89 | 8230 0100 | 0048 c782 | 3801 0000 
  0x000001eab80eaebc: 0100 0000 | e908 0000 | 0048 8382 | 1001 0000 | 0141 b801 | 0000 0048 | 8bd6 4889 | b424 0001 
  0x000001eab80eaedc: ;   {optimized virtual_call}
  0x000001eab80eaedc: 0000 90e8 

  0x000001eab80eaee0: ; ImmutableOopMap {[256]=Oop }
                      ;*invokevirtual tryRelease {reexecute=0 rethrow=0 return_oop=0}
                      ; - java.util.concurrent.locks.AbstractQueuedSynchronizer::release@2 (line 1059)
                      ; - java.util.concurrent.locks.ReentrantLock::unlock@5 (line 494)
                      ; - com.sun.javafx.tk.quantum.PresentingPainter::run@98 (line 130)
  0x000001eab80eaee0: 3c58 4807 

  0x000001eab80eaee4: ;   {other}
  0x000001eab80eaee4: 0f1f 8400 | 5427 0009 

  0x000001eab80eaeec: ;   {metadata(method data for {method} {0x000001ead01b01a8} 'release' '(I)Z' in 'java/util/concurrent/locks/AbstractQueuedSynchronizer')}
  0x000001eab80eaeec: 85c0 48ba | 6863 1311 | eb01 0000 | 48be 4801 | 0000 0000 | 0000 740a | 48be 5801 | 0000 0000 
  0x000001eab80eaf0c: 0000 488b | 3c32 488d | 7f01 4889 | 3c32 0f84 | 5000 0000 | 488b b424 | 0001 0000 | 8b56 1448 
  0x000001eab80eaf2c: ;   {metadata(method data for {method} {0x000001ead01b01a8} 'release' '(I)Z' in 'java/util/concurrent/locks/AbstractQueuedSynchronizer')}
  0x000001eab80eaf2c: c1e2 0348 | be68 6313 | 11eb 0100 | 0048 8386 | 6801 0000 | 0166 0f1f 

  0x000001eab80eaf44: ;   {static_call}
  0x000001eab80eaf44: 4400 00e8 

  0x000001eab80eaf48: ; ImmutableOopMap {}
                      ;*invokestatic signalNext {reexecute=0 rethrow=0 return_oop=0}
                      ; - java.util.concurrent.locks.AbstractQueuedSynchronizer::release@12 (line 1060)
                      ; - java.util.concurrent.locks.ReentrantLock::unlock@5 (line 494)
                      ; - com.sun.javafx.tk.quantum.PresentingPainter::run@98 (line 130)
  0x000001eab80eaf48: 544f 4807 

  0x000001eab80eaf4c: ;   {other}
  0x000001eab80eaf4c: 0f1f 8400 | bc27 000a | 41b8 0100 | 0000 4881 | c400 0300 

  0x000001eab80eaf60: ;   {poll_return}
  0x000001eab80eaf60: 005d 493b | a748 0400 | 000f 8758 | a700 00c3 | 41b8 0000 | 0000 4881 | c400 0300 

  0x000001eab80eaf7c: ;   {poll_return}
  0x000001eab80eaf7c: 005d 493b | a748 0400 | 000f 8752 | a700 00c3 | 488b 9424 | e800 0000 | 8b72 2848 | c1e6 0348 
  0x000001eab80eaf9c: 89b4 2408 | 0100 0048 | 3b06 4c8b 

  0x000001eab80eafa8: ;   {metadata(method data for {method} {0x000001eb119dcc38} 'run' '()V' in 'com/sun/javafx/tk/quantum/PresentingPainter')}
  0x000001eab80eafa8: c648 bf20 | acf3 11eb | 0100 0045 | 8b40 0849 | ba00 0000 | d0ea 0100 | 004d 03c2 | 4c3b 8718 
  0x000001eab80eafc8: 0400 0075 | 0d48 8387 | 2004 0000 | 01e9 6000 | 0000 4c3b | 8728 0400 | 0075 0d48 | 8387 3004 
  0x000001eab80eafe8: 0000 01e9 | 4a00 0000 | 4883 bf18 | 0400 0000 | 7517 4c89 | 8718 0400 | 0048 c787 | 2004 0000 
  0x000001eab80eb008: 0100 0000 | e929 0000 | 0048 83bf | 2804 0000 | 0075 174c | 8987 2804 | 0000 48c7 | 8730 0400 
  0x000001eab80eb028: 0001 0000 | 00e9 0800 | 0000 4883 | 8708 0400 

  0x000001eab80eb038: ;   {metadata(method data for {method} {0x000001eb119e2928} 'lock' '()V' in 'com/sun/prism/PresentableState')}
  0x000001eab80eb038: 0001 49b8 | 00c1 f311 | eb01 0000 | 418b b8cc | 0000 0083 | c702 4189 | b8cc 0000 | 0081 e7fe 
  0x000001eab80eb058: ff1f 0085 | ff0f 8495 | a600 008b | 5e68 48c1 | e303 4885 

  0x000001eab80eb06c: ;   {metadata(method data for {method} {0x000001eb119e2928} 'lock' '()V' in 'com/sun/prism/PresentableState')}
  0x000001eab80eb06c: db49 b800 | c1f3 11eb | 0100 0048 | bf10 0100 | 0000 0000 | 0074 0a48 | bf20 0100 | 0000 0000 
  0x000001eab80eb08c: 0049 8b04 | 3848 8d40 | 0149 8904 | 380f 8483 | 0200 0048 | 3b03 4c8b 

  0x000001eab80eb0a4: ;   {metadata(method data for {method} {0x000001eb119e2928} 'lock' '()V' in 'com/sun/prism/PresentableState')}
  0x000001eab80eb0a4: c348 bf00 | c1f3 11eb | 0100 0045 | 8b40 0849 | ba00 0000 | d0ea 0100 | 004d 03c2 | 4c3b 8740 
  0x000001eab80eb0c4: 0100 0075 | 0d48 8387 | 4801 0000 | 01e9 6000 | 0000 4c3b | 8750 0100 | 0075 0d48 | 8387 5801 
  0x000001eab80eb0e4: 0000 01e9 | 4a00 0000 | 4883 bf40 | 0100 0000 | 7517 4c89 | 8740 0100 | 0048 c787 | 4801 0000 
  0x000001eab80eb104: 0100 0000 | e929 0000 | 0048 83bf | 5001 0000 | 0075 174c | 8987 5001 | 0000 48c7 | 8758 0100 
  0x000001eab80eb124: 0001 0000 | 00e9 0800 | 0000 4883 | 8730 0100 

  0x000001eab80eb134: ;   {metadata(method data for {method} {0x000001eb1153f708} 'lock' '()V' in 'com/sun/glass/ui/View')}
  0x000001eab80eb134: 0001 49b8 | e039 f311 | eb01 0000 | 418b b8cc | 0000 0083 | c702 4189 | b8cc 0000 | 0081 e7fe 
  0x000001eab80eb154: ff1f 0085 | ff0f 84bf | a500 004c 

  0x000001eab80eb160: ;   {metadata(method data for {method} {0x000001eb1153f708} 'lock' '()V' in 'com/sun/glass/ui/View')}
  0x000001eab80eb160: 8bc3 48bf | e039 f311 | eb01 0000 | 4883 8710 | 0100 0001 

  0x000001eab80eb174: ;   {metadata(method data for {method} {0x000001eb1153d880} 'checkNotClosed' '()V' in 'com/sun/glass/ui/View')}
  0x000001eab80eb174: 49b8 c0d9 | e411 eb01 | 0000 418b | b8cc 0000 | 0083 c702 | 4189 b8cc | 0000 0081 | e7fe ff1f 
  0x000001eab80eb194: 0085 ff0f | 84a2 a500 | 00c5 fb10 | 4310 c4c1 | f97e c049 

  0x000001eab80eb1a8: ;   {metadata(method data for {method} {0x000001eb1153d880} 'checkNotClosed' '()V' in 'com/sun/glass/ui/View')}
  0x000001eab80eb1a8: 83f8 0049 | b8c0 d9e4 | 11eb 0100 | 0048 bf20 | 0100 0000 | 0000 0074 | 0a48 bf10 | 0100 0000 
  0x000001eab80eb1c8: 0000 0049 | 8b04 3848 | 8d40 0149 | 8904 380f | 84e7 6f00 | 00c5 fb10 | 4310 c4c1 | f97e c048 
  0x000001eab80eb1e8: ;   {metadata(method data for {method} {0x000001eb1153f708} 'lock' '()V' in 'com/sun/glass/ui/View')}
  0x000001eab80eb1e8: 8bfb 48b8 | e039 f311 | eb01 0000 | 4883 8060 | 0100 0001 

  0x000001eab80eb1fc: ;   {optimized virtual_call}
  0x000001eab80eb1fc: 488b d3e8 

  0x000001eab80eb200: ; ImmutableOopMap {[232]=Oop [264]=Oop }
                      ;*invokevirtual _begin {reexecute=0 rethrow=0 return_oop=0}
                      ; - com.sun.glass.ui.View::lock@9 (line 737)
                      ; - com.sun.prism.PresentableState::lock@11 (line 285)
                      ; - com.sun.javafx.tk.quantum.PresentingPainter::run@106 (line 65)
  0x000001eab80eb200: bcbe 5a07 

  0x000001eab80eb204: ;   {other}
  0x000001eab80eb204: 0f1f 8400 | 742a 000b | 488b b424 | 0801 0000 | 8b56 6848 | c1e2 0348 | 3b02 488b 

  0x000001eab80eb220: ;   {metadata(method data for {method} {0x000001eb119e2928} 'lock' '()V' in 'com/sun/prism/PresentableState')}
  0x000001eab80eb220: fa48 bb00 | c1f3 11eb | 0100 008b | 7f08 49ba | 0000 00d0 | ea01 0000 | 4903 fa48 | 3bbb 7801 
  0x000001eab80eb240: 0000 750d | 4883 8380 | 0100 0001 | e960 0000 | 0048 3bbb | 8801 0000 | 750d 4883 | 8390 0100 
  0x000001eab80eb260: 0001 e94a | 0000 0048 | 83bb 7801 | 0000 0075 | 1748 89bb | 7801 0000 | 48c7 8380 | 0100 0001 
  0x000001eab80eb280: 0000 00e9 | 2900 0000 | 4883 bb88 | 0100 0000 | 7517 4889 | bb88 0100 | 0048 c783 | 9001 0000 
  0x000001eab80eb2a0: 0100 0000 | e908 0000 | 0048 8383 | 6801 0000 

  0x000001eab80eb2b0: ;   {metadata(method data for {method} {0x000001eb1153f970} 'getNativeFrameBuffer' '()I' in 'com/sun/glass/ui/View')}
  0x000001eab80eb2b0: 0148 bfe0 | c2f3 11eb | 0100 008b | 9fcc 0000 | 0083 c302 | 899f cc00 | 0000 81e3 | feff 1f00 
  0x000001eab80eb2d0: 85db 0f84 | 8da4 0000 | c5fb 1042 | 10c4 e1f9 

  0x000001eab80eb2e0: ;   {metadata(method data for {method} {0x000001eb1153f970} 'getNativeFrameBuffer' '()I' in 'com/sun/glass/ui/View')}
  0x000001eab80eb2e0: 7ec7 48bf | e0c2 f311 | eb01 0000 | 4883 8710 | 0100 0001 

  0x000001eab80eb2f4: ;   {metadata(method data for {method} {0x000001eb11541e40} '_getNativeFrameBuffer' '(J)I' in 'com/sun/glass/ui/win/WinView')}
  0x000001eab80eb2f4: 48ba 68c4 | f311 eb01 | 0000 8bba | cc00 0000 | 83c7 0289 | bacc 0000 | 0081 e7fe | ff1f 0085 
  0x000001eab80eb314: ff0f 846b | a400 00c7 | 460c 0000 | 0000 488b | 9424 e800 | 0000 8b72 | 3048 c1e6 | 0348 85f6 
  0x000001eab80eb334: ;   {metadata(method data for {method} {0x000001eb119dcc38} 'run' '()V' in 'com/sun/javafx/tk/quantum/PresentingPainter')}
  0x000001eab80eb334: 48be 20ac | f311 eb01 | 0000 48bf | 5004 0000 | 0000 0000 | 740a 48bf | 4004 0000 | 0000 0000 
  0x000001eab80eb354: 488b 1c3e | 488d 5b01 | 4889 1c3e | 0f84 0800 | 0000 488b | f2e9 2d02 

  0x000001eab80eb36c: ;   {metadata(method data for {method} {0x000001eb119dcc38} 'run' '()V' in 'com/sun/javafx/tk/quantum/PresentingPainter')}
  0x000001eab80eb36c: 0000 48be | 20ac f311 | eb01 0000 | 4883 8660 | 0400 0001 

  0x000001eab80eb380: ;   {metadata(method data for {method} {0x000001eb11502770} 'getDefaultResourceFactory' '()Lcom/sun/prism/ResourceFactory;' in 'com/sun/prism/GraphicsPipeline')}
  0x000001eab80eb380: 48be c8d5 | f311 eb01 | 0000 8bbe | cc00 0000 | 83c7 0289 | becc 0000 | 0081 e7fe | ff1f 0085 
  0x000001eab80eb3a0: ff0f 8400 

  0x000001eab80eb3a4: ;   {metadata(method data for {method} {0x000001eb11502770} 'getDefaultResourceFactory' '()Lcom/sun/prism/ResourceFactory;' in 'com/sun/prism/GraphicsPipeline')}
  0x000001eab80eb3a4: a400 0048 | bec8 d5f3 | 11eb 0100 | 0048 8386 | 1001 0000 

  0x000001eab80eb3b8: ;   {metadata(method data for {method} {0x000001eb11514d30} 'getScreens' '()Ljava/util/List;' in 'com/sun/glass/ui/Screen')}
  0x000001eab80eb3b8: 0148 be58 | 1ff3 11eb | 0100 008b | becc 0000 | 0083 c702 | 89be cc00 | 0000 81e7 | feff 1f00 
  0x000001eab80eb3d8: 85ff 0f84 | e8a3 0000 

  0x000001eab80eb3e0: ;   {oop(a 'java/lang/Class'{0x00000007045a5db0} = 'com/sun/glass/ui/Screen')}
  0x000001eab80eb3e0: 48be b05d | 5a04 0700 | 0000 8b76 | 7048 c1e6 | 0348 85f6 

  0x000001eab80eb3f4: ;   {metadata(method data for {method} {0x000001eb11514d30} 'getScreens' '()Ljava/util/List;' in 'com/sun/glass/ui/Screen')}
  0x000001eab80eb3f4: 48be 581f | f311 eb01 | 0000 48bf | 2001 0000 | 0000 0000 | 740a 48bf | 1001 0000 | 0000 0000 
  0x000001eab80eb414: 488b 1c3e | 488d 5b01 | 4889 1c3e | 0f84 ee6c 

  0x000001eab80eb424: ;   {oop(a 'java/lang/Class'{0x00000007045a5db0} = 'com/sun/glass/ui/Screen')}
  0x000001eab80eb424: 0000 48be | b05d 5a04 | 0700 0000 | 8b76 7048 

  0x000001eab80eb434: ;   {metadata(method data for {method} {0x000001eb11502770} 'getDefaultResourceFactory' '()Lcom/sun/prism/ResourceFactory;' in 'com/sun/prism/GraphicsPipeline')}
  0x000001eab80eb434: c1e6 0348 | bfc8 d5f3 | 11eb 0100 | 0048 8387 | 2001 0000 

  0x000001eab80eb448: ;   {metadata(method data for {method} {0x000001eb11502ce0} 'getPipeline' '()Lcom/sun/prism/GraphicsPipeline;' in 'com/sun/prism/GraphicsPipeline')}
  0x000001eab80eb448: 0148 bf68 | d7f3 11eb | 0100 008b | 9fcc 0000 | 0083 c302 | 899f cc00 | 0000 81e3 | feff 1f00 
  0x000001eab80eb468: 85db 0f84 | 79a3 0000 

  0x000001eab80eb470: ;   {oop(a 'java/lang/Class'{0x000000070458d778} = 'com/sun/prism/GraphicsPipeline')}
  0x000001eab80eb470: 48bf 78d7 | 5804 0700 | 0000 8b7f | 7048 c1e7 | 0348 3b07 

  0x000001eab80eb484: ;   {metadata(method data for {method} {0x000001eb11502770} 'getDefaultResourceFactory' '()Lcom/sun/prism/ResourceFactory;' in 'com/sun/prism/GraphicsPipeline')}
  0x000001eab80eb484: 488b df48 | b8c8 d5f3 | 11eb 0100 | 0048 8380 | 3001 0000 

  0x000001eab80eb498: ;   {metadata(method data for {method} {0x000001eb11509ec0} 'getDefaultResourceFactory' '(Ljava/util/List;)Lcom/sun/prism/ResourceFactory;' in 'com/sun/prism/d3d/D3DPipeline')}
  0x000001eab80eb498: 0148 bb90 | d8f3 11eb | 0100 008b | 83cc 0000 | 0083 c002 | 8983 cc00 | 0000 25fe | ff1f 0085 
  0x000001eab80eb4b8: c00f 8450 | a300 008b | 5f1c 48c1 | e303 4885 

  0x000001eab80eb4c8: ;   {metadata(method data for {method} {0x000001eb11509ec0} 'getDefaultResourceFactory' '(Ljava/util/List;)Lcom/sun/prism/ResourceFactory;' in 'com/sun/prism/d3d/D3DPipeline')}
  0x000001eab80eb4c8: db48 bb90 | d8f3 11eb | 0100 0048 | b810 0100 | 0000 0000 | 0075 0a48 | b820 0100 | 0000 0000 
  0x000001eab80eb4e8: 0048 8b0c | 0348 8d49 | 0148 890c | 030f 8565 | 0000 0048 | 89bc 2410 

  0x000001eab80eb500: ;   {metadata(method data for {method} {0x000001eb11509ec0} 'getDefaultResourceFactory' '(Ljava/util/List;)Lcom/sun/prism/ResourceFactory;' in 'com/sun/prism/d3d/D3DPipeline')}
  0x000001eab80eb500: 0100 0048 | bb90 d8f3 | 11eb 0100 | 0048 8383 | 3001 0000 | 0148 8bd6 | 0f1f 8000 

  0x000001eab80eb51c: ;   {static_call}
  0x000001eab80eb51c: 0000 00e8 

  0x000001eab80eb520: ; ImmutableOopMap {[232]=Oop [272]=Oop }
                      ;*invokestatic findDefaultResourceFactory {reexecute=0 rethrow=0 return_oop=0}
                      ; - com.sun.prism.d3d.D3DPipeline::getDefaultResourceFactory@9 (line 277)
                      ; - com.sun.prism.GraphicsPipeline::getDefaultResourceFactory@8 (line 151)
                      ; - com.sun.javafx.tk.quantum.PresentingPainter::run@119 (line 69)
  0x000001eab80eb520: 5c3b d206 

  0x000001eab80eb524: ;   {other}
  0x000001eab80eb524: 0f1f 8400 | 942d 000c | 410f be57 | 4085 d248 | 8bbc 2410 | 0100 000f | 85ef a200 | 004c 8bd0 
  0x000001eab80eb544: 49c1 ea03 | 4489 571c | 488b d748 | 33d0 48c1 | ea15 4883 | fa00 0f85 | efa2 0000 | 8b57 1c48 
  0x000001eab80eb564: c1e2 0348 | 8bb4 24e8 | 0000 0041 | 0fbe 7f40 | 85ff 0f85 | eba2 0000 | 4c8b d249 | c1ea 0344 
  0x000001eab80eb584: 8956 3048 | 8bfe 4833 | fa48 c1ef | 1548 83ff | 000f 85eb | a200 008b | 7e30 48c1 | e703 4885 
  0x000001eab80eb5a4: ;   {metadata(method data for {method} {0x000001eb119dcc38} 'run' '()V' in 'com/sun/javafx/tk/quantum/PresentingPainter')}
  0x000001eab80eb5a4: ff48 ba20 | acf3 11eb | 0100 0048 | bb80 0400 | 0000 0000 | 0075 0a48 | bb70 0400 | 0000 0000 
  0x000001eab80eb5c4: 0048 8b04 | 1a48 8d40 | 0148 8904 | 1a0f 8508 | 0000 0048 | 8bd6 e907 | 0200 0048 | 85ff 0f84 
  0x000001eab80eb5e4: 2900 0000 

  0x000001eab80eb5e8: ;   {metadata('com/sun/prism/d3d/D3DResourceFactory')}
  0x000001eab80eb5e8: 48b9 50d1 | 02d1 ea01 | 0000 8b47 | 0849 ba00 | 0000 d0ea | 0100 0049 | 03c2 483b | 4848 0f85 
  0x000001eab80eb608: 92a2 0000 | e900 0000 | 0048 8bd7 

  0x000001eab80eb614: ; implicit exception: dispatches to 0x000001eab80f58a3
  0x000001eab80eb614: 483b 0748 

  0x000001eab80eb618: ;   {metadata(method data for {method} {0x000001eb119dcc38} 'run' '()V' in 'com/sun/javafx/tk/quantum/PresentingPainter')}
  0x000001eab80eb618: 8bd7 48bb | 20ac f311 | eb01 0000 

  0x000001eab80eb624: ;   {metadata('com/sun/prism/d3d/D3DResourceFactory')}
  0x000001eab80eb624: 49ba 50d1 | 02d1 ea01 | 0000 4c89 | 93a0 0400 | 0048 8383 | a804 0000 

  0x000001eab80eb63c: ;   {metadata(method data for {method} {0x000001eb1150eab0} 'isDeviceReady' '()Z' in 'com/sun/prism/d3d/D3DResourceFactory')}
  0x000001eab80eb63c: 0148 bac8 | 37f3 11eb | 0100 008b | 9acc 0000 | 0083 c302 | 899a cc00 | 0000 81e3 | feff 1f00 
  0x000001eab80eb65c: 85db 0f84 | 44a2 0000 

  0x000001eab80eb664: ;   {metadata(method data for {method} {0x000001eb1150eab0} 'isDeviceReady' '()Z' in 'com/sun/prism/d3d/D3DResourceFactory')}
  0x000001eab80eb664: 488b d748 | bbc8 37f3 | 11eb 0100 | 008b 5208 | 49ba 0000 | 00d0 ea01 | 0000 4903 | d248 3b93 
  0x000001eab80eb684: 2001 0000 | 750d 4883 | 8328 0100 | 0001 e960 | 0000 0048 | 3b93 3001 | 0000 750d | 4883 8338 
  0x000001eab80eb6a4: 0100 0001 | e94a 0000 | 0048 83bb | 2001 0000 | 0075 1748 | 8993 2001 | 0000 48c7 | 8328 0100 
  0x000001eab80eb6c4: 0001 0000 | 00e9 2900 | 0000 4883 | bb30 0100 | 0000 7517 | 4889 9330 | 0100 0048 | c783 3801 
  0x000001eab80eb6e4: 0000 0100 | 0000 e908 | 0000 0048 | 8383 1001 | 0000 010f | be57 0c83 | e201 85d2 

  0x000001eab80eb700: ;   {metadata(method data for {method} {0x000001eb1150eab0} 'isDeviceReady' '()Z' in 'com/sun/prism/d3d/D3DResourceFactory')}
  0x000001eab80eb700: 48ba c837 | f311 eb01 | 0000 48bb | 4801 0000 | 0000 0000 | 740a 48bb | 5801 0000 | 0000 0000 
  0x000001eab80eb720: 488b 041a | 488d 4001 | 4889 041a | 0f84 0a00 | 0000 bf00 | 0000 00e9 | 6e00 0000 

  0x000001eab80eb73c: ;   {metadata(method data for {method} {0x000001eb1150eab0} 'isDeviceReady' '()Z' in 'com/sun/prism/d3d/D3DResourceFactory')}
  0x000001eab80eb73c: 488b f748 | bbc8 37f3 | 11eb 0100 | 0048 8383 | 6801 0000 | 0148 8bd7 | 4889 bc24 | 1801 0000 
  0x000001eab80eb75c: ;   {optimized virtual_call}
  0x000001eab80eb75c: 6666 90e8 

  0x000001eab80eb760: ; ImmutableOopMap {[232]=Oop [280]=Oop }
                      ;*invokevirtual displayPrismStatistics {reexecute=0 rethrow=0 return_oop=0}
                      ; - com.sun.prism.d3d.D3DResourceFactory::isDeviceReady@10 (line 119)
                      ; - com.sun.javafx.tk.quantum.PresentingPainter::run@136 (line 71)
  0x000001eab80eb760: dcf7 fdff 

  0x000001eab80eb764: ;   {other}
  0x000001eab80eb764: 0f1f 8400 | d42f 000d | 488b bc24 | 1801 0000 | 8b57 3048 | c1e2 0348 | 3b02 488b 

  0x000001eab80eb780: ;   {metadata(method data for {method} {0x000001eb1150eab0} 'isDeviceReady' '()Z' in 'com/sun/prism/d3d/D3DResourceFactory')}
  0x000001eab80eb780: f248 bfc8 | 37f3 11eb | 0100 0048 | 8387 b801 | 0000 010f 

  0x000001eab80eb794: ;   {optimized virtual_call}
  0x000001eab80eb794: 1f40 00e8 

  0x000001eab80eb798: ; ImmutableOopMap {[232]=Oop }
                      ;*invokevirtual testLostStateAndReset {reexecute=0 rethrow=0 return_oop=0}
                      ; - com.sun.prism.d3d.D3DResourceFactory::isDeviceReady@17 (line 120)
                      ; - com.sun.javafx.tk.quantum.PresentingPainter::run@136 (line 71)
  0x000001eab80eb798: 8425 feff 

  0x000001eab80eb79c: ;   {other}
  0x000001eab80eb79c: 0f1f 8400 | 0c30 000e | 83e0 0148 | 8bf8 85ff 

  0x000001eab80eb7ac: ;   {metadata(method data for {method} {0x000001eb119dcc38} 'run' '()V' in 'com/sun/javafx/tk/quantum/PresentingPainter')}
  0x000001eab80eb7ac: 48be 20ac | f311 eb01 | 0000 48bf | c804 0000 | 0000 0000 | 750a 48bf | d804 0000 | 0000 0000 
  0x000001eab80eb7cc: 488b 1c3e | 488d 5b01 | 4889 1c3e | 488b 9424 | e800 0000 | 0f85 3619 | 0000 8b72 | 2848 c1e6 
  0x000001eab80eb7ec: 0348 3b06 

  0x000001eab80eb7f0: ;   {metadata(method data for {method} {0x000001eb119dcc38} 'run' '()V' in 'com/sun/javafx/tk/quantum/PresentingPainter')}
  0x000001eab80eb7f0: 488b fe48 | bb20 acf3 | 11eb 0100 

  0x000001eab80eb7fc: ;   {metadata('com/sun/javafx/tk/quantum/SceneState')}
  0x000001eab80eb7fc: 0049 ba20 | 301a d1ea | 0100 004c | 8993 f804 | 0000 4883 | 8300 0500 | 0001 8b76 | 6c48 c1e6 
  0x000001eab80eb81c: 0348 3b06 

  0x000001eab80eb820: ;   {metadata(method data for {method} {0x000001eb119dcc38} 'run' '()V' in 'com/sun/javafx/tk/quantum/PresentingPainter')}
  0x000001eab80eb820: 488b fe48 | bb20 acf3 | 11eb 0100 | 008b 7f08 | 49ba 0000 | 00d0 ea01 | 0000 4903 | fa48 3bbb 
  0x000001eab80eb840: 3005 0000 | 750d 4883 | 8338 0500 | 0001 e960 | 0000 0048 | 3bbb 4005 | 0000 750d | 4883 8348 
  0x000001eab80eb860: 0500 0001 | e94a 0000 | 0048 83bb | 3005 0000 | 0075 1748 | 89bb 3005 | 0000 48c7 | 8338 0500 
  0x000001eab80eb880: 0001 0000 | 00e9 2900 | 0000 4883 | bb40 0500 | 0000 7517 | 4889 bb40 | 0500 0048 | c783 4805 
  0x000001eab80eb8a0: 0000 0100 | 0000 e908 | 0000 0048 | 8383 2005 

  0x000001eab80eb8b0: ;   {metadata(method data for {method} {0x000001eb1151d7b0} 'entireSceneNeedsRepaint' '()V' in 'com/sun/javafx/tk/quantum/GlassScene')}
  0x000001eab80eb8b0: 0000 0148 | bf58 2df4 | 11eb 0100 | 008b 9fcc | 0000 0083 | c302 899f | cc00 0000 | 81e3 feff 
  0x000001eab80eb8d0: 1f00 85db | 0f84 fe9f 

  0x000001eab80eb8d8: ;   {metadata(method data for {method} {0x000001eb1151d7b0} 'entireSceneNeedsRepaint' '()V' in 'com/sun/javafx/tk/quantum/GlassScene')}
  0x000001eab80eb8d8: 0000 48bf | 582d f411 | eb01 0000 | 4883 8710 | 0100 0001 

  0x000001eab80eb8ec: ;   {metadata(method data for {method} {0x000001eb11634248} 'isFxApplicationThread' '()Z' in 'javafx/application/Platform')}
  0x000001eab80eb8ec: 48bf 682f | f411 eb01 | 0000 8b9f | cc00 0000 | 83c3 0289 | 9fcc 0000 | 0081 e3fe | ff1f 0085 
  0x000001eab80eb90c: db0f 84e6 

  0x000001eab80eb910: ;   {metadata(method data for {method} {0x000001eb11634248} 'isFxApplicationThread' '()Z' in 'javafx/application/Platform')}
  0x000001eab80eb910: 9f00 0048 | bf68 2ff4 | 11eb 0100 | 0048 8387 | 1001 0000 

  0x000001eab80eb924: ;   {metadata(method data for {method} {0x000001eb1145ee00} 'isFxApplicationThread' '()Z' in 'com/sun/javafx/application/PlatformImpl')}
  0x000001eab80eb924: 0148 bfc0 | 30f4 11eb | 0100 008b | 9fcc 0000 | 0083 c302 | 899f cc00 | 0000 81e3 | feff 1f00 
  0x000001eab80eb944: 85db 0f84 | ce9f 0000 

  0x000001eab80eb94c: ;   {metadata(method data for {method} {0x000001eb1145ee00} 'isFxApplicationThread' '()Z' in 'com/sun/javafx/application/PlatformImpl')}
  0x000001eab80eb94c: 48bf c030 | f411 eb01 | 0000 4883 | 8710 0100 | 0001 4889 | b424 2001 

  0x000001eab80eb964: ;   {static_call}
  0x000001eab80eb964: 0000 90e8 

  0x000001eab80eb968: ; ImmutableOopMap {[232]=Oop [288]=Oop }
                      ;*invokestatic getToolkit {reexecute=0 rethrow=0 return_oop=0}
                      ; - com.sun.javafx.application.PlatformImpl::isFxApplicationThread@0 (line 428)
                      ; - javafx.application.Platform::isFxApplicationThread@0 (line 194)
                      ; - com.sun.javafx.tk.quantum.GlassScene::entireSceneNeedsRepaint@0 (line 224)
                      ; - com.sun.javafx.tk.quantum.PresentingPainter::run@151 (line 72)
  0x000001eab80eb968: 1437 d206 

  0x000001eab80eb96c: ;   {other}
  0x000001eab80eb96c: 0f1f 8400 | dc31 000f 

  0x000001eab80eb974: ; implicit exception: dispatches to 0x000001eab80f593b
                      ;   {metadata(method data for {method} {0x000001eb1145ee00} 'isFxApplicationThread' '()Z' in 'com/sun/javafx/application/PlatformImpl')}
  0x000001eab80eb974: 483b 0049 | b8c0 30f4 | 11eb 0100 | 008b 4008 | 49ba 0000 | 00d0 ea01 | 0000 4903 | c249 3b80 
  0x000001eab80eb994: 3001 0000 | 750d 4983 | 8038 0100 | 0001 e960 | 0000 0049 | 3b80 4001 | 0000 750d | 4983 8048 
  0x000001eab80eb9b4: 0100 0001 | e94a 0000 | 0049 83b8 | 3001 0000 | 0075 1749 | 8980 3001 | 0000 49c7 | 8038 0100 
  0x000001eab80eb9d4: 0001 0000 | 00e9 2900 | 0000 4983 | b840 0100 | 0000 7517 | 4989 8040 | 0100 0049 | c780 4801 
  0x000001eab80eb9f4: 0000 0100 | 0000 e908 | 0000 0049 | 8380 2001 

  0x000001eab80eba04: ;   {metadata(method data for {method} {0x000001eb114740c0} 'isFxUserThread' '()Z' in 'com/sun/javafx/tk/Toolkit')}
  0x000001eab80eba04: 0000 0149 | b830 ebe5 | 11eb 0100 | 0041 8b90 | cc00 0000 | 83c2 0241 | 8990 cc00 | 0000 81e2 
  0x000001eab80eba24: feff 1f00 | 85d2 0f84 | 109f 0000 

  0x000001eab80eba30: ;   {metadata(method data for {method} {0x000001eb114740c0} 'isFxUserThread' '()Z' in 'com/sun/javafx/tk/Toolkit')}
  0x000001eab80eba30: 49b8 30eb | e511 eb01 | 0000 4983 | 8010 0100 

  0x000001eab80eba40: ;   {oop(a 'java/lang/Class'{0x000000070458d7f0} = 'com/sun/javafx/tk/Toolkit')}
  0x000001eab80eba40: 0001 49b8 | f0d7 5804 | 0700 0000 | 458b 4078 | 49c1 e003 | 498b 9780 | 0300 0048 | 8b12 493b 
  0x000001eab80eba60: ;   {metadata(method data for {method} {0x000001eb114740c0} 'isFxUserThread' '()Z' in 'com/sun/javafx/tk/Toolkit')}
  0x000001eab80eba60: d049 b830 | ebe5 11eb | 0100 0048 | ba20 0100 | 0000 0000 | 0075 0a48 | ba30 0100 | 0000 0000 
  0x000001eab80eba80: 0049 8b34 | 1048 8d76 | 0149 8934 | 100f 851c 

  0x000001eab80eba90: ;   {metadata(method data for {method} {0x000001eb114740c0} 'isFxUserThread' '()Z' in 'com/sun/javafx/tk/Toolkit')}
  0x000001eab80eba90: 0000 0049 | b830 ebe5 | 11eb 0100 | 0041 ff80 | 4001 0000 | 41b8 0100 | 0000 e906 | 0000 0041 
  0x000001eab80ebab0: b800 0000 | 0041 83e0 | 0141 83e0 | 0141 83e0 | 0145 85c0 

  0x000001eab80ebac4: ;   {metadata(method data for {method} {0x000001eb1151d7b0} 'entireSceneNeedsRepaint' '()V' in 'com/sun/javafx/tk/quantum/GlassScene')}
  0x000001eab80ebac4: 49b8 582d | f411 eb01 | 0000 48ba | 2001 0000 | 0000 0000 | 740a 48ba | 3001 0000 | 0000 0000 
  0x000001eab80ebae4: 498b 3410 | 488d 7601 | 4989 3410 | 488b b424 | 2001 0000 | 0f84 2b02 | 0000 41b8 | 0100 0000 
  0x000001eab80ebb04: 4488 460c | f083 4424 | c000 4c8b 

  0x000001eab80ebb10: ;   {metadata(method data for {method} {0x000001eb1151d7b0} 'entireSceneNeedsRepaint' '()V' in 'com/sun/javafx/tk/quantum/GlassScene')}
  0x000001eab80ebb10: c648 ba58 | 2df4 11eb | 0100 0045 | 8b40 0849 | ba00 0000 | d0ea 0100 | 004d 03c2 | 4c3b 8250 
  0x000001eab80ebb30: 0100 0075 | 0d48 8382 | 5801 0000 | 01e9 6000 | 0000 4c3b | 8260 0100 | 0075 0d48 | 8382 6801 
  0x000001eab80ebb50: 0000 01e9 | 4a00 0000 | 4883 ba50 | 0100 0000 | 7517 4c89 | 8250 0100 | 0048 c782 | 5801 0000 
  0x000001eab80ebb70: 0100 0000 | e929 0000 | 0048 83ba | 6001 0000 | 0075 174c | 8982 6001 | 0000 48c7 | 8268 0100 
  0x000001eab80ebb90: 0001 0000 | 00e9 0800 | 0000 4883 | 8240 0100 

  0x000001eab80ebba0: ;   {metadata(method data for {method} {0x000001eb1151df88} 'sceneChanged' '()V' in 'com/sun/javafx/tk/quantum/GlassScene')}
  0x000001eab80ebba0: 0001 49b8 | e095 f111 | eb01 0000 | 418b 90cc | 0000 0083 | c202 4189 | 90cc 0000 | 0081 e2fe 
  0x000001eab80ebbc0: ff1f 0085 | d20f 8496 | 9d00 0044 | 8b46 1049 | c1e0 034d 

  0x000001eab80ebbd4: ;   {metadata(method data for {method} {0x000001eb1151df88} 'sceneChanged' '()V' in 'com/sun/javafx/tk/quantum/GlassScene')}
  0x000001eab80ebbd4: 85c0 49b8 | e095 f111 | eb01 0000 | 48ba 1001 | 0000 0000 | 0000 740a | 48ba 2001 | 0000 0000 
  0x000001eab80ebbf4: 0000 498b | 3c10 488d | 7f01 4989 | 3c10 0f84 | 9200 0000 

  0x000001eab80ebc08: ;   {metadata(method data for {method} {0x000001eb1151df88} 'sceneChanged' '()V' in 'com/sun/javafx/tk/quantum/GlassScene')}
  0x000001eab80ebc08: 49b8 e095 | f111 eb01 | 0000 4983 | 8030 0100 

  0x000001eab80ebc18: ;   {metadata(method data for {method} {0x000001eb11519120} 'getInstance' '()Lcom/sun/javafx/tk/quantum/PaintCollector;' in 'com/sun/javafx/tk/quantum/PaintCollector')}
  0x000001eab80ebc18: 0001 49b8 | d8a9 e511 | eb01 0000 | 418b 90cc | 0000 0083 | c202 4189 | 90cc 0000 | 0081 e2fe 
  0x000001eab80ebc38: ff1f 0085 | d20f 843f 

  0x000001eab80ebc40: ;   {oop(a 'java/lang/Class'{0x000000070487ee88} = 'com/sun/javafx/tk/quantum/PaintCollector')}
  0x000001eab80ebc40: 9d00 0049 | b888 ee87 | 0407 0000 | 0041 8b50 | 7048 c1e2 | 0348 3b02 

  0x000001eab80ebc58: ;   {metadata(method data for {method} {0x000001eb1151df88} 'sceneChanged' '()V' in 'com/sun/javafx/tk/quantum/GlassScene')}
  0x000001eab80ebc58: 4c8b c248 | bfe0 95f1 | 11eb 0100 | 0048 8387 | 4001 0000 | 014c 8bc6 | 0f1f 8000 

  0x000001eab80ebc74: ;   {optimized virtual_call}
  0x000001eab80ebc74: 0000 00e8 

  0x000001eab80ebc78: ; ImmutableOopMap {[232]=Oop }
                      ;*invokevirtual addDirtyScene {reexecute=0 rethrow=0 return_oop=0}
                      ; - com.sun.javafx.tk.quantum.GlassScene::sceneChanged@11 (line 313)
                      ; - com.sun.javafx.tk.quantum.GlassScene::entireSceneNeedsRepaint@12 (line 226)
                      ; - com.sun.javafx.tk.quantum.PresentingPainter::run@151 (line 72)
  0x000001eab80ebc78: 042e d206 

  0x000001eab80ebc7c: ;   {other}
  0x000001eab80ebc7c: 0f1f 8400 | ec34 0010 

  0x000001eab80ebc84: ;   {metadata(method data for {method} {0x000001eb1151df88} 'sceneChanged' '()V' in 'com/sun/javafx/tk/quantum/GlassScene')}
  0x000001eab80ebc84: 49b8 e095 | f111 eb01 | 0000 41ff | 8078 0100 | 00e9 7a00 

  0x000001eab80ebc98: ;   {metadata(method data for {method} {0x000001eb1151df88} 'sceneChanged' '()V' in 'com/sun/javafx/tk/quantum/GlassScene')}
  0x000001eab80ebc98: 0000 49b8 | e095 f111 | eb01 0000 | 4983 8090 | 0100 0001 

  0x000001eab80ebcac: ;   {metadata(method data for {method} {0x000001eb11519120} 'getInstance' '()Lcom/sun/javafx/tk/quantum/PaintCollector;' in 'com/sun/javafx/tk/quantum/PaintCollector')}
  0x000001eab80ebcac: 49b8 d8a9 | e511 eb01 | 0000 418b | 90cc 0000 | 0083 c202 | 4189 90cc | 0000 0081 | e2fe ff1f 
  0x000001eab80ebccc: 0085 d20f | 84d3 9c00 

  0x000001eab80ebcd4: ;   {oop(a 'java/lang/Class'{0x000000070487ee88} = 'com/sun/javafx/tk/quantum/PaintCollector')}
  0x000001eab80ebcd4: 0049 b888 | ee87 0407 | 0000 0041 | 8b50 7048 | c1e2 0348 | 3b02 4c8b 

  0x000001eab80ebcec: ;   {metadata(method data for {method} {0x000001eb1151df88} 'sceneChanged' '()V' in 'com/sun/javafx/tk/quantum/GlassScene')}
  0x000001eab80ebcec: c248 bfe0 | 95f1 11eb | 0100 0048 | 8387 a001 | 0000 014c | 8bc6 0f1f 

  0x000001eab80ebd04: ;   {optimized virtual_call}
  0x000001eab80ebd04: 4400 00e8 

  0x000001eab80ebd08: ; ImmutableOopMap {[232]=Oop }
                      ;*invokevirtual removeDirtyScene {reexecute=0 rethrow=0 return_oop=0}
                      ; - com.sun.javafx.tk.quantum.GlassScene::sceneChanged@21 (line 318)
                      ; - com.sun.javafx.tk.quantum.GlassScene::entireSceneNeedsRepaint@12 (line 226)
                      ; - com.sun.javafx.tk.quantum.PresentingPainter::run@151 (line 72)
  0x000001eab80ebd08: 742d d206 

  0x000001eab80ebd0c: ;   {other}
  0x000001eab80ebd0c: 0f1f 8400 | 7c35 0011 

  0x000001eab80ebd14: ;   {metadata(method data for {method} {0x000001eb1151d7b0} 'entireSceneNeedsRepaint' '()V' in 'com/sun/javafx/tk/quantum/GlassScene')}
  0x000001eab80ebd14: 48ba 582d | f411 eb01 | 0000 ff82 | 7801 0000 | e933 0100 | 000f 1f80 | 0000 0000 

  0x000001eab80ebd30: ;   {no_reloc}
  0x000001eab80ebd30: e9a8 9c00 | 0090 9090 | 9090 488b 

  0x000001eab80ebd3c: ;   {static_call}
  0x000001eab80ebd3c: d666 90e8 

  0x000001eab80ebd40: ; ImmutableOopMap {[232]=Oop }
                      ;*invokedynamic {reexecute=0 rethrow=0 return_oop=0}
                      ; - com.sun.javafx.tk.quantum.GlassScene::entireSceneNeedsRepaint@19 (line 228)
                      ; - com.sun.javafx.tk.quantum.PresentingPainter::run@151 (line 72)
  0x000001eab80ebd40: 3c33 d206 

  0x000001eab80ebd44: ;   {other}
  0x000001eab80ebd44: 0f1f 8400 | b435 0012 

  0x000001eab80ebd4c: ;   {metadata(method data for {method} {0x000001eb1151d7b0} 'entireSceneNeedsRepaint' '()V' in 'com/sun/javafx/tk/quantum/GlassScene')}
  0x000001eab80ebd4c: 48ba 582d | f411 eb01 | 0000 488d | 92b0 0100 | 0048 85c0 | 750c f602 | 0175 4ef0 | 4883 0a01 
  0x000001eab80ebd6c: eb47 448b | 4008 49ba | 0000 00d0 | ea01 0000 | 4d03 c24d | 8bd0 4c33 | 0249 f7c0 | fcff ffff 
  0x000001eab80ebd8c: 7427 41f6 | c002 7521 | 48f7 02fe | ffff ff74 | 154d 8bc2 | 4c33 0249 | f7c0 fcff | ffff 7409 
  0x000001eab80ebdac: 4883 0a02 | eb03 4c89 

  0x000001eab80ebdb4: ;   {metadata(method data for {method} {0x000001eb1151d7b0} 'entireSceneNeedsRepaint' '()V' in 'com/sun/javafx/tk/quantum/GlassScene')}
  0x000001eab80ebdb4: 0248 ba58 | 2df4 11eb | 0100 0048 | 8382 c001 

  0x000001eab80ebdc4: ;   {metadata(method data for {method} {0x000001eb11634108} 'runLater' '(Ljava/lang/Runnable;)V' in 'javafx/application/Platform')}
  0x000001eab80ebdc4: 0000 0148 | ba30 8ef1 | 11eb 0100 | 0044 8b82 | cc00 0000 | 4183 c002 | 4489 82cc | 0000 0041 
  0x000001eab80ebde4: 81e0 feff | 1f00 4585 | c00f 84f4 

  0x000001eab80ebdf0: ;   {metadata(method data for {method} {0x000001eb11634108} 'runLater' '(Ljava/lang/Runnable;)V' in 'javafx/application/Platform')}
  0x000001eab80ebdf0: 9b00 0048 | ba30 8ef1 | 11eb 0100 | 0048 8382 | 1001 0000 

  0x000001eab80ebe04: ;   {metadata(method data for {method} {0x000001eb1145eea0} 'runLater' '(Ljava/lang/Runnable;)V' in 'com/sun/javafx/application/PlatformImpl')}
  0x000001eab80ebe04: 0148 ba90 | 8ff1 11eb | 0100 0044 | 8b82 cc00 | 0000 4183 | c002 4489 | 82cc 0000 | 0041 81e0 
  0x000001eab80ebe24: feff 1f00 | 4585 c00f | 84d7 9b00 

  0x000001eab80ebe30: ;   {metadata(method data for {method} {0x000001eb1145eea0} 'runLater' '(Ljava/lang/Runnable;)V' in 'com/sun/javafx/application/PlatformImpl')}
  0x000001eab80ebe30: 0048 ba90 | 8ff1 11eb | 0100 0048 | 8382 1001 | 0000 0148 | 8bd0 41b8 | 0000 0000 

  0x000001eab80ebe4c: ;   {static_call}
  0x000001eab80ebe4c: 6666 90e8 

  0x000001eab80ebe50: ; ImmutableOopMap {[232]=Oop }
                      ;*invokestatic runLater {reexecute=0 rethrow=0 return_oop=0}
                      ; - com.sun.javafx.application.PlatformImpl::runLater@2 (line 432)
                      ; - javafx.application.Platform::runLater@1 (line 162)
                      ; - com.sun.javafx.tk.quantum.GlassScene::entireSceneNeedsRepaint@24 (line 228)
                      ; - com.sun.javafx.tk.quantum.PresentingPainter::run@151 (line 72)
  0x000001eab80ebe50: 2c32 d206 

  0x000001eab80ebe54: ;   {other}
  0x000001eab80ebe54: 0f1f 8400 | c436 0013 | 488b 9424 | e800 0000 | 410f be77 | 4085 f60f | 85b8 9b00 | 00c7 4230 
  0x000001eab80ebe74: 0000 0000 

  0x000001eab80ebe78: ;   {metadata(method data for {method} {0x000001eb119dcc38} 'run' '()V' in 'com/sun/javafx/tk/quantum/PresentingPainter')}
  0x000001eab80ebe78: 48be 20ac | f311 eb01 | 0000 4883 | 8658 0500 

  0x000001eab80ebe88: ;   {metadata(method data for {method} {0x000001eb11d53d68} 'cleanUp' '()V' in 'com/sun/prism/impl/Disposer')}
  0x000001eab80ebe88: 0001 48be | 3889 f311 | eb01 0000 | 8bbe cc00 | 0000 83c7 | 0289 becc | 0000 0081 | e7fe ff1f 
  0x000001eab80ebea8: 0085 ff0f | 8497 9b00 

  0x000001eab80ebeb0: ;   {oop(a 'java/lang/Class'{0x0000000704d5c128} = 'com/sun/prism/impl/Disposer')}
  0x000001eab80ebeb0: 0048 be28 | c1d5 0407 | 0000 008b | 7e70 48c1 | e703 483b | 0748 8bdf 

  0x000001eab80ebec8: ;   {metadata(method data for {method} {0x000001eb11d53d68} 'cleanUp' '()V' in 'com/sun/prism/impl/Disposer')}
  0x000001eab80ebec8: 48b8 3889 | f311 eb01 | 0000 4883 | 8010 0100 | 0001 488b | d748 89b4 | 2428 0100 

  0x000001eab80ebee4: ;   {optimized virtual_call}
  0x000001eab80ebee4: 0066 90e8 

  0x000001eab80ebee8: ; ImmutableOopMap {[232]=Oop [296]=Oop }
                      ;*invokevirtual disposeUnreachables {reexecute=0 rethrow=0 return_oop=0}
                      ; - com.sun.prism.impl.Disposer::cleanUp@3 (line 129)
                      ; - com.sun.javafx.tk.quantum.PresentingPainter::run@159 (line 117)
  0x000001eab80ebee8: 942b d206 

  0x000001eab80ebeec: ;   {other}
  0x000001eab80ebeec: 0f1f 8400 | 5c37 0014 | 488b b424 | 2801 0000 | 8b76 7048 | c1e6 0348 | 89b4 2430 | 0100 0048 
  0x000001eab80ebf0c: 3b06 488b 

  0x000001eab80ebf10: ;   {metadata(method data for {method} {0x000001eb11d53d68} 'cleanUp' '()V' in 'com/sun/prism/impl/Disposer')}
  0x000001eab80ebf10: c649 b838 | 89f3 11eb | 0100 0049 | 8380 4801 | 0000 014c | 8d84 24e8 | 0200 0049 | 8970 0848 
  0x000001eab80ebf30: 8b06 4883 | c801 4989 | 00f0 4c0f | b106 0f84 | 1200 0000 | 482b c448 | 2507 f0ff | ff49 8900 
  0x000001eab80ebf50: 0f85 1d9b | 0000 49ff | 8748 0500 

  0x000001eab80ebf5c: ;   {metadata(method data for {method} {0x000001eb11d540e0} 'processDisposalQueue' '()V' in 'com/sun/prism/impl/Disposer')}
  0x000001eab80ebf5c: 0049 b880 | 8ef3 11eb | 0100 0041 | 8b90 cc00 | 0000 83c2 | 0241 8990 | cc00 0000 | 81e2 feff 
  0x000001eab80ebf7c: 1f00 85d2 | 0f84 009b | 0000 6690 | 8b56 1448 | c1e2 0348 | 3b02 4c8b 

  0x000001eab80ebf94: ;   {metadata(method data for {method} {0x000001eb11d540e0} 'processDisposalQueue' '()V' in 'com/sun/prism/impl/Disposer')}
  0x000001eab80ebf94: c248 bf80 | 8ef3 11eb | 0100 0045 | 8b40 0849 | ba00 0000 | d0ea 0100 | 004d 03c2 | 4c3b 8720 
  0x000001eab80ebfb4: 0100 0075 | 0d48 8387 | 2801 0000 | 01e9 6000 | 0000 4c3b | 8730 0100 | 0075 0d48 | 8387 3801 
  0x000001eab80ebfd4: 0000 01e9 | 4a00 0000 | 4883 bf20 | 0100 0000 | 7517 4c89 | 8720 0100 | 0048 c787 | 2801 0000 
  0x000001eab80ebff4: 0100 0000 | e929 0000 | 0048 83bf | 3001 0000 | 0075 174c | 8987 3001 | 0000 48c7 | 8738 0100 
  0x000001eab80ec014: 0001 0000 | 00e9 0800 | 0000 4883 | 8710 0100 

  0x000001eab80ec024: ;   {metadata(method data for {method} {0x000001ead005a568} 'isEmpty' '()Z' in 'java/util/AbstractCollection')}
  0x000001eab80ec024: 0001 49b8 | f0cd 3711 | eb01 0000 | 418b b8cc | 0000 0083 | c702 4189 | b8cc 0000 | 0081 e7fe 
  0x000001eab80ec044: ff1f 0085 | ff0f 845d | 9a00 004c 

  0x000001eab80ec050: ;   {metadata(method data for {method} {0x000001ead005a568} 'isEmpty' '()Z' in 'java/util/AbstractCollection')}
  0x000001eab80ec050: 8bc2 48bf | f0cd 3711 | eb01 0000 | 448b 4210 

  0x000001eab80ec060: ;   {metadata(method data for {method} {0x000001ead005a568} 'isEmpty' '()Z' in 'java/util/AbstractCollection')}
  0x000001eab80ec060: 4585 c049 | b8f0 cd37 | 11eb 0100 | 0048 bf48 | 0100 0000 | 0000 0075 | 0a48 bf58 | 0100 0000 
  0x000001eab80ec080: 0000 0049 | 8b1c 3848 | 8d5b 0149 | 891c 380f | 851c 0000 

  0x000001eab80ec094: ;   {metadata(method data for {method} {0x000001ead005a568} 'isEmpty' '()Z' in 'java/util/AbstractCollection')}
  0x000001eab80ec094: 0049 b8f0 | cd37 11eb | 0100 0041 | ff80 6801 | 0000 41b8 | 0100 0000 | e906 0000 | 0041 b800 
  0x000001eab80ec0b4: 0000 0041 | 83e0 0145 

  0x000001eab80ec0bc: ;   {metadata(method data for {method} {0x000001eb11d540e0} 'processDisposalQueue' '()V' in 'com/sun/prism/impl/Disposer')}
  0x000001eab80ec0bc: 85c0 49b8 | 808e f311 | eb01 0000 | 48bf 4801 | 0000 0000 | 0000 750a | 48bf 5801 | 0000 0000 
  0x000001eab80ec0dc: 0000 498b | 1c38 488d | 5b01 4989 | 1c38 0f85 | 0f03 0000 

  0x000001eab80ec0f0: ;   {metadata(method data for {method} {0x000001eb11d540e0} 'processDisposalQueue' '()V' in 'com/sun/prism/impl/Disposer')}
  0x000001eab80ec0f0: 4c8b c248 | bf80 8ef3 | 11eb 0100 

  0x000001eab80ec0fc: ;   {metadata('java/util/LinkedList')}
  0x000001eab80ec0fc: 0049 ba88 | d005 d1ea | 0100 004c | 8997 7801 | 0000 4883 | 8780 0100 

  0x000001eab80ec114: ;   {metadata(method data for {method} {0x000001eb1113e5d8} 'remove' '()Ljava/lang/Object;' in 'java/util/LinkedList')}
  0x000001eab80ec114: 0001 49b8 | 58fb bb11 | eb01 0000 | 418b b8cc | 0000 0083 | c702 4189 | b8cc 0000 | 0081 e7fe 
  0x000001eab80ec134: ff1f 0085 | ff0f 848e | 9900 004c 

  0x000001eab80ec140: ;   {metadata(method data for {method} {0x000001eb1113e5d8} 'remove' '()Ljava/lang/Object;' in 'java/util/LinkedList')}
  0x000001eab80ec140: 8bc2 48bf | 58fb bb11 | eb01 0000 

  0x000001eab80ec14c: ;   {metadata('java/util/LinkedList')}
  0x000001eab80ec14c: 49ba 88d0 | 05d1 ea01 | 0000 4c89 | 9720 0100 | 0048 8387 | 2801 0000 

  0x000001eab80ec164: ;   {metadata(method data for {method} {0x000001eb1113cd10} 'removeFirst' '()Ljava/lang/Object;' in 'java/util/LinkedList')}
  0x000001eab80ec164: 0149 b8e0 | fcbb 11eb | 0100 0041 | 8bb8 cc00 | 0000 83c7 | 0241 89b8 | cc00 0000 | 81e7 feff 
  0x000001eab80ec184: 1f00 85ff | 0f84 6099 | 0000 448b | 4214 49c1 | e003 4d85 

  0x000001eab80ec198: ;   {metadata(method data for {method} {0x000001eb1113cd10} 'removeFirst' '()Ljava/lang/Object;' in 'java/util/LinkedList')}
  0x000001eab80ec198: c048 bfe0 | fcbb 11eb | 0100 0048 | bb20 0100 | 0000 0000 | 0074 0a48 | bb10 0100 | 0000 0000 
  0x000001eab80ec1b8: 0048 8b04 | 1f48 8d40 | 0148 8904 | 1f0f 8496 | 5e00 0048 

  0x000001eab80ec1cc: ;   {metadata(method data for {method} {0x000001eb1113cd10} 'removeFirst' '()Ljava/lang/Object;' in 'java/util/LinkedList')}
  0x000001eab80ec1cc: 8bfa 48bb | e0fc bb11 | eb01 0000 | 4883 8340 | 0100 0001 | 0f1f 8000 

  0x000001eab80ec1e4: ;   {optimized virtual_call}
  0x000001eab80ec1e4: 0000 00e8 

  0x000001eab80ec1e8: ; ImmutableOopMap {[232]=Oop [304]=Oop [752]=Oop }
                      ;*invokevirtual unlinkFirst {reexecute=0 rethrow=0 return_oop=0}
                      ; - java.util.LinkedList::removeFirst@19 (line 282)
                      ; - java.util.LinkedList::remove@1 (line 696)
                      ; - com.sun.prism.impl.Disposer::processDisposalQueue@14 (line 184)
                      ; - com.sun.prism.impl.Disposer::cleanUp@9 (line 130)
                      ; - com.sun.javafx.tk.quantum.PresentingPainter::run@159 (line 117)
  0x000001eab80ec1e8: 9428 d206 

  0x000001eab80ec1ec: ;   {other}
  0x000001eab80ec1ec: 0f1f 8400 | 5c3a 0015 | 4885 c075 

  0x000001eab80ec1f8: ;   {metadata(method data for {method} {0x000001eb11d540e0} 'processDisposalQueue' '()V' in 'com/sun/prism/impl/Disposer')}
  0x000001eab80ec1f8: 1648 bf80 | 8ef3 11eb | 0100 0080 | 8f99 0100 | 0001 e9e7 

  0x000001eab80ec20c: ;   {metadata('com/sun/prism/impl/Disposer$Record')}
  0x000001eab80ec20c: 0000 0048 | bb88 4924 | d1ea 0100 | 008b 7808 | 49ba 0000 | 00d0 ea01 | 0000 4903 | fa48 3b5f 
  0x000001eab80ec22c: 200f 841a | 0000 0048 | 3bfb 0f84 | 1100 0000 

  0x000001eab80ec23c: ;   {runtime_call slow_subtype_check Runtime1 stub}
  0x000001eab80ec23c: 5753 e83d | b5de 065f | 5f85 ff0f | 848d 0000 

  0x000001eab80ec24c: ;   {metadata(method data for {method} {0x000001eb11d540e0} 'processDisposalQueue' '()V' in 'com/sun/prism/impl/Disposer')}
  0x000001eab80ec24c: 0048 bf80 | 8ef3 11eb | 0100 008b | 5808 49ba | 0000 00d0 | ea01 0000 | 4903 da48 | 3b9f b001 
  0x000001eab80ec26c: 0000 750d | 4883 87b8 | 0100 0001 | e979 0000 | 0048 3b9f | c001 0000 | 750d 4883 | 87c8 0100 
  0x000001eab80ec28c: 0001 e963 | 0000 0048 | 83bf b001 | 0000 0075 | 1748 899f | b001 0000 | 48c7 87b8 | 0100 0001 
  0x000001eab80ec2ac: 0000 00e9 | 4200 0000 | 4883 bfc0 | 0100 0000 | 7517 4889 | 9fc0 0100 | 0048 c787 | c801 0000 
  0x000001eab80ec2cc: 0100 0000 | e921 0000 | 00e9 1c00 

  0x000001eab80ec2d8: ;   {metadata(method data for {method} {0x000001eb11d540e0} 'processDisposalQueue' '()V' in 'com/sun/prism/impl/Disposer')}
  0x000001eab80ec2d8: 0000 48bf | 808e f311 | eb01 0000 | 4883 afa0 | 0100 0001 | e91e 9800 | 00e9 0000 | 0000 488b 
  0x000001eab80ec2f8: d048 3b02 

  0x000001eab80ec2fc: ;   {metadata(method data for {method} {0x000001eb11d540e0} 'processDisposalQueue' '()V' in 'com/sun/prism/impl/Disposer')}
  0x000001eab80ec2fc: 488b f248 | bf80 8ef3 | 11eb 0100 | 008b 7608 | 49ba 0000 | 00d0 ea01 | 0000 4903 | f248 3bb7 
  0x000001eab80ec31c: e801 0000 | 750d 4883 | 87f0 0100 | 0001 e960 | 0000 0048 | 3bb7 f801 | 0000 750d | 4883 8700 
  0x000001eab80ec33c: 0200 0001 | e94a 0000 | 0048 83bf | e801 0000 | 0075 1748 | 89b7 e801 | 0000 48c7 | 87f0 0100 
  0x000001eab80ec35c: 0001 0000 | 00e9 2900 | 0000 4883 | bff8 0100 | 0000 7517 | 4889 b7f8 | 0100 0048 | c787 0002 
  0x000001eab80ec37c: 0000 0100 | 0000 e908 | 0000 0048 | 8387 d801 | 0000 0166 | 0f1f 4400 | 0048 b8ff | ffff ffff 
  0x000001eab80ec39c: ;   {virtual_call}
  0x000001eab80ec39c: ffff ffe8 

  0x000001eab80ec3a0: ; ImmutableOopMap {[232]=Oop [304]=Oop [752]=Oop }
                      ;*invokeinterface dispose {reexecute=0 rethrow=0 return_oop=0}
                      ; - com.sun.prism.impl.Disposer::processDisposalQueue@20 (line 184)
                      ; - com.sun.prism.impl.Disposer::cleanUp@9 (line 130)
                      ; - com.sun.javafx.tk.quantum.PresentingPainter::run@159 (line 117)
  0x000001eab80ec3a0: dc29 d206 

  0x000001eab80ec3a4: ;   {other}
  0x000001eab80ec3a4: 0f1f 8400 | 143c 0016 

  0x000001eab80ec3ac: ;   {metadata(method data for {method} {0x000001eb11d540e0} 'processDisposalQueue' '()V' in 'com/sun/prism/impl/Disposer')}
  0x000001eab80ec3ac: 48b8 808e | f311 eb01 | 0000 448b | 80d0 0000 | 0041 83c0 | 0244 8980 | d000 0000 | 4181 e0fe 
  0x000001eab80ec3cc: 3f00 0045 | 85c0 0f84 | 4597 0000 | 4d8b 9750 

  0x000001eab80ec3dc: ; ImmutableOopMap {[232]=Oop [304]=Oop [752]=Oop }
                      ;*goto {reexecute=1 rethrow=0 return_oop=0}
                      ; - (reexecute) com.sun.prism.impl.Disposer::processDisposalQueue@25 (line 184)
                      ; - com.sun.prism.impl.Disposer::cleanUp@9 (line 130)
                      ; - com.sun.javafx.tk.quantum.PresentingPainter::run@159 (line 117)
                      ;   {poll}
  0x000001eab80ec3dc: 0400 0041 

  0x000001eab80ec3e0: ;   {metadata(method data for {method} {0x000001eb11d540e0} 'processDisposalQueue' '()V' in 'com/sun/prism/impl/Disposer')}
  0x000001eab80ec3e0: 8502 48b8 | 808e f311 | eb01 0000 | ff80 1002 | 0000 488b | b424 3001 | 0000 e989 | fbff ff48 
  0x000001eab80ec400: 8d84 24e8 | 0200 004c | 8b00 4d85 | c00f 840f | 0000 0048 | 8b50 08f0 | 4c0f b102 | 0f85 1c97 
  0x000001eab80ec420: 0000 49ff | 8f48 0500 

  0x000001eab80ec428: ;   {metadata(method data for {method} {0x000001eb119dcc38} 'run' '()V' in 'com/sun/javafx/tk/quantum/PresentingPainter')}
  0x000001eab80ec428: 0049 b820 | acf3 11eb | 0100 0041 | ff80 7805 | 0000 488b | 9424 e800 | 0000 448b | 4228 49c1 
  0x000001eab80ec448: e003 493b | 0049 8bf0 

  0x000001eab80ec450: ;   {metadata(method data for {method} {0x000001eb119dcc38} 'run' '()V' in 'com/sun/javafx/tk/quantum/PresentingPainter')}
  0x000001eab80ec450: 48bf 20ac | f311 eb01 | 0000 8b76 | 0849 ba00 | 0000 d0ea | 0100 0049 | 03f2 483b | b798 0500 
  0x000001eab80ec470: 0075 0d48 | 8387 a005 | 0000 01e9 | 6000 0000 | 483b b7a8 | 0500 0075 | 0d48 8387 | b005 0000 
  0x000001eab80ec490: 01e9 4a00 | 0000 4883 | bf98 0500 | 0000 7517 | 4889 b798 | 0500 0048 | c787 a005 | 0000 0100 
  0x000001eab80ec4b0: 0000 e929 | 0000 0048 | 83bf a805 | 0000 0075 | 1748 89b7 | a805 0000 | 48c7 87b0 | 0500 0001 
  0x000001eab80ec4d0: 0000 00e9 | 0800 0000 | 4883 8788 | 0500 0001 

  0x000001eab80ec4e0: ;   {metadata(method data for {method} {0x000001eb119e29e0} 'unlock' '()V' in 'com/sun/prism/PresentableState')}
  0x000001eab80ec4e0: 48be 5032 | f411 eb01 | 0000 8bbe | cc00 0000 | 83c7 0289 | becc 0000 | 0081 e7fe | ff1f 0085 
  0x000001eab80ec500: ff0f 8452 | 9600 0041 | 8b58 6848 | c1e3 0348 

  0x000001eab80ec510: ;   {metadata(method data for {method} {0x000001eb119e29e0} 'unlock' '()V' in 'com/sun/prism/PresentableState')}
  0x000001eab80ec510: 85db 49b8 | 5032 f411 | eb01 0000 | 48be 1001 | 0000 0000 | 0000 740a | 48be 2001 | 0000 0000 
  0x000001eab80ec530: 0000 498b | 3c30 488d | 7f01 4989 | 3c30 0f84 | 7001 0000 

  0x000001eab80ec544: ; implicit exception: dispatches to 0x000001eab80f5b7a
  0x000001eab80ec544: 483b 034c 

  0x000001eab80ec548: ;   {metadata(method data for {method} {0x000001eb119e29e0} 'unlock' '()V' in 'com/sun/prism/PresentableState')}
  0x000001eab80ec548: 8bc3 48be | 5032 f411 | eb01 0000 | 458b 4008 | 49ba 0000 | 00d0 ea01 | 0000 4d03 | c24c 3b86 
  0x000001eab80ec568: 4001 0000 | 750d 4883 | 8648 0100 | 0001 e960 | 0000 004c | 3b86 5001 | 0000 750d | 4883 8658 
  0x000001eab80ec588: 0100 0001 | e94a 0000 | 0048 83be | 4001 0000 | 0075 174c | 8986 4001 | 0000 48c7 | 8648 0100 
  0x000001eab80ec5a8: 0001 0000 | 00e9 2900 | 0000 4883 | be50 0100 | 0000 7517 | 4c89 8650 | 0100 0048 | c786 5801 
  0x000001eab80ec5c8: 0000 0100 | 0000 e908 | 0000 0048 | 8386 3001 

  0x000001eab80ec5d8: ;   {metadata(method data for {method} {0x000001eb1153f840} 'unlock' '()V' in 'com/sun/glass/ui/View')}
  0x000001eab80ec5d8: 0000 0149 | b8e8 90f3 | 11eb 0100 | 0041 8bb0 | cc00 0000 | 83c6 0241 | 89b0 cc00 | 0000 81e6 
  0x000001eab80ec5f8: feff 1f00 | 85f6 0f84 | 7b95 0000 

  0x000001eab80ec604: ;   {metadata(method data for {method} {0x000001eb1153f840} 'unlock' '()V' in 'com/sun/glass/ui/View')}
  0x000001eab80ec604: 4c8b c348 | bee8 90f3 | 11eb 0100 | 0048 8386 | 1001 0000 

  0x000001eab80ec618: ;   {metadata(method data for {method} {0x000001eb1153d880} 'checkNotClosed' '()V' in 'com/sun/glass/ui/View')}
  0x000001eab80ec618: 0149 b8c0 | d9e4 11eb | 0100 0041 | 8bb0 cc00 | 0000 83c6 | 0241 89b0 | cc00 0000 | 81e6 feff 
  0x000001eab80ec638: 1f00 85f6 | 0f84 5e95 | 0000 c5fb | 1043 10c4 | c1f9 7ec0 | 4983 f800 

  0x000001eab80ec650: ;   {metadata(method data for {method} {0x000001eb1153d880} 'checkNotClosed' '()V' in 'com/sun/glass/ui/View')}
  0x000001eab80ec650: 49b8 c0d9 | e411 eb01 | 0000 48be | 2001 0000 | 0000 0000 | 740a 48be | 1001 0000 | 0000 0000 
  0x000001eab80ec670: 498b 3c30 | 488d 7f01 | 4989 3c30 | 0f84 2759 | 0000 c5fb | 1043 10c4 | c1f9 7ec0 

  0x000001eab80ec68c: ;   {metadata(method data for {method} {0x000001eb1153f840} 'unlock' '()V' in 'com/sun/glass/ui/View')}
  0x000001eab80ec68c: 488b f348 | bfe8 90f3 | 11eb 0100 | 0048 8387 | 6001 0000 | 0148 8bd3 

  0x000001eab80ec6a4: ;   {optimized virtual_call}
  0x000001eab80ec6a4: 6666 90e8 

  0x000001eab80ec6a8: ; ImmutableOopMap {[232]=Oop }
                      ;*invokevirtual _end {reexecute=0 rethrow=0 return_oop=0}
                      ; - com.sun.glass.ui.View::unlock@9 (line 748)
                      ; - com.sun.prism.PresentableState::unlock@11 (line 296)
                      ; - com.sun.javafx.tk.quantum.PresentingPainter::run@170 (line 120)
  0x000001eab80ec6a8: d423 d206 

  0x000001eab80ec6ac: ;   {other}
  0x000001eab80ec6ac: 0f1f 8400 | 1c3f 0018 | 488b 9424 | e800 0000 | 448b 4228 | 49c1 e003 

  0x000001eab80ec6c4: ; implicit exception: dispatches to 0x000001eab80f5bc1
  0x000001eab80ec6c4: 493b 0049 

  0x000001eab80ec6c8: ;   {metadata(method data for {method} {0x000001eb119dcc38} 'run' '()V' in 'com/sun/javafx/tk/quantum/PresentingPainter')}
  0x000001eab80ec6c8: 8bf0 48bf | 20ac f311 | eb01 0000 

  0x000001eab80ec6d4: ;   {metadata('com/sun/javafx/tk/quantum/SceneState')}
  0x000001eab80ec6d4: 49ba 2030 | 1ad1 ea01 | 0000 4c89 | 97d0 0500 | 0048 8387 | d805 0000 | 0145 8b40 | 6c49 c1e0 
  0x000001eab80ec6f4: 034d 85c0 

  0x000001eab80ec6f8: ;   {metadata(method data for {method} {0x000001eb119dcc38} 'run' '()V' in 'com/sun/javafx/tk/quantum/PresentingPainter')}
  0x000001eab80ec6f8: 7516 48bf | 20ac f311 | eb01 0000 | 808f f105 | 0000 01e9 | ce00 0000 

  0x000001eab80ec710: ;   {metadata('com/sun/javafx/tk/quantum/ViewScene')}
  0x000001eab80ec710: 48bb 08e4 | 19d1 ea01 | 0000 418b | 7008 49ba | 0000 00d0 | ea01 0000 | 4903 f248 | 3bde 0f85 
  0x000001eab80ec730: 8e00 0000 

  0x000001eab80ec734: ;   {metadata(method data for {method} {0x000001eb119dcc38} 'run' '()V' in 'com/sun/javafx/tk/quantum/PresentingPainter')}
  0x000001eab80ec734: 48bf 20ac | f311 eb01 | 0000 418b | 5808 49ba | 0000 00d0 | ea01 0000 | 4903 da48 | 3b9f 0806 
  0x000001eab80ec754: 0000 750d | 4883 8710 | 0600 0001 | e979 0000 | 0048 3b9f | 1806 0000 | 750d 4883 | 8720 0600 
  0x000001eab80ec774: 0001 e963 | 0000 0048 | 83bf 0806 | 0000 0075 | 1748 899f | 0806 0000 | 48c7 8710 | 0600 0001 
  0x000001eab80ec794: 0000 00e9 | 4200 0000 | 4883 bf18 | 0600 0000 | 7517 4889 | 9f18 0600 | 0048 c787 | 2006 0000 
  0x000001eab80ec7b4: 0100 0000 | e921 0000 | 00e9 1c00 

  0x000001eab80ec7c0: ;   {metadata(method data for {method} {0x000001eb119dcc38} 'run' '()V' in 'com/sun/javafx/tk/quantum/PresentingPainter')}
  0x000001eab80ec7c0: 0000 48bf | 20ac f311 | eb01 0000 | 4883 aff8 | 0500 0001 | e9ed 9300 | 00e9 0000 | 0000 493b 
  0x000001eab80ec7e0: 0049 8bf0 

  0x000001eab80ec7e4: ;   {metadata(method data for {method} {0x000001eb119dcc38} 'run' '()V' in 'com/sun/javafx/tk/quantum/PresentingPainter')}
  0x000001eab80ec7e4: 48bf 20ac | f311 eb01 | 0000 8b76 | 0849 ba00 | 0000 d0ea | 0100 0049 | 03f2 483b | b740 0600 
  0x000001eab80ec804: 0075 0d48 | 8387 4806 | 0000 01e9 | 6000 0000 | 483b b750 | 0600 0075 | 0d48 8387 | 5806 0000 
  0x000001eab80ec824: 01e9 4a00 | 0000 4883 | bf40 0600 | 0000 7517 | 4889 b740 | 0600 0048 | c787 4806 | 0000 0100 
  0x000001eab80ec844: 0000 e929 | 0000 0048 | 83bf 5006 | 0000 0075 | 1748 89b7 | 5006 0000 | 48c7 8758 | 0600 0001 
  0x000001eab80ec864: 0000 00e9 | 0800 0000 | 4883 8730 | 0600 0001 

  0x000001eab80ec874: ;   {metadata(method data for {method} {0x000001eb1151dd70} 'setPainting' '(Z)Z' in 'com/sun/javafx/tk/quantum/GlassScene')}
  0x000001eab80ec874: 48be 5810 | e611 eb01 | 0000 8bbe | cc00 0000 | 83c7 0289 | becc 0000 | 0081 e7fe | ff1f 0085 
  0x000001eab80ec894: ff0f 8439 | 9300 0041 | 8b58 3848 | c1e3 0348 | 3b03 4c8b 

  0x000001eab80ec8a8: ;   {metadata(method data for {method} {0x000001eb1151dd70} 'setPainting' '(Z)Z' in 'com/sun/javafx/tk/quantum/GlassScene')}
  0x000001eab80ec8a8: c348 be58 | 10e6 11eb | 0100 0048 | 8386 1001 

  0x000001eab80ec8b8: ;   {metadata(method data for {method} {0x000001eb1112f1e0} 'getAndSet' '(Z)Z' in 'java/util/concurrent/atomic/AtomicBoolean')}
  0x000001eab80ec8b8: 0000 0149 | b8b0 9eba | 11eb 0100 | 0041 8bb0 | cc00 0000 | 83c6 0241 | 89b0 cc00 | 0000 81e6 
  0x000001eab80ec8d8: feff 1f00 | 85f6 0f84 | 1693 0000 

  0x000001eab80ec8e4: ;   {metadata(method data for {method} {0x000001eb1112f1e0} 'getAndSet' '(Z)Z' in 'java/util/concurrent/atomic/AtomicBoolean')}
  0x000001eab80ec8e4: 49b8 b09e | ba11 eb01 | 0000 41ff | 8010 0100 

  0x000001eab80ec8f4: ;   {metadata(method data for {method} {0x000001ead0157d50} 'guard_LI_I' '(Ljava/lang/invoke/VarHandle;Ljava/lang/Object;ILjava/lang/invoke/VarHandle$AccessDescriptor;)I' in 'java/lang/invoke/VarHandleGuards')}
  0x000001eab80ec8f4: 0049 b8a8 | 5305 11eb | 0100 004d | 8d80 d803 

  0x000001eab80ec904: ;   {oop(a 'java/lang/invoke/VarHandleInts$FieldInstanceReadWrite'{0x000000070458d6d0})}
  0x000001eab80ec904: 0000 48be | d0d6 5804 | 0700 0000 | 4885 f675 | 0b41 f600 | 0175 05f0 | 4983 0801 

  0x000001eab80ec920: ;   {metadata(method data for {method} {0x000001eb1112f1e0} 'getAndSet' '(Z)Z' in 'java/util/concurrent/atomic/AtomicBoolean')}
  0x000001eab80ec920: 49b8 b09e | ba11 eb01 | 0000 4983 | 8048 0100 

  0x000001eab80ec930: ;   {metadata(method data for {method} {0x000001ead0157d50} 'guard_LI_I' '(Ljava/lang/invoke/VarHandle;Ljava/lang/Object;ILjava/lang/invoke/VarHandle$AccessDescriptor;)I' in 'java/lang/invoke/VarHandleGuards')}
  0x000001eab80ec930: 0001 49b8 | a853 0511 | eb01 0000 | 418b b8cc | 0000 0083 | c702 4189 | b8cc 0000 | 0081 e7fe 
  0x000001eab80ec950: ff1f 0085 | ff0f 84c0 

  0x000001eab80ec958: ;   {metadata(method data for {method} {0x000001ead0157d50} 'guard_LI_I' '(Ljava/lang/invoke/VarHandle;Ljava/lang/Object;ILjava/lang/invoke/VarHandle$AccessDescriptor;)I' in 'java/lang/invoke/VarHandleGuards')}
  0x000001eab80ec958: 9200 0049 | b8a8 5305 | 11eb 0100 | 004d 8d80 | 4801 0000 

  0x000001eab80ec96c: ;   {oop(a 'java/lang/invoke/VarHandle$AccessDescriptor'{0x000000070444d1c0})}
  0x000001eab80ec96c: 48bf c0d1 | 4404 0700 | 0000 4885 | ff75 0d41 | f640 0801 | 7506 f049 | 8348 0801 

  0x000001eab80ec988: ;   {metadata(method data for {method} {0x000001ead0157d50} 'guard_LI_I' '(Ljava/lang/invoke/VarHandle;Ljava/lang/Object;ILjava/lang/invoke/VarHandle$AccessDescriptor;)I' in 'java/lang/invoke/VarHandleGuards')}
  0x000001eab80ec988: 49b8 a853 | 0511 eb01 | 0000 8b76 | 0849 ba00 | 0000 d0ea | 0100 0049 | 03f2 493b | b020 0100 
  0x000001eab80ec9a8: 0075 0d49 | 8380 2801 | 0000 01e9 | 6000 0000 | 493b b030 | 0100 0075 | 0d49 8380 | 3801 0000 
  0x000001eab80ec9c8: 01e9 4a00 | 0000 4983 | b820 0100 | 0000 7517 | 4989 b020 | 0100 0049 | c780 2801 | 0000 0100 
  0x000001eab80ec9e8: 0000 e929 | 0000 0049 | 83b8 3001 | 0000 0075 | 1749 89b0 | 3001 0000 | 49c7 8038 | 0100 0001 
  0x000001eab80eca08: 0000 00e9 | 0800 0000 | 4983 8010 | 0100 0001 

  0x000001eab80eca18: ;   {metadata(method data for {method} {0x000001ead0093f08} 'checkAccessModeThenIsDirect' '(Ljava/lang/invoke/VarHandle$AccessDescriptor;)Z' in 'java/lang/invoke/VarHandle')}
  0x000001eab80eca18: 49b8 9857 | 0511 eb01 | 0000 418b | b0cc 0000 | 0083 c602 | 4189 b0cc | 0000 0081 | e6fe ff1f 
  0x000001eab80eca38: 0085 f60f | 84fb 9100 

  0x000001eab80eca40: ;   {metadata(method data for {method} {0x000001ead0093f08} 'checkAccessModeThenIsDirect' '(Ljava/lang/invoke/VarHandle$AccessDescriptor;)Z' in 'java/lang/invoke/VarHandle')}
  0x000001eab80eca40: 0049 b898 | 5705 11eb | 0100 0041 | ff80 1001 

  0x000001eab80eca50: ;   {metadata(method data for {method} {0x000001ead0157d50} 'guard_LI_I' '(Ljava/lang/invoke/VarHandle;Ljava/lang/Object;ILjava/lang/invoke/VarHandle$AccessDescriptor;)I' in 'java/lang/invoke/VarHandleGuards')}
  0x000001eab80eca50: 0000 49b8 | a853 0511 | eb01 0000 | 41ff 8070 

  0x000001eab80eca60: ;   {metadata(method data for {method} {0x000001ead0157d50} 'guard_LI_I' '(Ljava/lang/invoke/VarHandle;Ljava/lang/Object;ILjava/lang/invoke/VarHandle$AccessDescriptor;)I' in 'java/lang/invoke/VarHandleGuards')}
  0x000001eab80eca60: 0100 0049 | b8a8 5305 | 11eb 0100 | 0041 ff80 | 9001 0000 

  0x000001eab80eca74: ;   {oop(a 'java/lang/invoke/VarForm'{0x00000007045949a0})}
  0x000001eab80eca74: 49b8 a049 | 5904 0700 

  0x000001eab80eca7c: ;   {metadata(method data for {method} {0x000001ead0157d50} 'guard_LI_I' '(Ljava/lang/invoke/VarHandle;Ljava/lang/Object;ILjava/lang/invoke/VarHandle$AccessDescriptor;)I' in 'java/lang/invoke/VarHandleGuards')}
  0x000001eab80eca7c: 0000 48be | a853 0511 | eb01 0000 | 4883 86a0 | 0100 0001 

  0x000001eab80eca90: ;   {metadata(method data for {method} {0x000001ead0155cf0} 'getMemberName' '(I)Ljava/lang/invoke/MemberName;' in 'java/lang/invoke/VarForm')}
  0x000001eab80eca90: 49b8 c863 | 0511 eb01 | 0000 418b | b0cc 0000 | 0083 c602 | 4189 b0cc | 0000 0081 | e6fe ff1f 
  0x000001eab80ecab0: 0085 f60f | 84a4 9100 

  0x000001eab80ecab8: ;   {metadata(method data for {method} {0x000001ead0155cf0} 'getMemberName' '(I)Ljava/lang/invoke/MemberName;' in 'java/lang/invoke/VarForm')}
  0x000001eab80ecab8: 0049 b8c8 | 6305 11eb | 0100 0041 | ff80 1001 

  0x000001eab80ecac8: ;   {metadata(method data for {method} {0x000001ead0157d50} 'guard_LI_I' '(Ljava/lang/invoke/VarHandle;Ljava/lang/Object;ILjava/lang/invoke/VarHandle$AccessDescriptor;)I' in 'java/lang/invoke/VarHandleGuards')}
  0x000001eab80ecac8: 0000 49b8 | a853 0511 | eb01 0000 | 4d8d 80d8 

  0x000001eab80ecad8: ;   {oop(a 'java/lang/invoke/MemberName'{0x0000000704594de0} = {method} {0x000001eb110e9768} 'getAndSet' '(Ljava/lang/invoke/VarHandle;Ljava/lang/Object;I)I' in 'java/lang/invoke/VarHandleInts$FieldInstanceReadWrite')}
  0x000001eab80ecad8: 0100 0048 | bee0 4d59 | 0407 0000 | 0048 85f6 | 750b 41f6 | 0001 7505 | f049 8308 

  0x000001eab80ecaf4: ;   {metadata(method data for {method} {0x000001ead0157d50} 'guard_LI_I' '(Ljava/lang/invoke/VarHandle;Ljava/lang/Object;ILjava/lang/invoke/VarHandle$AccessDescriptor;)I' in 'java/lang/invoke/VarHandleGuards')}
  0x000001eab80ecaf4: 0149 b8a8 | 5305 11eb | 0100 004d | 8d80 f801 

  0x000001eab80ecb04: ;   {oop(a 'java/lang/invoke/VarHandleInts$FieldInstanceReadWrite'{0x000000070458d6d0})}
  0x000001eab80ecb04: 0000 48be | d0d6 5804 | 0700 0000 | 4885 f675 | 0d41 f640 | 0801 7506 | f049 8348 

  0x000001eab80ecb20: ;   {metadata(method data for {method} {0x000001ead0157d50} 'guard_LI_I' '(Ljava/lang/invoke/VarHandle;Ljava/lang/Object;ILjava/lang/invoke/VarHandle$AccessDescriptor;)I' in 'java/lang/invoke/VarHandleGuards')}
  0x000001eab80ecb20: 0801 49b8 | a853 0511 | eb01 0000 | 4983 80e8 | 0100 0001 

  0x000001eab80ecb34: ;   {metadata(method data for {method} {0x000001eb110e9768} 'getAndSet' '(Ljava/lang/invoke/VarHandle;Ljava/lang/Object;I)I' in 'java/lang/invoke/VarHandleInts$FieldInstanceReadWrite')}
  0x000001eab80ecb34: 49b8 c8a0 | ba11 eb01 | 0000 418b | b0cc 0000 | 0083 c602 | 4189 b0cc | 0000 0081 | e6fe ff1f 
  0x000001eab80ecb54: 0085 f60f | 8421 9100 

  0x000001eab80ecb5c: ;   {oop(a 'java/lang/Class'{0x000000070458d6f8} = 'java/util/concurrent/atomic/AtomicBoolean')}
  0x000001eab80ecb5c: 0049 b8f8 | d658 0407 

  0x000001eab80ecb64: ;   {metadata(method data for {method} {0x000001eb110e9768} 'getAndSet' '(Ljava/lang/invoke/VarHandle;Ljava/lang/Object;I)I' in 'java/lang/invoke/VarHandleInts$FieldInstanceReadWrite')}
  0x000001eab80ecb64: 0000 0048 | bec8 a0ba | 11eb 0100 | 0048 8386 | 4801 0000 

  0x000001eab80ecb78: ;   {metadata(method data for {method} {0x000001ead046e870} 'cast' '(Ljava/lang/Object;)Ljava/lang/Object;' in 'java/lang/Class')}
  0x000001eab80ecb78: 0149 b8e8 | 7713 11eb | 0100 0041 | 8bb0 cc00 | 0000 83c6 | 0241 89b0 | cc00 0000 | 81e6 feff 
  0x000001eab80ecb98: 1f00 85f6 | 0f84 fd90 | 0000 4885 

  0x000001eab80ecba4: ;   {metadata(method data for {method} {0x000001ead046e870} 'cast' '(Ljava/lang/Object;)Ljava/lang/Object;' in 'java/lang/Class')}
  0x000001eab80ecba4: db49 b8e8 | 7713 11eb | 0100 0048 | be10 0100 | 0000 0000 | 0074 0a48 | be20 0100 | 0000 0000 
  0x000001eab80ecbc4: 0049 8b3c | 3048 8d7f | 0149 893c | 300f 8492 

  0x000001eab80ecbd4: ;   {oop(a 'java/lang/Class'{0x000000070458d6f8} = 'java/util/concurrent/atomic/AtomicBoolean')}
  0x000001eab80ecbd4: 0000 0049 | b8f8 d658 | 0407 0000 

  0x000001eab80ecbe0: ;   {metadata(method data for {method} {0x000001ead046e870} 'cast' '(Ljava/lang/Object;)Ljava/lang/Object;' in 'java/lang/Class')}
  0x000001eab80ecbe0: 0048 bee8 | 7713 11eb | 0100 0048 | 8386 3001 | 0000 0148 | 85db 0f84 | 2900 0000 

  0x000001eab80ecbfc: ;   {metadata('java/util/concurrent/atomic/AtomicBoolean')}
  0x000001eab80ecbfc: 48b8 50ac | 05d1 ea01 | 0000 8b7b | 0849 ba00 | 0000 d0ea | 0100 0049 | 03fa 483b | 4738 0f85 
  0x000001eab80ecc1c: 0500 0000 | e905 0000 | 004d 33c0 | eb0a 49b8 | 0100 0000 | 0000 0000 

  0x000001eab80ecc34: ;   {metadata(method data for {method} {0x000001ead046e870} 'cast' '(Ljava/lang/Object;)Ljava/lang/Object;' in 'java/lang/Class')}
  0x000001eab80ecc34: 4585 c049 | b8e8 7713 | 11eb 0100 | 0048 be78 | 0100 0000 | 0000 0074 | 0a48 be68 | 0100 0000 
  0x000001eab80ecc54: 0000 0049 | 8b3c 3048 | 8d7f 0149 | 893c 300f | 8468 5200 

  0x000001eab80ecc68: ;   {metadata(method data for {method} {0x000001eb110e9768} 'getAndSet' '(Ljava/lang/invoke/VarHandle;Ljava/lang/Object;I)I' in 'java/lang/invoke/VarHandleInts$FieldInstanceReadWrite')}
  0x000001eab80ecc68: 0049 b8c8 | a0ba 11eb | 0100 0049 | 8380 8001 

  0x000001eab80ecc78: ;   {metadata(method data for {method} {0x000001ead00564a0} 'requireNonNull' '(Ljava/lang/Object;)Ljava/lang/Object;' in 'java/util/Objects')}
  0x000001eab80ecc78: 0000 0149 | b8e0 3b01 | 11eb 0100 | 0041 8bb0 | cc00 0000 | 83c6 0241 | 89b0 cc00 | 0000 81e6 
  0x000001eab80ecc98: feff 1f00 | 85f6 0f84 | 1c90 0000 

  0x000001eab80ecca4: ;   {metadata(method data for {method} {0x000001ead00564a0} 'requireNonNull' '(Ljava/lang/Object;)Ljava/lang/Object;' in 'java/util/Objects')}
  0x000001eab80ecca4: 4885 db49 | b8e0 3b01 | 11eb 0100 | 0048 be20 | 0100 0000 | 0000 0074 | 0a48 be10 | 0100 0000 
  0x000001eab80eccc4: 0000 0049 | 8b3c 3048 | 8d7f 0149 | 893c 300f | 845b 5100 | 004c 8d43 | 0cbe 0000 | 0000 4187 
  0x000001eab80ecce4: ;   {metadata(method data for {method} {0x000001eb1112f1e0} 'getAndSet' '(Z)Z' in 'java/util/concurrent/atomic/AtomicBoolean')}
  0x000001eab80ecce4: 3085 f649 | b8b0 9eba | 11eb 0100 | 0048 be98 | 0100 0000 | 0000 0074 | 0a48 bea8 | 0100 0000 
  0x000001eab80ecd04: 0000 0049 | 8b3c 3048 | 8d7f 0149 | 893c 300f | 841c 0000 

  0x000001eab80ecd18: ;   {metadata(method data for {method} {0x000001eb1112f1e0} 'getAndSet' '(Z)Z' in 'java/util/concurrent/atomic/AtomicBoolean')}
  0x000001eab80ecd18: 0049 b8b0 | 9eba 11eb | 0100 0041 | ff80 b801 | 0000 41b8 | 0100 0000 | e906 0000 | 0041 b800 
  0x000001eab80ecd38: 0000 0041 | 83e0 0141 | 83e0 0144 | 8b42 3049 | c1e0 034d 

  0x000001eab80ecd4c: ;   {metadata(method data for {method} {0x000001eb119dcc38} 'run' '()V' in 'com/sun/javafx/tk/quantum/PresentingPainter')}
  0x000001eab80ecd4c: 85c0 48ba | 20ac f311 | eb01 0000 | 48be 6806 | 0000 0000 | 0000 740a | 48be 7806 | 0000 0000 
  0x000001eab80ecd6c: 0000 488b | 3c32 488d | 7f01 4889 | 3c32 0f84 | 3c01 0000 | 4d85 c00f | 842a 0000 

  0x000001eab80ecd88: ;   {metadata('com/sun/prism/d3d/D3DResourceFactory')}
  0x000001eab80ecd88: 0048 bb50 | d102 d1ea | 0100 0041 | 8b78 0849 | ba00 0000 | d0ea 0100 | 0049 03fa | 483b 5f48 
  0x000001eab80ecda8: 0f85 338f | 0000 e900 | 0000 0049 | 8bd0 493b 

  0x000001eab80ecdb8: ;   {metadata(method data for {method} {0x000001eb119dcc38} 'run' '()V' in 'com/sun/javafx/tk/quantum/PresentingPainter')}
  0x000001eab80ecdb8: 0048 ba20 | acf3 11eb 

  0x000001eab80ecdc0: ;   {metadata('com/sun/prism/d3d/D3DResourceFactory')}
  0x000001eab80ecdc0: 0100 0049 | ba50 d102 | d1ea 0100 | 004c 8992 | 9806 0000 | 4883 82a0 | 0600 0001 

  0x000001eab80ecddc: ;   {metadata(method data for {method} {0x000001eb1150e910} 'getTextureResourcePool' '()Lcom/sun/prism/impl/TextureResourcePool;' in 'com/sun/prism/d3d/D3DResourceFactory')}
  0x000001eab80ecddc: 49b8 5093 | f311 eb01 | 0000 418b | 90cc 0000 | 0083 c202 | 4189 90cc | 0000 0081 | e2fe ff1f 
  0x000001eab80ecdfc: 0085 d20f | 84e6 8e00 

  0x000001eab80ece04: ;   {oop(a 'com/sun/prism/d3d/D3DVramPool'{0x0000000704d175f8})}
  0x000001eab80ece04: 0048 baf8 | 75d1 0407 | 0000 004c 

  0x000001eab80ece10: ;   {metadata(method data for {method} {0x000001eb119dcc38} 'run' '()V' in 'com/sun/javafx/tk/quantum/PresentingPainter')}
  0x000001eab80ece10: 8bc2 48be | 20ac f311 | eb01 0000 | 458b 4008 | 49ba 0000 | 00d0 ea01 | 0000 4d03 | c24c 3b86 
  0x000001eab80ece30: d006 0000 | 750d 4883 | 86d8 0600 | 0001 e960 | 0000 004c | 3b86 e006 | 0000 750d | 4883 86e8 
  0x000001eab80ece50: 0600 0001 | e94a 0000 | 0048 83be | d006 0000 | 0075 174c | 8986 d006 | 0000 48c7 | 86d8 0600 
  0x000001eab80ece70: 0001 0000 | 00e9 2900 | 0000 4883 | bee0 0600 | 0000 7517 | 4c89 86e0 | 0600 0048 | c786 e806 
  0x000001eab80ece90: 0000 0100 | 0000 e908 | 0000 0048 | 8386 c006 | 0000 0141 | b800 0000 | 0066 0f1f 

  0x000001eab80eceac: ;   {optimized virtual_call}
  0x000001eab80eceac: 4400 00e8 

  0x000001eab80eceb0: ; ImmutableOopMap {}
                      ;*invokeinterface freeDisposalRequestedAndCheckResources {reexecute=0 rethrow=0 return_oop=0}
                      ; - com.sun.javafx.tk.quantum.PresentingPainter::run@209 (line 127)
  0x000001eab80eceb0: cc1b d206 

  0x000001eab80eceb4: ;   {other}
  0x000001eab80eceb4: 0f1f 8400 | 2447 0019 

  0x000001eab80ecebc: ;   {oop(a 'java/util/concurrent/locks/ReentrantLock'{0x000000070494c798})}
  0x000001eab80ecebc: 49b8 98c7 | 9404 0700 | 0000 498b 

  0x000001eab80ecec8: ;   {metadata(method data for {method} {0x000001eb119dcc38} 'run' '()V' in 'com/sun/javafx/tk/quantum/PresentingPainter')}
  0x000001eab80ecec8: d048 be20 | acf3 11eb | 0100 008b | 5208 49ba | 0000 00d0 | ea01 0000 | 4903 d248 | 3b96 0807 
  0x000001eab80ecee8: 0000 750d | 4883 8610 | 0700 0001 | e960 0000 | 0048 3b96 | 1807 0000 | 750d 4883 | 8620 0700 
  0x000001eab80ecf08: 0001 e94a | 0000 0048 | 83be 0807 | 0000 0075 | 1748 8996 | 0807 0000 | 48c7 8610 | 0700 0001 
  0x000001eab80ecf28: 0000 00e9 | 2900 0000 | 4883 be18 | 0700 0000 | 7517 4889 | 9618 0700 | 0048 c786 | 2007 0000 
  0x000001eab80ecf48: 0100 0000 | e908 0000 | 0048 8386 | f806 0000 

  0x000001eab80ecf58: ;   {metadata(method data for {method} {0x000001ead017ee20} 'unlock' '()V' in 'java/util/concurrent/locks/ReentrantLock')}
  0x000001eab80ecf58: 0148 bae0 | 6113 11eb | 0100 008b | b2cc 0000 | 0083 c602 | 89b2 cc00 | 0000 81e6 | feff 1f00 
  0x000001eab80ecf78: 85f6 0f84 | 8c8d 0000 | 418b 700c | 48c1 e603 

  0x000001eab80ecf88: ; implicit exception: dispatches to 0x000001eab80f5d2d
  0x000001eab80ecf88: 483b 064c 

  0x000001eab80ecf8c: ;   {metadata(method data for {method} {0x000001ead017ee20} 'unlock' '()V' in 'java/util/concurrent/locks/ReentrantLock')}
  0x000001eab80ecf8c: 8bc6 48ba | e061 1311 | eb01 0000 | 4883 8210 | 0100 0001 

  0x000001eab80ecfa0: ;   {metadata(method data for {method} {0x000001ead01b01a8} 'release' '(I)Z' in 'java/util/concurrent/locks/AbstractQueuedSynchronizer')}
  0x000001eab80ecfa0: 49b8 6863 | 1311 eb01 | 0000 418b | 90cc 0000 | 0083 c202 | 4189 90cc | 0000 0081 | e2fe ff1f 
  0x000001eab80ecfc0: 0085 d20f | 8469 8d00 | 004c 8bc6 

  0x000001eab80ecfcc: ;   {metadata(method data for {method} {0x000001ead01b01a8} 'release' '(I)Z' in 'java/util/concurrent/locks/AbstractQueuedSynchronizer')}
  0x000001eab80ecfcc: 48ba 6863 | 1311 eb01 | 0000 458b | 4008 49ba | 0000 00d0 | ea01 0000 | 4d03 c24c | 3b82 2001 
  0x000001eab80ecfec: 0000 750d | 4883 8228 | 0100 0001 | e960 0000 | 004c 3b82 | 3001 0000 | 750d 4883 | 8238 0100 
  0x000001eab80ed00c: 0001 e94a | 0000 0048 | 83ba 2001 | 0000 0075 | 174c 8982 | 2001 0000 | 48c7 8228 | 0100 0001 
  0x000001eab80ed02c: 0000 00e9 | 2900 0000 | 4883 ba30 | 0100 0000 | 7517 4c89 | 8230 0100 | 0048 c782 | 3801 0000 
  0x000001eab80ed04c: 0100 0000 | e908 0000 | 0048 8382 | 1001 0000 | 0141 b801 | 0000 0048 | 8bd6 4889 | b424 3801 
  0x000001eab80ed06c: ;   {optimized virtual_call}
  0x000001eab80ed06c: 0000 90e8 

  0x000001eab80ed070: ; ImmutableOopMap {[312]=Oop }
                      ;*invokevirtual tryRelease {reexecute=0 rethrow=0 return_oop=0}
                      ; - java.util.concurrent.locks.AbstractQueuedSynchronizer::release@2 (line 1059)
                      ; - java.util.concurrent.locks.ReentrantLock::unlock@5 (line 494)
                      ; - com.sun.javafx.tk.quantum.PresentingPainter::run@217 (line 130)
  0x000001eab80ed070: 0c1a d206 

  0x000001eab80ed074: ;   {other}
  0x000001eab80ed074: 0f1f 8400 | e448 001a 

  0x000001eab80ed07c: ;   {metadata(method data for {method} {0x000001ead01b01a8} 'release' '(I)Z' in 'java/util/concurrent/locks/AbstractQueuedSynchronizer')}
  0x000001eab80ed07c: 85c0 48ba | 6863 1311 | eb01 0000 | 48be 4801 | 0000 0000 | 0000 740a | 48be 5801 | 0000 0000 
  0x000001eab80ed09c: 0000 488b | 3c32 488d | 7f01 4889 | 3c32 0f84 | 5000 0000 | 488b b424 | 3801 0000 | 8b56 1448 
  0x000001eab80ed0bc: ;   {metadata(method data for {method} {0x000001ead01b01a8} 'release' '(I)Z' in 'java/util/concurrent/locks/AbstractQueuedSynchronizer')}
  0x000001eab80ed0bc: c1e2 0348 | be68 6313 | 11eb 0100 | 0048 8386 | 6801 0000 | 0166 0f1f 

  0x000001eab80ed0d4: ;   {static_call}
  0x000001eab80ed0d4: 4400 00e8 

  0x000001eab80ed0d8: ; ImmutableOopMap {}
                      ;*invokestatic signalNext {reexecute=0 rethrow=0 return_oop=0}
                      ; - java.util.concurrent.locks.AbstractQueuedSynchronizer::release@12 (line 1060)
                      ; - java.util.concurrent.locks.ReentrantLock::unlock@5 (line 494)
                      ; - com.sun.javafx.tk.quantum.PresentingPainter::run@217 (line 130)
  0x000001eab80ed0d8: a41f d206 

  0x000001eab80ed0dc: ;   {other}
  0x000001eab80ed0dc: 0f1f 8400 | 4c49 001b | 41b8 0100 | 0000 4881 | c400 0300 

  0x000001eab80ed0f0: ;   {poll_return}
  0x000001eab80ed0f0: 005d 493b | a748 0400 | 000f 8754 | 8c00 00c3 | 41b8 0000 | 0000 4881 | c400 0300 

  0x000001eab80ed10c: ;   {poll_return}
  0x000001eab80ed10c: 005d 493b | a748 0400 | 000f 874e | 8c00 00c3 | 8b72 2c48 | c1e6 0348 

  0x000001eab80ed124: ;   {metadata(method data for {method} {0x000001eb119dcc38} 'run' '()V' in 'com/sun/javafx/tk/quantum/PresentingPainter')}
  0x000001eab80ed124: 85f6 49b8 | 20ac f311 | eb01 0000 | 48bf 3007 | 0000 0000 | 0000 740a | 48bf 4007 | 0000 0000 
  0x000001eab80ed144: 0000 498b | 1c38 488d | 5b01 4989 | 1c38 0f84 | 9104 0000 | 448b 4228 | 49c1 e003 | 4885 f60f 
  0x000001eab80ed164: 8429 0000 

  0x000001eab80ed168: ;   {metadata('com/sun/prism/d3d/D3DSwapChain')}
  0x000001eab80ed168: 0048 b9d8 | 7024 d1ea | 0100 008b | 4608 49ba | 0000 00d0 | ea01 0000 | 4903 c248 | 3b48 480f 
  0x000001eab80ed188: 85f2 8b00 | 00e9 0000 | 0000 488b | fe48 3b06 

  0x000001eab80ed198: ;   {metadata(method data for {method} {0x000001eb119dcc38} 'run' '()V' in 'com/sun/javafx/tk/quantum/PresentingPainter')}
  0x000001eab80ed198: 488b fe48 | bb20 acf3 | 11eb 0100 

  0x000001eab80ed1a4: ;   {metadata('com/sun/prism/d3d/D3DSwapChain')}
  0x000001eab80ed1a4: 0049 bad8 | 7024 d1ea | 0100 004c | 8993 6007 | 0000 4883 | 8368 0700 | 0001 488b | d666 0f1f 
  0x000001eab80ed1c4: ;   {optimized virtual_call}
  0x000001eab80ed1c4: 4400 00e8 

  0x000001eab80ed1c8: ; ImmutableOopMap {[232]=Oop }
                      ;*invokeinterface lockResources {reexecute=0 rethrow=0 return_oop=0}
                      ; - com.sun.javafx.tk.quantum.PresentingPainter::run@236 (line 77)
  0x000001eab80ed1c8: 5495 0400 

  0x000001eab80ed1cc: ;   {other}
  0x000001eab80ed1cc: 0f1f 8400 | 3c4a 001c 

  0x000001eab80ed1d4: ;   {metadata(method data for {method} {0x000001eb119dcc38} 'run' '()V' in 'com/sun/javafx/tk/quantum/PresentingPainter')}
  0x000001eab80ed1d4: 85c0 48ba | 20ac f311 | eb01 0000 | 48be 8807 | 0000 0000 | 0000 740a | 48be 9807 | 0000 0000 
  0x000001eab80ed1f4: 0000 488b | 3c32 488d | 7f01 4889 | 3c32 488b | 9424 e800 | 0000 0f84 | d903 0000 

  0x000001eab80ed210: ;   {metadata(method data for {method} {0x000001eb119dcc38} 'run' '()V' in 'com/sun/javafx/tk/quantum/PresentingPainter')}
  0x000001eab80ed210: 488b f248 | bf20 acf3 | 11eb 0100 | 008b 7608 | 49ba 0000 | 00d0 ea01 | 0000 4903 | f248 3bb7 
  0x000001eab80ed230: b807 0000 | 750d 4883 | 87c0 0700 | 0001 e960 | 0000 0048 | 3bb7 c807 | 0000 750d | 4883 87d0 
  0x000001eab80ed250: 0700 0001 | e94a 0000 | 0048 83bf | b807 0000 | 0075 1748 | 89b7 b807 | 0000 48c7 | 87c0 0700 
  0x000001eab80ed270: 0001 0000 | 00e9 2900 | 0000 4883 | bfc8 0700 | 0000 7517 | 4889 b7c8 | 0700 0048 | c787 d007 
  0x000001eab80ed290: 0000 0100 | 0000 e908 | 0000 0048 | 8387 a807 

  0x000001eab80ed2a0: ;   {metadata(method data for {method} {0x000001eb119da3a8} 'disposePresentable' '()V' in 'com/sun/javafx/tk/quantum/ViewPainter')}
  0x000001eab80ed2a0: 0000 0148 | bee0 e5f3 | 11eb 0100 | 008b becc | 0000 0083 | c702 89be | cc00 0000 | 81e7 feff 
  0x000001eab80ed2c0: 1f00 85ff | 0f84 bf8a | 0000 8b72 | 2c48 c1e6 | 0348 85f6 

  0x000001eab80ed2d4: ;   {metadata(method data for {method} {0x000001eb119da3a8} 'disposePresentable' '()V' in 'com/sun/javafx/tk/quantum/ViewPainter')}
  0x000001eab80ed2d4: 7516 48b8 | e0e5 f311 | eb01 0000 | 8088 0901 | 0000 01e9 | e700 0000 

  0x000001eab80ed2ec: ;   {metadata('com/sun/prism/GraphicsResource')}
  0x000001eab80ed2ec: 48b9 00c0 | 02d1 ea01 | 0000 8b46 | 0849 ba00 | 0000 d0ea | 0100 0049 | 03c2 483b | 4820 0f84 
  0x000001eab80ed30c: 1a00 0000 | 483b c10f | 8411 0000 

  0x000001eab80ed318: ;   {runtime_call slow_subtype_check Runtime1 stub}
  0x000001eab80ed318: 0050 51e8 | 60a4 de06 | 5858 85c0 | 0f84 8d00 

  0x000001eab80ed328: ;   {metadata(method data for {method} {0x000001eb119da3a8} 'disposePresentable' '()V' in 'com/sun/javafx/tk/quantum/ViewPainter')}
  0x000001eab80ed328: 0000 48b8 | e0e5 f311 | eb01 0000 | 8b4e 0849 | ba00 0000 | d0ea 0100 | 0049 03ca | 483b 8820 
  0x000001eab80ed348: 0100 0075 | 0d48 8380 | 2801 0000 | 01e9 7e00 | 0000 483b | 8830 0100 | 0075 0d48 | 8380 3801 
  0x000001eab80ed368: 0000 01e9 | 6800 0000 | 4883 b820 | 0100 0000 | 7517 4889 | 8820 0100 | 0048 c780 | 2801 0000 
  0x000001eab80ed388: 0100 0000 | e947 0000 | 0048 83b8 | 3001 0000 | 0075 1748 | 8988 3001 | 0000 48c7 | 8038 0100 
  0x000001eab80ed3a8: 0001 0000 | 00e9 2600 | 0000 e921 

  0x000001eab80ed3b4: ;   {metadata(method data for {method} {0x000001eb119da3a8} 'disposePresentable' '()V' in 'com/sun/javafx/tk/quantum/ViewPainter')}
  0x000001eab80ed3b4: 0000 0048 | b8e0 e5f3 | 11eb 0100 | 0048 83a8 | 1001 0000 | 01e9 0500 | 0000 e905 | 0000 0048 
  0x000001eab80ed3d4: 33ff eb0a | 48bf 0100 | 0000 0000 | 0000 85ff 

  0x000001eab80ed3e4: ;   {metadata(method data for {method} {0x000001eb119da3a8} 'disposePresentable' '()V' in 'com/sun/javafx/tk/quantum/ViewPainter')}
  0x000001eab80ed3e4: 48bf e0e5 | f311 eb01 | 0000 48bb | 4801 0000 | 0000 0000 | 740a 48bb | 5801 0000 | 0000 0000 
  0x000001eab80ed404: 488b 041f | 488d 4001 | 4889 041f | 0f84 be01 | 0000 4885 

  0x000001eab80ed418: ;   {metadata(method data for {method} {0x000001eb119da3a8} 'disposePresentable' '()V' in 'com/sun/javafx/tk/quantum/ViewPainter')}
  0x000001eab80ed418: f675 1648 | bbe0 e5f3 | 11eb 0100 | 0080 8b61 | 0100 0001 | e9e7 0000 

  0x000001eab80ed430: ;   {metadata('com/sun/prism/GraphicsResource')}
  0x000001eab80ed430: 0048 b800 | c002 d1ea | 0100 008b | 5e08 49ba | 0000 00d0 | ea01 0000 | 4903 da48 | 3b43 200f 
  0x000001eab80ed450: 841a 0000 | 0048 3bd8 | 0f84 1100 | 0000 5350 

  0x000001eab80ed460: ;   {runtime_call slow_subtype_check Runtime1 stub}
  0x000001eab80ed460: e81b a3de | 065b 5b85 | db0f 848d 

  0x000001eab80ed46c: ;   {metadata(method data for {method} {0x000001eb119da3a8} 'disposePresentable' '()V' in 'com/sun/javafx/tk/quantum/ViewPainter')}
  0x000001eab80ed46c: 0000 0048 | bbe0 e5f3 | 11eb 0100 | 008b 4608 | 49ba 0000 | 00d0 ea01 | 0000 4903 | c248 3b83 
  0x000001eab80ed48c: 7801 0000 | 750d 4883 | 8380 0100 | 0001 e979 | 0000 0048 | 3b83 8801 | 0000 750d | 4883 8390 
  0x000001eab80ed4ac: 0100 0001 | e963 0000 | 0048 83bb | 7801 0000 | 0075 1748 | 8983 7801 | 0000 48c7 | 8380 0100 
  0x000001eab80ed4cc: 0001 0000 | 00e9 4200 | 0000 4883 | bb88 0100 | 0000 7517 | 4889 8388 | 0100 0048 | c783 9001 
  0x000001eab80ed4ec: 0000 0100 | 0000 e921 | 0000 00e9 | 1c00 0000 

  0x000001eab80ed4fc: ;   {metadata(method data for {method} {0x000001eb119da3a8} 'disposePresentable' '()V' in 'com/sun/javafx/tk/quantum/ViewPainter')}
  0x000001eab80ed4fc: 48bb e0e5 | f311 eb01 | 0000 4883 | ab68 0100 | 0001 e997 | 8800 00e9 | 0000 0000 

  0x000001eab80ed518: ; implicit exception: dispatches to 0x000001eab80f5db3
  0x000001eab80ed518: 483b 0648 

  0x000001eab80ed51c: ;   {metadata(method data for {method} {0x000001eb119da3a8} 'disposePresentable' '()V' in 'com/sun/javafx/tk/quantum/ViewPainter')}
  0x000001eab80ed51c: 8bfe 48bb | e0e5 f311 | eb01 0000 | 8b7f 0849 | ba00 0000 | d0ea 0100 | 0049 03fa | 483b bbb0 
  0x000001eab80ed53c: 0100 0075 | 0d48 8383 | b801 0000 | 01e9 6000 | 0000 483b | bbc0 0100 | 0075 0d48 | 8383 c801 
  0x000001eab80ed55c: 0000 01e9 | 4a00 0000 | 4883 bbb0 | 0100 0000 | 7517 4889 | bbb0 0100 | 0048 c783 | b801 0000 
  0x000001eab80ed57c: 0100 0000 | e929 0000 | 0048 83bb | c001 0000 | 0075 1748 | 89bb c001 | 0000 48c7 | 83c8 0100 
  0x000001eab80ed59c: 0001 0000 | 00e9 0800 | 0000 4883 | 83a0 0100 | 0001 488b | d60f 1f40 | 0048 b8ff | ffff ffff 
  0x000001eab80ed5bc: ;   {virtual_call}
  0x000001eab80ed5bc: ffff ffe8 

  0x000001eab80ed5c0: ; ImmutableOopMap {[232]=Oop }
                      ;*invokeinterface dispose {reexecute=0 rethrow=0 return_oop=0}
                      ; - com.sun.javafx.tk.quantum.ViewPainter::disposePresentable@17 (line 421)
                      ; - com.sun.javafx.tk.quantum.PresentingPainter::run@245 (line 78)
  0x000001eab80ed5c0: bc17 d206 

  0x000001eab80ed5c4: ;   {other}
  0x000001eab80ed5c4: 0f1f 8400 | 344e 001d | 488b 9424 | e800 0000 | 450f be47 | 4045 85c0 | 0f85 d687 | 0000 c742 
  0x000001eab80ed5e4: 2c00 0000 | 0044 8b42 | 2c49 c1e0 | 034d 85c0 

  0x000001eab80ed5f4: ;   {metadata(method data for {method} {0x000001eb119dcc38} 'run' '()V' in 'com/sun/javafx/tk/quantum/PresentingPainter')}
  0x000001eab80ed5f4: 49b8 20ac | f311 eb01 | 0000 48be | e007 0000 | 0000 0000 | 750a 48be | f007 0000 | 0000 0000 
  0x000001eab80ed614: 498b 3c30 | 488d 7f01 | 4989 3c30 | 0f85 c600 | 0000 8b72 | 3048 c1e6 | 0344 8b42 | 2849 c1e0 
  0x000001eab80ed634: 0348 85f6 | 0f84 2900 

  0x000001eab80ed63c: ;   {metadata('com/sun/prism/d3d/D3DResourceFactory')}
  0x000001eab80ed63c: 0000 48b9 | 50d1 02d1 | ea01 0000 | 8b46 0849 | ba00 0000 | d0ea 0100 | 0049 03c2 | 483b 4848 
  0x000001eab80ed65c: 0f85 7687 | 0000 e900 | 0000 0048 | 8bfe 483b | 0648 8bfe 

  0x000001eab80ed670: ;   {metadata(method data for {method} {0x000001eb119dcc38} 'run' '()V' in 'com/sun/javafx/tk/quantum/PresentingPainter')}
  0x000001eab80ed670: 48bb 20ac | f311 eb01 

  0x000001eab80ed678: ;   {metadata('com/sun/prism/d3d/D3DResourceFactory')}
  0x000001eab80ed678: 0000 49ba | 50d1 02d1 | ea01 0000 | 4c89 9310 | 0800 0048 | 8383 1808 | 0000 0148 

  0x000001eab80ed694: ;   {optimized virtual_call}
  0x000001eab80ed694: 8bd6 90e8 

  0x000001eab80ed698: ; ImmutableOopMap {[232]=Oop }
                      ;*invokeinterface createPresentable {reexecute=0 rethrow=0 return_oop=0}
                      ; - com.sun.javafx.tk.quantum.PresentingPainter::run@264 (line 81)
  0x000001eab80ed698: e413 d206 

  0x000001eab80ed69c: ;   {other}
  0x000001eab80ed69c: 0f1f 8400 | 0c4f 001e | 410f be57 | 4085 d248 | 8b94 24e8 | 0000 000f | 8529 8700 | 004c 8bd0 
  0x000001eab80ed6bc: 49c1 ea03 | 4489 522c | 4c8b c24c | 33c0 49c1 | e815 4983 | f800 0f85 | 2a87 0000 | 448b 4214 
  0x000001eab80ed6dc: 4489 420c | 448b 4218 | 4489 4210 | c642 2401 | 8b72 2c48 | c1e6 0348 

  0x000001eab80ed6f4: ;   {metadata(method data for {method} {0x000001eb119dcc38} 'run' '()V' in 'com/sun/javafx/tk/quantum/PresentingPainter')}
  0x000001eab80ed6f4: 85f6 49b8 | 20ac f311 | eb01 0000 | 48bf 3808 | 0000 0000 | 0000 740a | 48bf 4808 | 0000 0000 
  0x000001eab80ed714: 0000 498b | 1c38 488d | 5b01 4989 | 1c38 0f84 | 6c2e 0000 | 4885 f60f | 8429 0000 

  0x000001eab80ed730: ;   {metadata('com/sun/prism/d3d/D3DSwapChain')}
  0x000001eab80ed730: 0048 b8d8 | 7024 d1ea | 0100 008b | 5e08 49ba | 0000 00d0 | ea01 0000 | 4903 da48 | 3b43 480f 
  0x000001eab80ed750: 85c5 8600 | 00e9 0000 | 0000 4c8b | c648 3b06 

  0x000001eab80ed760: ;   {metadata(method data for {method} {0x000001eb119dcc38} 'run' '()V' in 'com/sun/javafx/tk/quantum/PresentingPainter')}
  0x000001eab80ed760: 4c8b c648 | bf20 acf3 | 11eb 0100 

  0x000001eab80ed76c: ;   {metadata('com/sun/prism/d3d/D3DSwapChain')}
  0x000001eab80ed76c: 0049 bad8 | 7024 d1ea | 0100 004c | 8997 6808 | 0000 4883 | 8770 0800 

  0x000001eab80ed784: ;   {metadata(method data for {method} {0x000001eb11d5e540} 'createGraphics' '()Lcom/sun/prism/Graphics;' in 'com/sun/prism/d3d/D3DSwapChain')}
  0x000001eab80ed784: 0001 49b8 | a0c5 f311 | eb01 0000 | 418b b8cc | 0000 0083 | c702 4189 | b8cc 0000 | 0081 e7fe 
  0x000001eab80ed7a4: ff1f 0085 | ff0f 8475 | 8600 0044 | 8b46 2049 | c1e0 0348 

  0x000001eab80ed7b8: ;   {metadata(method data for {method} {0x000001eb11d5e540} 'createGraphics' '()Lcom/sun/prism/Graphics;' in 'com/sun/prism/d3d/D3DSwapChain')}
  0x000001eab80ed7b8: 8bfe 48bb | a0c5 f311 | eb01 0000 

  0x000001eab80ed7c4: ;   {metadata('com/sun/prism/d3d/D3DSwapChain')}
  0x000001eab80ed7c4: 49ba d870 | 24d1 ea01 | 0000 4c89 | 9320 0100 | 0048 8383 | 2801 0000 

  0x000001eab80ed7dc: ;   {metadata(method data for {method} {0x000001eb11d5e398} 'getContext' '()Lcom/sun/prism/d3d/D3DContext;' in 'com/sun/prism/d3d/D3DSwapChain')}
  0x000001eab80ed7dc: 0148 bf58 | dce4 11eb | 0100 008b | 9fcc 0000 | 0083 c302 | 899f cc00 | 0000 81e3 | feff 1f00 
  0x000001eab80ed7fc: 85db 0f84 | 4186 0000 | 8b7e 1448 | c1e7 0348 | 3b07 488b 

  0x000001eab80ed810: ;   {metadata(method data for {method} {0x000001eb11d5e398} 'getContext' '()Lcom/sun/prism/d3d/D3DContext;' in 'com/sun/prism/d3d/D3DSwapChain')}
  0x000001eab80ed810: df48 b858 | dce4 11eb | 0100 008b | 5b08 49ba | 0000 00d0 | ea01 0000 | 4903 da48 | 3b98 2001 
  0x000001eab80ed830: 0000 750d | 4883 8028 | 0100 0001 | e960 0000 | 0048 3b98 | 3001 0000 | 750d 4883 | 8038 0100 
  0x000001eab80ed850: 0001 e94a | 0000 0048 | 83b8 2001 | 0000 0075 | 1748 8998 | 2001 0000 | 48c7 8028 | 0100 0001 
  0x000001eab80ed870: 0000 00e9 | 2900 0000 | 4883 b830 | 0100 0000 | 7517 4889 | 9830 0100 | 0048 c780 | 3801 0000 
  0x000001eab80ed890: 0100 0000 | e908 0000 | 0048 8380 | 1001 0000 | 018b 7f18 | 48c1 e703 

  0x000001eab80ed8a8: ;   {metadata(method data for {method} {0x000001eb11d5e540} 'createGraphics' '()Lcom/sun/prism/Graphics;' in 'com/sun/prism/d3d/D3DSwapChain')}
  0x000001eab80ed8a8: 48bb a0c5 | f311 eb01 | 0000 4883 | 8348 0100 | 0001 498b | d04c 8bc7 | 4889 b424 | 4001 0000 
  0x000001eab80ed8c8: 0f1f 8000 

  0x000001eab80ed8cc: ;   {static_call}
  0x000001eab80ed8cc: 0000 00e8 

  0x000001eab80ed8d0: ; ImmutableOopMap {[232]=Oop [320]=Oop }
                      ;*invokestatic create {reexecute=0 rethrow=0 return_oop=0}
                      ; - com.sun.prism.d3d.D3DSwapChain::createGraphics@8 (line 148)
                      ; - com.sun.javafx.tk.quantum.PresentingPainter::run@304 (line 88)
  0x000001eab80ed8d0: 8c7f 6007 

  0x000001eab80ed8d4: ;   {other}
  0x000001eab80ed8d4: 0f1f 8400 | 4451 001f | 488b b424 | 4001 0000 | c5fa 1046 | 18c5 fa10 | 4e1c 4885 | c00f 8429 
  0x000001eab80ed8f4: ;   {metadata('com/sun/prism/impl/BaseGraphics')}
  0x000001eab80ed8f4: 0000 0048 | bbe0 8303 | d1ea 0100 | 008b 7808 | 49ba 0000 | 00d0 ea01 | 0000 4903 | fa48 3b5f 
  0x000001eab80ed914: 380f 8550 | 8500 00e9 | 0000 0000 | 488b d048 | 3b00 488b 

  0x000001eab80ed928: ;   {metadata(method data for {method} {0x000001eb11d5e540} 'createGraphics' '()Lcom/sun/prism/Graphics;' in 'com/sun/prism/d3d/D3DSwapChain')}
  0x000001eab80ed928: d048 bea0 | c5f3 11eb | 0100 008b | 5208 49ba | 0000 00d0 | ea01 0000 | 4903 d248 | 3b96 6801 
  0x000001eab80ed948: 0000 750d | 4883 8670 | 0100 0001 | e960 0000 | 0048 3b96 | 7801 0000 | 750d 4883 | 8680 0100 
  0x000001eab80ed968: 0001 e94a | 0000 0048 | 83be 6801 | 0000 0075 | 1748 8996 | 6801 0000 | 48c7 8670 | 0100 0001 
  0x000001eab80ed988: 0000 00e9 | 2900 0000 | 4883 be78 | 0100 0000 | 7517 4889 | 9678 0100 | 0048 c786 | 8001 0000 
  0x000001eab80ed9a8: 0100 0000 | e908 0000 | 0048 8386 | 5801 0000 | 0148 8bd0 | 4889 8424 | 4801 0000 

  0x000001eab80ed9c4: ;   {optimized virtual_call}
  0x000001eab80ed9c4: 6666 90e8 

  0x000001eab80ed9c8: ; ImmutableOopMap {[232]=Oop [328]=Oop }
                      ;*invokeinterface scale {reexecute=0 rethrow=0 return_oop=0}
                      ; - com.sun.prism.d3d.D3DSwapChain::createGraphics@21 (line 149)
                      ; - com.sun.javafx.tk.quantum.PresentingPainter::run@304 (line 88)
  0x000001eab80ed9c8: d479 0100 

  0x000001eab80ed9cc: ;   {other}
  0x000001eab80ed9cc: 0f1f 8400 | 3c52 0020 | 488b 9424 | e800 0000 | 448b 4228 | 49c1 e003 

  0x000001eab80ed9e4: ; implicit exception: dispatches to 0x000001eab80f5e75
  0x000001eab80ed9e4: 493b 0049 

  0x000001eab80ed9e8: ;   {metadata(method data for {method} {0x000001eb119dcc38} 'run' '()V' in 'com/sun/javafx/tk/quantum/PresentingPainter')}
  0x000001eab80ed9e8: 8bf0 48bf | 20ac f311 | eb01 0000 

  0x000001eab80ed9f4: ;   {metadata('com/sun/javafx/tk/quantum/SceneState')}
  0x000001eab80ed9f4: 49ba 2030 | 1ad1 ea01 | 0000 4c89 | 97a0 0800 | 0048 8387 | a808 0000 | 0145 8b40 | 6c49 c1e0 
  0x000001eab80eda14: 034d 85c0 

  0x000001eab80eda18: ;   {metadata(method data for {method} {0x000001eb119dcc38} 'run' '()V' in 'com/sun/javafx/tk/quantum/PresentingPainter')}
  0x000001eab80eda18: 7516 48bf | 20ac f311 | eb01 0000 | 808f c108 | 0000 01e9 | ce00 0000 

  0x000001eab80eda30: ;   {metadata('com/sun/javafx/tk/quantum/ViewScene')}
  0x000001eab80eda30: 48bb 08e4 | 19d1 ea01 | 0000 418b | 7008 49ba | 0000 00d0 | ea01 0000 | 4903 f248 | 3bde 0f85 
  0x000001eab80eda50: 8e00 0000 

  0x000001eab80eda54: ;   {metadata(method data for {method} {0x000001eb119dcc38} 'run' '()V' in 'com/sun/javafx/tk/quantum/PresentingPainter')}
  0x000001eab80eda54: 48bf 20ac | f311 eb01 | 0000 418b | 5808 49ba | 0000 00d0 | ea01 0000 | 4903 da48 | 3b9f d808 
  0x000001eab80eda74: 0000 750d | 4883 87e0 | 0800 0001 | e979 0000 | 0048 3b9f | e808 0000 | 750d 4883 | 87f0 0800 
  0x000001eab80eda94: 0001 e963 | 0000 0048 | 83bf d808 | 0000 0075 | 1748 899f | d808 0000 | 48c7 87e0 | 0800 0001 
  0x000001eab80edab4: 0000 00e9 | 4200 0000 | 4883 bfe8 | 0800 0000 | 7517 4889 | 9fe8 0800 | 0048 c787 | f008 0000 
  0x000001eab80edad4: 0100 0000 | e921 0000 | 00e9 1c00 

  0x000001eab80edae0: ;   {metadata(method data for {method} {0x000001eb119dcc38} 'run' '()V' in 'com/sun/javafx/tk/quantum/PresentingPainter')}
  0x000001eab80edae0: 0000 48bf | 20ac f311 | eb01 0000 | 4883 afc8 | 0800 0001 | e981 8300 | 00e9 0000 | 0000 498b 
  0x000001eab80edb00: f048 8b84 | 2448 0100 | 0048 85c0 

  0x000001eab80edb0c: ;   {metadata(method data for {method} {0x000001eb119dcc38} 'run' '()V' in 'com/sun/javafx/tk/quantum/PresentingPainter')}
  0x000001eab80edb0c: 49b8 20ac | f311 eb01 | 0000 48bf | 0009 0000 | 0000 0000 | 740a 48bf | 1009 0000 | 0000 0000 
  0x000001eab80edb2c: 498b 1c38 | 488d 5b01 | 4989 1c38 | 4889 b424 | 5001 0000 | 0f84 ba00 | 0000 4c8b 

  0x000001eab80edb48: ;   {metadata(method data for {method} {0x000001eb119dcc38} 'run' '()V' in 'com/sun/javafx/tk/quantum/PresentingPainter')}
  0x000001eab80edb48: c248 bf20 | acf3 11eb | 0100 0045 | 8b40 0849 | ba00 0000 | d0ea 0100 | 004d 03c2 | 4c3b 8730 
  0x000001eab80edb68: 0900 0075 | 0d48 8387 | 3809 0000 | 01e9 6000 | 0000 4c3b | 8740 0900 | 0075 0d48 | 8387 4809 
  0x000001eab80edb88: 0000 01e9 | 4a00 0000 | 4883 bf30 | 0900 0000 | 7517 4c89 | 8730 0900 | 0048 c787 | 3809 0000 
  0x000001eab80edba8: 0100 0000 | e929 0000 | 0048 83bf | 4009 0000 | 0075 174c | 8987 4009 | 0000 48c7 | 8748 0900 
  0x000001eab80edbc8: 0001 0000 | 00e9 0800 | 0000 4883 | 8720 0900 | 0001 4c8b | c048 8bfa | 488b d70f 

  0x000001eab80edbe4: ;   {optimized virtual_call}
  0x000001eab80edbe4: 1f40 00e8 

  0x000001eab80edbe8: ; ImmutableOopMap {[232]=Oop [336]=Oop }
                      ;*invokevirtual paintImpl {reexecute=0 rethrow=0 return_oop=0}
                      ; - com.sun.javafx.tk.quantum.PresentingPainter::run@331 (line 92)
  0x000001eab80edbe8: 7432 feff 

  0x000001eab80edbec: ;   {other}
  0x000001eab80edbec: 0f1f 8400 | 5c54 0021 | 488b 9424 | e800 0000 | c642 2400 

  0x000001eab80edc00: ;   {metadata(method data for {method} {0x000001eb119dcc38} 'run' '()V' in 'com/sun/javafx/tk/quantum/PresentingPainter')}
  0x000001eab80edc00: 49b8 20ac | f311 eb01 | 0000 41ff | 8058 0900 | 008b 722c | 48c1 e603 | 4885 f60f | 8429 0000 
  0x000001eab80edc20: ;   {metadata('com/sun/prism/d3d/D3DSwapChain')}
  0x000001eab80edc20: 0048 b8d8 | 7024 d1ea | 0100 008b | 5e08 49ba | 0000 00d0 | ea01 0000 | 4903 da48 | 3b43 480f 
  0x000001eab80edc40: 853e 8200 | 00e9 0000 | 0000 4c8b | c648 3b06 

  0x000001eab80edc50: ;   {metadata(method data for {method} {0x000001eb119dcc38} 'run' '()V' in 'com/sun/javafx/tk/quantum/PresentingPainter')}
  0x000001eab80edc50: 4c8b c648 | bf20 acf3 | 11eb 0100 

  0x000001eab80edc5c: ;   {metadata('com/sun/prism/d3d/D3DSwapChain')}
  0x000001eab80edc5c: 0049 bad8 | 7024 d1ea | 0100 004c | 8997 9809 | 0000 4883 | 87a0 0900 

  0x000001eab80edc74: ;   {oop(nullptr)}
  0x000001eab80edc74: 0001 49b8 | 0000 0000 | 0000 0000 | 488b d60f 

  0x000001eab80edc84: ;   {optimized virtual_call}
  0x000001eab80edc84: 1f40 00e8 

  0x000001eab80edc88: ; ImmutableOopMap {[232]=Oop [336]=Oop }
                      ;*invokeinterface prepare {reexecute=0 rethrow=0 return_oop=0}
                      ; - com.sun.javafx.tk.quantum.PresentingPainter::run@355 (line 99)
  0x000001eab80edc88: 1467 0400 

  0x000001eab80edc8c: ;   {other}
  0x000001eab80edc8c: 0f1f 8400 | fc54 0022 

  0x000001eab80edc94: ;   {metadata(method data for {method} {0x000001eb119dcc38} 'run' '()V' in 'com/sun/javafx/tk/quantum/PresentingPainter')}
  0x000001eab80edc94: 85c0 48ba | 20ac f311 | eb01 0000 | 48be c009 | 0000 0000 | 0000 750a | 48be d009 | 0000 0000 
  0x000001eab80edcb4: 0000 488b | 3c32 488d | 7f01 4889 | 3c32 0f85 | fa1c 0000 | 488b 9424 | e800 0000 

  0x000001eab80edcd0: ;   {metadata(method data for {method} {0x000001eb119dcc38} 'run' '()V' in 'com/sun/javafx/tk/quantum/PresentingPainter')}
  0x000001eab80edcd0: 488b f248 | bf20 acf3 | 11eb 0100 | 008b 7608 | 49ba 0000 | 00d0 ea01 | 0000 4903 | f248 3bb7 
  0x000001eab80edcf0: f009 0000 | 750d 4883 | 87f8 0900 | 0001 e960 | 0000 0048 | 3bb7 000a | 0000 750d | 4883 8708 
  0x000001eab80edd10: 0a00 0001 | e94a 0000 | 0048 83bf | f009 0000 | 0075 1748 | 89b7 f009 | 0000 48c7 | 87f8 0900 
  0x000001eab80edd30: 0001 0000 | 00e9 2900 | 0000 4883 | bf00 0a00 | 0000 7517 | 4889 b700 | 0a00 0048 | c787 080a 
  0x000001eab80edd50: 0000 0100 | 0000 e908 | 0000 0048 | 8387 e009 

  0x000001eab80edd60: ;   {metadata(method data for {method} {0x000001eb119da3a8} 'disposePresentable' '()V' in 'com/sun/javafx/tk/quantum/ViewPainter')}
  0x000001eab80edd60: 0000 0148 | bee0 e5f3 | 11eb 0100 | 008b becc | 0000 0083 | c702 89be | cc00 0000 | 81e7 feff 
  0x000001eab80edd80: 1f00 85ff | 0f84 0381 | 0000 8b72 | 2c48 c1e6 | 0348 85f6 

  0x000001eab80edd94: ;   {metadata(method data for {method} {0x000001eb119da3a8} 'disposePresentable' '()V' in 'com/sun/javafx/tk/quantum/ViewPainter')}
  0x000001eab80edd94: 7516 48b8 | e0e5 f311 | eb01 0000 | 8088 0901 | 0000 01e9 | e700 0000 

  0x000001eab80eddac: ;   {metadata('com/sun/prism/GraphicsResource')}
  0x000001eab80eddac: 48b9 00c0 | 02d1 ea01 | 0000 8b46 | 0849 ba00 | 0000 d0ea | 0100 0049 | 03c2 483b | 4820 0f84 
  0x000001eab80eddcc: 1a00 0000 | 483b c10f | 8411 0000 

  0x000001eab80eddd8: ;   {runtime_call slow_subtype_check Runtime1 stub}
  0x000001eab80eddd8: 0050 51e8 | a099 de06 | 5858 85c0 | 0f84 8d00 

  0x000001eab80edde8: ;   {metadata(method data for {method} {0x000001eb119da3a8} 'disposePresentable' '()V' in 'com/sun/javafx/tk/quantum/ViewPainter')}
  0x000001eab80edde8: 0000 48b8 | e0e5 f311 | eb01 0000 | 8b4e 0849 | ba00 0000 | d0ea 0100 | 0049 03ca | 483b 8820 
  0x000001eab80ede08: 0100 0075 | 0d48 8380 | 2801 0000 | 01e9 7e00 | 0000 483b | 8830 0100 | 0075 0d48 | 8380 3801 
  0x000001eab80ede28: 0000 01e9 | 6800 0000 | 4883 b820 | 0100 0000 | 7517 4889 | 8820 0100 | 0048 c780 | 2801 0000 
  0x000001eab80ede48: 0100 0000 | e947 0000 | 0048 83b8 | 3001 0000 | 0075 1748 | 8988 3001 | 0000 48c7 | 8038 0100 
  0x000001eab80ede68: 0001 0000 | 00e9 2600 | 0000 e921 

  0x000001eab80ede74: ;   {metadata(method data for {method} {0x000001eb119da3a8} 'disposePresentable' '()V' in 'com/sun/javafx/tk/quantum/ViewPainter')}
  0x000001eab80ede74: 0000 0048 | b8e0 e5f3 | 11eb 0100 | 0048 83a8 | 1001 0000 | 01e9 0500 | 0000 e905 | 0000 0048 
  0x000001eab80ede94: 33ff eb0a | 48bf 0100 | 0000 0000 | 0000 85ff 

  0x000001eab80edea4: ;   {metadata(method data for {method} {0x000001eb119da3a8} 'disposePresentable' '()V' in 'com/sun/javafx/tk/quantum/ViewPainter')}
  0x000001eab80edea4: 48bf e0e5 | f311 eb01 | 0000 48bb | 4801 0000 | 0000 0000 | 740a 48bb | 5801 0000 | 0000 0000 
  0x000001eab80edec4: 488b 041f | 488d 4001 | 4889 041f | 0f84 be01 | 0000 4885 

  0x000001eab80eded8: ;   {metadata(method data for {method} {0x000001eb119da3a8} 'disposePresentable' '()V' in 'com/sun/javafx/tk/quantum/ViewPainter')}
  0x000001eab80eded8: f675 1648 | bbe0 e5f3 | 11eb 0100 | 0080 8b61 | 0100 0001 | e9e7 0000 

  0x000001eab80edef0: ;   {metadata('com/sun/prism/GraphicsResource')}
  0x000001eab80edef0: 0048 b800 | c002 d1ea | 0100 008b | 5e08 49ba | 0000 00d0 | ea01 0000 | 4903 da48 | 3b43 200f 
  0x000001eab80edf10: 841a 0000 | 0048 3bd8 | 0f84 1100 | 0000 5350 

  0x000001eab80edf20: ;   {runtime_call slow_subtype_check Runtime1 stub}
  0x000001eab80edf20: e85b 98de | 065b 5b85 | db0f 848d 

  0x000001eab80edf2c: ;   {metadata(method data for {method} {0x000001eb119da3a8} 'disposePresentable' '()V' in 'com/sun/javafx/tk/quantum/ViewPainter')}
  0x000001eab80edf2c: 0000 0048 | bbe0 e5f3 | 11eb 0100 | 008b 4608 | 49ba 0000 | 00d0 ea01 | 0000 4903 | c248 3b83 
  0x000001eab80edf4c: 7801 0000 | 750d 4883 | 8380 0100 | 0001 e979 | 0000 0048 | 3b83 8801 | 0000 750d | 4883 8390 
  0x000001eab80edf6c: 0100 0001 | e963 0000 | 0048 83bb | 7801 0000 | 0075 1748 | 8983 7801 | 0000 48c7 | 8380 0100 
  0x000001eab80edf8c: 0001 0000 | 00e9 4200 | 0000 4883 | bb88 0100 | 0000 7517 | 4889 8388 | 0100 0048 | c783 9001 
  0x000001eab80edfac: 0000 0100 | 0000 e921 | 0000 00e9 | 1c00 0000 

  0x000001eab80edfbc: ;   {metadata(method data for {method} {0x000001eb119da3a8} 'disposePresentable' '()V' in 'com/sun/javafx/tk/quantum/ViewPainter')}
  0x000001eab80edfbc: 48bb e0e5 | f311 eb01 | 0000 4883 | ab68 0100 | 0001 e9db | 7e00 00e9 | 0000 0000 

  0x000001eab80edfd8: ; implicit exception: dispatches to 0x000001eab80f5eb7
  0x000001eab80edfd8: 483b 0648 

  0x000001eab80edfdc: ;   {metadata(method data for {method} {0x000001eb119da3a8} 'disposePresentable' '()V' in 'com/sun/javafx/tk/quantum/ViewPainter')}
  0x000001eab80edfdc: 8bfe 48bb | e0e5 f311 | eb01 0000 | 8b7f 0849 | ba00 0000 | d0ea 0100 | 0049 03fa | 483b bbb0 
  0x000001eab80edffc: 0100 0075 | 0d48 8383 | b801 0000 | 01e9 6000 | 0000 483b | bbc0 0100 | 0075 0d48 | 8383 c801 
  0x000001eab80ee01c: 0000 01e9 | 4a00 0000 | 4883 bbb0 | 0100 0000 | 7517 4889 | bbb0 0100 | 0048 c783 | b801 0000 
  0x000001eab80ee03c: 0100 0000 | e929 0000 | 0048 83bb | c001 0000 | 0075 1748 | 89bb c001 | 0000 48c7 | 83c8 0100 
  0x000001eab80ee05c: 0001 0000 | 00e9 0800 | 0000 4883 | 83a0 0100 | 0001 488b | d60f 1f40 | 0048 b8ff | ffff ffff 
  0x000001eab80ee07c: ;   {virtual_call}
  0x000001eab80ee07c: ffff ffe8 

  0x000001eab80ee080: ; ImmutableOopMap {[232]=Oop }
                      ;*invokeinterface dispose {reexecute=0 rethrow=0 return_oop=0}
                      ; - com.sun.javafx.tk.quantum.ViewPainter::disposePresentable@17 (line 421)
                      ; - com.sun.javafx.tk.quantum.PresentingPainter::run@364 (line 100)
  0x000001eab80ee080: fc0c d206 

  0x000001eab80ee084: ;   {other}
  0x000001eab80ee084: 0f1f 8400 | f458 0023 | 488b 9424 | e800 0000 | 410f be77 | 4085 f60f | 851b 7e00 | 00c7 422c 
  0x000001eab80ee0a4: 0000 0000 | 8b72 2848 | c1e6 0348 | 3b06 488b 

  0x000001eab80ee0b4: ;   {metadata(method data for {method} {0x000001eb119dcc38} 'run' '()V' in 'com/sun/javafx/tk/quantum/PresentingPainter')}
  0x000001eab80ee0b4: fe48 bb20 | acf3 11eb 

  0x000001eab80ee0bc: ;   {metadata('com/sun/javafx/tk/quantum/SceneState')}
  0x000001eab80ee0bc: 0100 0049 | ba20 301a | d1ea 0100 | 004c 8993 | 280a 0000 | 4883 8330 | 0a00 0001 | 8b76 6c48 
  0x000001eab80ee0dc: c1e6 0348 | 3b06 488b 

  0x000001eab80ee0e4: ;   {metadata(method data for {method} {0x000001eb119dcc38} 'run' '()V' in 'com/sun/javafx/tk/quantum/PresentingPainter')}
  0x000001eab80ee0e4: fe48 bb20 | acf3 11eb | 0100 008b | 7f08 49ba | 0000 00d0 | ea01 0000 | 4903 fa48 | 3bbb 600a 
  0x000001eab80ee104: 0000 750d | 4883 8368 | 0a00 0001 | e960 0000 | 0048 3bbb | 700a 0000 | 750d 4883 | 8378 0a00 
  0x000001eab80ee124: 0001 e94a | 0000 0048 | 83bb 600a | 0000 0075 | 1748 89bb | 600a 0000 | 48c7 8368 | 0a00 0001 
  0x000001eab80ee144: 0000 00e9 | 2900 0000 | 4883 bb70 | 0a00 0000 | 7517 4889 | bb70 0a00 | 0048 c783 | 780a 0000 
  0x000001eab80ee164: 0100 0000 | e908 0000 | 0048 8383 | 500a 0000 

  0x000001eab80ee174: ;   {metadata(method data for {method} {0x000001eb1151d7b0} 'entireSceneNeedsRepaint' '()V' in 'com/sun/javafx/tk/quantum/GlassScene')}
  0x000001eab80ee174: 0148 bf58 | 2df4 11eb | 0100 008b | 9fcc 0000 | 0083 c302 | 899f cc00 | 0000 81e3 | feff 1f00 
  0x000001eab80ee194: 85db 0f84 | 497d 0000 

  0x000001eab80ee19c: ;   {metadata(method data for {method} {0x000001eb1151d7b0} 'entireSceneNeedsRepaint' '()V' in 'com/sun/javafx/tk/quantum/GlassScene')}
  0x000001eab80ee19c: 48bf 582d | f411 eb01 | 0000 4883 | 8710 0100 

  0x000001eab80ee1ac: ;   {metadata(method data for {method} {0x000001eb11634248} 'isFxApplicationThread' '()Z' in 'javafx/application/Platform')}
  0x000001eab80ee1ac: 0001 48bf | 682f f411 | eb01 0000 | 8b9f cc00 | 0000 83c3 | 0289 9fcc | 0000 0081 | e3fe ff1f 
  0x000001eab80ee1cc: 0085 db0f | 8431 7d00 

  0x000001eab80ee1d4: ;   {metadata(method data for {method} {0x000001eb11634248} 'isFxApplicationThread' '()Z' in 'javafx/application/Platform')}
  0x000001eab80ee1d4: 0048 bf68 | 2ff4 11eb | 0100 0048 | 8387 1001 

  0x000001eab80ee1e4: ;   {metadata(method data for {method} {0x000001eb1145ee00} 'isFxApplicationThread' '()Z' in 'com/sun/javafx/application/PlatformImpl')}
  0x000001eab80ee1e4: 0000 0148 | bfc0 30f4 | 11eb 0100 | 008b 9fcc | 0000 0083 | c302 899f | cc00 0000 | 81e3 feff 
  0x000001eab80ee204: 1f00 85db | 0f84 197d 

  0x000001eab80ee20c: ;   {metadata(method data for {method} {0x000001eb1145ee00} 'isFxApplicationThread' '()Z' in 'com/sun/javafx/application/PlatformImpl')}
  0x000001eab80ee20c: 0000 48bf | c030 f411 | eb01 0000 | 4883 8710 | 0100 0001 | 4889 b424 | 5801 0000 | 0f1f 8000 
  0x000001eab80ee22c: ;   {static_call}
  0x000001eab80ee22c: 0000 00e8 

  0x000001eab80ee230: ; ImmutableOopMap {[232]=Oop [344]=Oop }
                      ;*invokestatic getToolkit {reexecute=0 rethrow=0 return_oop=0}
                      ; - com.sun.javafx.application.PlatformImpl::isFxApplicationThread@0 (line 428)
                      ; - javafx.application.Platform::isFxApplicationThread@0 (line 194)
                      ; - com.sun.javafx.tk.quantum.GlassScene::entireSceneNeedsRepaint@0 (line 224)
                      ; - com.sun.javafx.tk.quantum.PresentingPainter::run@374 (line 101)
  0x000001eab80ee230: 4c0e d206 

  0x000001eab80ee234: ;   {other}
  0x000001eab80ee234: 0f1f 8400 | a45a 0024 

  0x000001eab80ee23c: ; implicit exception: dispatches to 0x000001eab80f5f48
                      ;   {metadata(method data for {method} {0x000001eb1145ee00} 'isFxApplicationThread' '()Z' in 'com/sun/javafx/application/PlatformImpl')}
  0x000001eab80ee23c: 483b 0049 | b8c0 30f4 | 11eb 0100 | 008b 4008 | 49ba 0000 | 00d0 ea01 | 0000 4903 | c249 3b80 
  0x000001eab80ee25c: 3001 0000 | 750d 4983 | 8038 0100 | 0001 e960 | 0000 0049 | 3b80 4001 | 0000 750d | 4983 8048 
  0x000001eab80ee27c: 0100 0001 | e94a 0000 | 0049 83b8 | 3001 0000 | 0075 1749 | 8980 3001 | 0000 49c7 | 8038 0100 
  0x000001eab80ee29c: 0001 0000 | 00e9 2900 | 0000 4983 | b840 0100 | 0000 7517 | 4989 8040 | 0100 0049 | c780 4801 
  0x000001eab80ee2bc: 0000 0100 | 0000 e908 | 0000 0049 | 8380 2001 

  0x000001eab80ee2cc: ;   {metadata(method data for {method} {0x000001eb114740c0} 'isFxUserThread' '()Z' in 'com/sun/javafx/tk/Toolkit')}
  0x000001eab80ee2cc: 0000 0149 | b830 ebe5 | 11eb 0100 | 0041 8b90 | cc00 0000 | 83c2 0241 | 8990 cc00 | 0000 81e2 
  0x000001eab80ee2ec: feff 1f00 | 85d2 0f84 | 557c 0000 

  0x000001eab80ee2f8: ;   {metadata(method data for {method} {0x000001eb114740c0} 'isFxUserThread' '()Z' in 'com/sun/javafx/tk/Toolkit')}
  0x000001eab80ee2f8: 49b8 30eb | e511 eb01 | 0000 4983 | 8010 0100 

  0x000001eab80ee308: ;   {oop(a 'java/lang/Class'{0x000000070458d7f0} = 'com/sun/javafx/tk/Toolkit')}
  0x000001eab80ee308: 0001 49b8 | f0d7 5804 | 0700 0000 | 458b 4078 | 49c1 e003 | 498b 9780 | 0300 0048 | 8b12 493b 
  0x000001eab80ee328: ;   {metadata(method data for {method} {0x000001eb114740c0} 'isFxUserThread' '()Z' in 'com/sun/javafx/tk/Toolkit')}
  0x000001eab80ee328: d049 b830 | ebe5 11eb | 0100 0048 | ba20 0100 | 0000 0000 | 0075 0a48 | ba30 0100 | 0000 0000 
  0x000001eab80ee348: 0049 8b34 | 1048 8d76 | 0149 8934 | 100f 851c 

  0x000001eab80ee358: ;   {metadata(method data for {method} {0x000001eb114740c0} 'isFxUserThread' '()Z' in 'com/sun/javafx/tk/Toolkit')}
  0x000001eab80ee358: 0000 0049 | b830 ebe5 | 11eb 0100 | 0041 ff80 | 4001 0000 | 41b8 0100 | 0000 e906 | 0000 0041 
  0x000001eab80ee378: b800 0000 | 0041 83e0 | 0141 83e0 | 0141 83e0 | 0145 85c0 

  0x000001eab80ee38c: ;   {metadata(method data for {method} {0x000001eb1151d7b0} 'entireSceneNeedsRepaint' '()V' in 'com/sun/javafx/tk/quantum/GlassScene')}
  0x000001eab80ee38c: 49b8 582d | f411 eb01 | 0000 48ba | 2001 0000 | 0000 0000 | 740a 48ba | 3001 0000 | 0000 0000 
  0x000001eab80ee3ac: 498b 3410 | 488d 7601 | 4989 3410 | 488b b424 | 5801 0000 | 0f84 2b02 | 0000 41b8 | 0100 0000 
  0x000001eab80ee3cc: 4488 460c | f083 4424 | c000 4c8b 

  0x000001eab80ee3d8: ;   {metadata(method data for {method} {0x000001eb1151d7b0} 'entireSceneNeedsRepaint' '()V' in 'com/sun/javafx/tk/quantum/GlassScene')}
  0x000001eab80ee3d8: c648 ba58 | 2df4 11eb | 0100 0045 | 8b40 0849 | ba00 0000 | d0ea 0100 | 004d 03c2 | 4c3b 8250 
  0x000001eab80ee3f8: 0100 0075 | 0d48 8382 | 5801 0000 | 01e9 6000 | 0000 4c3b | 8260 0100 | 0075 0d48 | 8382 6801 
  0x000001eab80ee418: 0000 01e9 | 4a00 0000 | 4883 ba50 | 0100 0000 | 7517 4c89 | 8250 0100 | 0048 c782 | 5801 0000 
  0x000001eab80ee438: 0100 0000 | e929 0000 | 0048 83ba | 6001 0000 | 0075 174c | 8982 6001 | 0000 48c7 | 8268 0100 
  0x000001eab80ee458: 0001 0000 | 00e9 0800 | 0000 4883 | 8240 0100 

  0x000001eab80ee468: ;   {metadata(method data for {method} {0x000001eb1151df88} 'sceneChanged' '()V' in 'com/sun/javafx/tk/quantum/GlassScene')}
  0x000001eab80ee468: 0001 49b8 | e095 f111 | eb01 0000 | 418b 90cc | 0000 0083 | c202 4189 | 90cc 0000 | 0081 e2fe 
  0x000001eab80ee488: ff1f 0085 | d20f 84db | 7a00 0044 | 8b46 1049 | c1e0 034d 

  0x000001eab80ee49c: ;   {metadata(method data for {method} {0x000001eb1151df88} 'sceneChanged' '()V' in 'com/sun/javafx/tk/quantum/GlassScene')}
  0x000001eab80ee49c: 85c0 49b8 | e095 f111 | eb01 0000 | 48ba 1001 | 0000 0000 | 0000 740a | 48ba 2001 | 0000 0000 
  0x000001eab80ee4bc: 0000 498b | 3c10 488d | 7f01 4989 | 3c10 0f84 | 9200 0000 

  0x000001eab80ee4d0: ;   {metadata(method data for {method} {0x000001eb1151df88} 'sceneChanged' '()V' in 'com/sun/javafx/tk/quantum/GlassScene')}
  0x000001eab80ee4d0: 49b8 e095 | f111 eb01 | 0000 4983 | 8030 0100 

  0x000001eab80ee4e0: ;   {metadata(method data for {method} {0x000001eb11519120} 'getInstance' '()Lcom/sun/javafx/tk/quantum/PaintCollector;' in 'com/sun/javafx/tk/quantum/PaintCollector')}
  0x000001eab80ee4e0: 0001 49b8 | d8a9 e511 | eb01 0000 | 418b 90cc | 0000 0083 | c202 4189 | 90cc 0000 | 0081 e2fe 
  0x000001eab80ee500: ff1f 0085 | d20f 8484 

  0x000001eab80ee508: ;   {oop(a 'java/lang/Class'{0x000000070487ee88} = 'com/sun/javafx/tk/quantum/PaintCollector')}
  0x000001eab80ee508: 7a00 0049 | b888 ee87 | 0407 0000 | 0041 8b50 | 7048 c1e2 | 0348 3b02 

  0x000001eab80ee520: ;   {metadata(method data for {method} {0x000001eb1151df88} 'sceneChanged' '()V' in 'com/sun/javafx/tk/quantum/GlassScene')}
  0x000001eab80ee520: 4c8b c248 | bfe0 95f1 | 11eb 0100 | 0048 8387 | 4001 0000 | 014c 8bc6 | 0f1f 8000 

  0x000001eab80ee53c: ;   {optimized virtual_call}
  0x000001eab80ee53c: 0000 00e8 

  0x000001eab80ee540: ; ImmutableOopMap {[232]=Oop }
                      ;*invokevirtual addDirtyScene {reexecute=0 rethrow=0 return_oop=0}
                      ; - com.sun.javafx.tk.quantum.GlassScene::sceneChanged@11 (line 313)
                      ; - com.sun.javafx.tk.quantum.GlassScene::entireSceneNeedsRepaint@12 (line 226)
                      ; - com.sun.javafx.tk.quantum.PresentingPainter::run@374 (line 101)
  0x000001eab80ee540: 3c05 d206 

  0x000001eab80ee544: ;   {other}
  0x000001eab80ee544: 0f1f 8400 | b45d 0025 

  0x000001eab80ee54c: ;   {metadata(method data for {method} {0x000001eb1151df88} 'sceneChanged' '()V' in 'com/sun/javafx/tk/quantum/GlassScene')}
  0x000001eab80ee54c: 49b8 e095 | f111 eb01 | 0000 41ff | 8078 0100 | 00e9 7a00 

  0x000001eab80ee560: ;   {metadata(method data for {method} {0x000001eb1151df88} 'sceneChanged' '()V' in 'com/sun/javafx/tk/quantum/GlassScene')}
  0x000001eab80ee560: 0000 49b8 | e095 f111 | eb01 0000 | 4983 8090 | 0100 0001 

  0x000001eab80ee574: ;   {metadata(method data for {method} {0x000001eb11519120} 'getInstance' '()Lcom/sun/javafx/tk/quantum/PaintCollector;' in 'com/sun/javafx/tk/quantum/PaintCollector')}
  0x000001eab80ee574: 49b8 d8a9 | e511 eb01 | 0000 418b | 90cc 0000 | 0083 c202 | 4189 90cc | 0000 0081 | e2fe ff1f 
  0x000001eab80ee594: 0085 d20f | 8418 7a00 

  0x000001eab80ee59c: ;   {oop(a 'java/lang/Class'{0x000000070487ee88} = 'com/sun/javafx/tk/quantum/PaintCollector')}
  0x000001eab80ee59c: 0049 b888 | ee87 0407 | 0000 0041 | 8b50 7048 | c1e2 0348 | 3b02 4c8b 

  0x000001eab80ee5b4: ;   {metadata(method data for {method} {0x000001eb1151df88} 'sceneChanged' '()V' in 'com/sun/javafx/tk/quantum/GlassScene')}
  0x000001eab80ee5b4: c248 bfe0 | 95f1 11eb | 0100 0048 | 8387 a001 | 0000 014c | 8bc6 0f1f 

  0x000001eab80ee5cc: ;   {optimized virtual_call}
  0x000001eab80ee5cc: 4400 00e8 

  0x000001eab80ee5d0: ; ImmutableOopMap {[232]=Oop }
                      ;*invokevirtual removeDirtyScene {reexecute=0 rethrow=0 return_oop=0}
                      ; - com.sun.javafx.tk.quantum.GlassScene::sceneChanged@21 (line 318)
                      ; - com.sun.javafx.tk.quantum.GlassScene::entireSceneNeedsRepaint@12 (line 226)
                      ; - com.sun.javafx.tk.quantum.PresentingPainter::run@374 (line 101)
  0x000001eab80ee5d0: ac04 d206 

  0x000001eab80ee5d4: ;   {other}
  0x000001eab80ee5d4: 0f1f 8400 | 445e 0026 

  0x000001eab80ee5dc: ;   {metadata(method data for {method} {0x000001eb1151d7b0} 'entireSceneNeedsRepaint' '()V' in 'com/sun/javafx/tk/quantum/GlassScene')}
  0x000001eab80ee5dc: 48ba 582d | f411 eb01 | 0000 ff82 | 7801 0000 | e933 0100 | 000f 1f80 | 0000 0000 

  0x000001eab80ee5f8: ;   {no_reloc}
  0x000001eab80ee5f8: e9ed 7900 | 0090 9090 | 9090 488b 

  0x000001eab80ee604: ;   {static_call}
  0x000001eab80ee604: d666 90e8 

  0x000001eab80ee608: ; ImmutableOopMap {[232]=Oop }
                      ;*invokedynamic {reexecute=0 rethrow=0 return_oop=0}
                      ; - com.sun.javafx.tk.quantum.GlassScene::entireSceneNeedsRepaint@19 (line 228)
                      ; - com.sun.javafx.tk.quantum.PresentingPainter::run@374 (line 101)
  0x000001eab80ee608: 740a d206 

  0x000001eab80ee60c: ;   {other}
  0x000001eab80ee60c: 0f1f 8400 | 7c5e 0027 

  0x000001eab80ee614: ;   {metadata(method data for {method} {0x000001eb1151d7b0} 'entireSceneNeedsRepaint' '()V' in 'com/sun/javafx/tk/quantum/GlassScene')}
  0x000001eab80ee614: 48ba 582d | f411 eb01 | 0000 488d | 92b0 0100 | 0048 85c0 | 750c f602 | 0175 4ef0 | 4883 0a01 
  0x000001eab80ee634: eb47 448b | 4008 49ba | 0000 00d0 | ea01 0000 | 4d03 c24d | 8bd0 4c33 | 0249 f7c0 | fcff ffff 
  0x000001eab80ee654: 7427 41f6 | c002 7521 | 48f7 02fe | ffff ff74 | 154d 8bc2 | 4c33 0249 | f7c0 fcff | ffff 7409 
  0x000001eab80ee674: 4883 0a02 | eb03 4c89 

  0x000001eab80ee67c: ;   {metadata(method data for {method} {0x000001eb1151d7b0} 'entireSceneNeedsRepaint' '()V' in 'com/sun/javafx/tk/quantum/GlassScene')}
  0x000001eab80ee67c: 0248 ba58 | 2df4 11eb | 0100 0048 | 8382 c001 

  0x000001eab80ee68c: ;   {metadata(method data for {method} {0x000001eb11634108} 'runLater' '(Ljava/lang/Runnable;)V' in 'javafx/application/Platform')}
  0x000001eab80ee68c: 0000 0148 | ba30 8ef1 | 11eb 0100 | 0044 8b82 | cc00 0000 | 4183 c002 | 4489 82cc | 0000 0041 
  0x000001eab80ee6ac: 81e0 feff | 1f00 4585 | c00f 8439 

  0x000001eab80ee6b8: ;   {metadata(method data for {method} {0x000001eb11634108} 'runLater' '(Ljava/lang/Runnable;)V' in 'javafx/application/Platform')}
  0x000001eab80ee6b8: 7900 0048 | ba30 8ef1 | 11eb 0100 | 0048 8382 | 1001 0000 

  0x000001eab80ee6cc: ;   {metadata(method data for {method} {0x000001eb1145eea0} 'runLater' '(Ljava/lang/Runnable;)V' in 'com/sun/javafx/application/PlatformImpl')}
  0x000001eab80ee6cc: 0148 ba90 | 8ff1 11eb | 0100 0044 | 8b82 cc00 | 0000 4183 | c002 4489 | 82cc 0000 | 0041 81e0 
  0x000001eab80ee6ec: feff 1f00 | 4585 c00f | 841c 7900 

  0x000001eab80ee6f8: ;   {metadata(method data for {method} {0x000001eb1145eea0} 'runLater' '(Ljava/lang/Runnable;)V' in 'com/sun/javafx/application/PlatformImpl')}
  0x000001eab80ee6f8: 0048 ba90 | 8ff1 11eb | 0100 0048 | 8382 1001 | 0000 0148 | 8bd0 41b8 | 0000 0000 

  0x000001eab80ee714: ;   {static_call}
  0x000001eab80ee714: 6666 90e8 

  0x000001eab80ee718: ; ImmutableOopMap {[232]=Oop }
                      ;*invokestatic runLater {reexecute=0 rethrow=0 return_oop=0}
                      ; - com.sun.javafx.application.PlatformImpl::runLater@2 (line 432)
                      ; - javafx.application.Platform::runLater@1 (line 162)
                      ; - com.sun.javafx.tk.quantum.GlassScene::entireSceneNeedsRepaint@24 (line 228)
                      ; - com.sun.javafx.tk.quantum.PresentingPainter::run@374 (line 101)
  0x000001eab80ee718: 6409 d206 

  0x000001eab80ee71c: ;   {other}
  0x000001eab80ee71c: 0f1f 8400 | 8c5f 0028 

  0x000001eab80ee724: ;   {metadata(method data for {method} {0x000001eb119dcc38} 'run' '()V' in 'com/sun/javafx/tk/quantum/PresentingPainter')}
  0x000001eab80ee724: 48ba 20ac | f311 eb01 | 0000 4883 | 8288 0a00 

  0x000001eab80ee734: ;   {metadata(method data for {method} {0x000001eb11d53d68} 'cleanUp' '()V' in 'com/sun/prism/impl/Disposer')}
  0x000001eab80ee734: 0001 48ba | 3889 f311 | eb01 0000 | 8bb2 cc00 | 0000 83c6 | 0289 b2cc | 0000 0081 | e6fe ff1f 
  0x000001eab80ee754: 0085 f60f | 84d9 7800 

  0x000001eab80ee75c: ;   {oop(a 'java/lang/Class'{0x0000000704d5c128} = 'com/sun/prism/impl/Disposer')}
  0x000001eab80ee75c: 0048 be28 | c1d5 0407 | 0000 008b | 5670 48c1 | e203 483b | 0248 8bfa 

  0x000001eab80ee774: ;   {metadata(method data for {method} {0x000001eb11d53d68} 'cleanUp' '()V' in 'com/sun/prism/impl/Disposer')}
  0x000001eab80ee774: 48bb 3889 | f311 eb01 | 0000 4883 | 8310 0100 | 0001 4889 | b424 6001 

  0x000001eab80ee78c: ;   {optimized virtual_call}
  0x000001eab80ee78c: 0000 90e8 

  0x000001eab80ee790: ; ImmutableOopMap {[232]=Oop [352]=Oop }
                      ;*invokevirtual disposeUnreachables {reexecute=0 rethrow=0 return_oop=0}
                      ; - com.sun.prism.impl.Disposer::cleanUp@3 (line 129)
                      ; - com.sun.javafx.tk.quantum.PresentingPainter::run@377 (line 117)
  0x000001eab80ee790: ec02 d206 

  0x000001eab80ee794: ;   {other}
  0x000001eab80ee794: 0f1f 8400 | 0460 0029 | 488b b424 | 6001 0000 | 8b76 7048 | c1e6 0348 | 89b4 2468 | 0100 0048 
  0x000001eab80ee7b4: 3b06 488b 

  0x000001eab80ee7b8: ;   {metadata(method data for {method} {0x000001eb11d53d68} 'cleanUp' '()V' in 'com/sun/prism/impl/Disposer')}
  0x000001eab80ee7b8: c649 b838 | 89f3 11eb | 0100 0049 | 8380 4801 | 0000 014c | 8d84 24e8 | 0200 0049 | 8970 0848 
  0x000001eab80ee7d8: 8b06 4883 | c801 4989 | 00f0 4c0f | b106 0f84 | 1200 0000 | 482b c448 | 2507 f0ff | ff49 8900 
  0x000001eab80ee7f8: 0f85 6378 | 0000 49ff | 8748 0500 

  0x000001eab80ee804: ;   {metadata(method data for {method} {0x000001eb11d540e0} 'processDisposalQueue' '()V' in 'com/sun/prism/impl/Disposer')}
  0x000001eab80ee804: 0049 b880 | 8ef3 11eb | 0100 0041 | 8b90 cc00 | 0000 83c2 | 0241 8990 | cc00 0000 | 81e2 feff 
  0x000001eab80ee824: 1f00 85d2 | 0f84 4678 | 0000 6690 | 8b56 1448 | c1e2 0348 | 3b02 4c8b 

  0x000001eab80ee83c: ;   {metadata(method data for {method} {0x000001eb11d540e0} 'processDisposalQueue' '()V' in 'com/sun/prism/impl/Disposer')}
  0x000001eab80ee83c: c248 bf80 | 8ef3 11eb | 0100 0045 | 8b40 0849 | ba00 0000 | d0ea 0100 | 004d 03c2 | 4c3b 8720 
  0x000001eab80ee85c: 0100 0075 | 0d48 8387 | 2801 0000 | 01e9 6000 | 0000 4c3b | 8730 0100 | 0075 0d48 | 8387 3801 
  0x000001eab80ee87c: 0000 01e9 | 4a00 0000 | 4883 bf20 | 0100 0000 | 7517 4c89 | 8720 0100 | 0048 c787 | 2801 0000 
  0x000001eab80ee89c: 0100 0000 | e929 0000 | 0048 83bf | 3001 0000 | 0075 174c | 8987 3001 | 0000 48c7 | 8738 0100 
  0x000001eab80ee8bc: 0001 0000 | 00e9 0800 | 0000 4883 | 8710 0100 

  0x000001eab80ee8cc: ;   {metadata(method data for {method} {0x000001ead005a568} 'isEmpty' '()Z' in 'java/util/AbstractCollection')}
  0x000001eab80ee8cc: 0001 49b8 | f0cd 3711 | eb01 0000 | 418b b8cc | 0000 0083 | c702 4189 | b8cc 0000 | 0081 e7fe 
  0x000001eab80ee8ec: ff1f 0085 | ff0f 84a3 | 7700 004c 

  0x000001eab80ee8f8: ;   {metadata(method data for {method} {0x000001ead005a568} 'isEmpty' '()Z' in 'java/util/AbstractCollection')}
  0x000001eab80ee8f8: 8bc2 48bf | f0cd 3711 | eb01 0000 | 448b 4210 

  0x000001eab80ee908: ;   {metadata(method data for {method} {0x000001ead005a568} 'isEmpty' '()Z' in 'java/util/AbstractCollection')}
  0x000001eab80ee908: 4585 c049 | b8f0 cd37 | 11eb 0100 | 0048 bf48 | 0100 0000 | 0000 0075 | 0a48 bf58 | 0100 0000 
  0x000001eab80ee928: 0000 0049 | 8b1c 3848 | 8d5b 0149 | 891c 380f | 851c 0000 

  0x000001eab80ee93c: ;   {metadata(method data for {method} {0x000001ead005a568} 'isEmpty' '()Z' in 'java/util/AbstractCollection')}
  0x000001eab80ee93c: 0049 b8f0 | cd37 11eb | 0100 0041 | ff80 6801 | 0000 41b8 | 0100 0000 | e906 0000 | 0041 b800 
  0x000001eab80ee95c: 0000 0041 | 83e0 0145 

  0x000001eab80ee964: ;   {metadata(method data for {method} {0x000001eb11d540e0} 'processDisposalQueue' '()V' in 'com/sun/prism/impl/Disposer')}
  0x000001eab80ee964: 85c0 49b8 | 808e f311 | eb01 0000 | 48bf 4801 | 0000 0000 | 0000 750a | 48bf 5801 | 0000 0000 
  0x000001eab80ee984: 0000 498b | 1c38 488d | 5b01 4989 | 1c38 0f85 | 0f03 0000 

  0x000001eab80ee998: ;   {metadata(method data for {method} {0x000001eb11d540e0} 'processDisposalQueue' '()V' in 'com/sun/prism/impl/Disposer')}
  0x000001eab80ee998: 4c8b c248 | bf80 8ef3 | 11eb 0100 

  0x000001eab80ee9a4: ;   {metadata('java/util/LinkedList')}
  0x000001eab80ee9a4: 0049 ba88 | d005 d1ea | 0100 004c | 8997 7801 | 0000 4883 | 8780 0100 

  0x000001eab80ee9bc: ;   {metadata(method data for {method} {0x000001eb1113e5d8} 'remove' '()Ljava/lang/Object;' in 'java/util/LinkedList')}
  0x000001eab80ee9bc: 0001 49b8 | 58fb bb11 | eb01 0000 | 418b b8cc | 0000 0083 | c702 4189 | b8cc 0000 | 0081 e7fe 
  0x000001eab80ee9dc: ff1f 0085 | ff0f 84d4 | 7600 004c 

  0x000001eab80ee9e8: ;   {metadata(method data for {method} {0x000001eb1113e5d8} 'remove' '()Ljava/lang/Object;' in 'java/util/LinkedList')}
  0x000001eab80ee9e8: 8bc2 48bf | 58fb bb11 | eb01 0000 

  0x000001eab80ee9f4: ;   {metadata('java/util/LinkedList')}
  0x000001eab80ee9f4: 49ba 88d0 | 05d1 ea01 | 0000 4c89 | 9720 0100 | 0048 8387 | 2801 0000 

  0x000001eab80eea0c: ;   {metadata(method data for {method} {0x000001eb1113cd10} 'removeFirst' '()Ljava/lang/Object;' in 'java/util/LinkedList')}
  0x000001eab80eea0c: 0149 b8e0 | fcbb 11eb | 0100 0041 | 8bb8 cc00 | 0000 83c7 | 0241 89b8 | cc00 0000 | 81e7 feff 
  0x000001eab80eea2c: 1f00 85ff | 0f84 a676 | 0000 448b | 4214 49c1 | e003 4d85 

  0x000001eab80eea40: ;   {metadata(method data for {method} {0x000001eb1113cd10} 'removeFirst' '()Ljava/lang/Object;' in 'java/util/LinkedList')}
  0x000001eab80eea40: c048 bfe0 | fcbb 11eb | 0100 0048 | bb20 0100 | 0000 0000 | 0074 0a48 | bb10 0100 | 0000 0000 
  0x000001eab80eea60: 0048 8b04 | 1f48 8d40 | 0148 8904 | 1f0f 840e | 3300 0048 

  0x000001eab80eea74: ;   {metadata(method data for {method} {0x000001eb1113cd10} 'removeFirst' '()Ljava/lang/Object;' in 'java/util/LinkedList')}
  0x000001eab80eea74: 8bfa 48bb | e0fc bb11 | eb01 0000 | 4883 8340 | 0100 0001 | 0f1f 8000 

  0x000001eab80eea8c: ;   {optimized virtual_call}
  0x000001eab80eea8c: 0000 00e8 

  0x000001eab80eea90: ; ImmutableOopMap {[232]=Oop [360]=Oop [752]=Oop }
                      ;*invokevirtual unlinkFirst {reexecute=0 rethrow=0 return_oop=0}
                      ; - java.util.LinkedList::removeFirst@19 (line 282)
                      ; - java.util.LinkedList::remove@1 (line 696)
                      ; - com.sun.prism.impl.Disposer::processDisposalQueue@14 (line 184)
                      ; - com.sun.prism.impl.Disposer::cleanUp@9 (line 130)
                      ; - com.sun.javafx.tk.quantum.PresentingPainter::run@377 (line 117)
  0x000001eab80eea90: ecff d106 

  0x000001eab80eea94: ;   {other}
  0x000001eab80eea94: 0f1f 8400 | 0463 002a | 4885 c075 

  0x000001eab80eeaa0: ;   {metadata(method data for {method} {0x000001eb11d540e0} 'processDisposalQueue' '()V' in 'com/sun/prism/impl/Disposer')}
  0x000001eab80eeaa0: 1648 bf80 | 8ef3 11eb | 0100 0080 | 8f99 0100 | 0001 e9e7 

  0x000001eab80eeab4: ;   {metadata('com/sun/prism/impl/Disposer$Record')}
  0x000001eab80eeab4: 0000 0048 | bb88 4924 | d1ea 0100 | 008b 7808 | 49ba 0000 | 00d0 ea01 | 0000 4903 | fa48 3b5f 
  0x000001eab80eead4: 200f 841a | 0000 0048 | 3bfb 0f84 | 1100 0000 

  0x000001eab80eeae4: ;   {runtime_call slow_subtype_check Runtime1 stub}
  0x000001eab80eeae4: 5753 e895 | 8cde 065f | 5f85 ff0f | 848d 0000 

  0x000001eab80eeaf4: ;   {metadata(method data for {method} {0x000001eb11d540e0} 'processDisposalQueue' '()V' in 'com/sun/prism/impl/Disposer')}
  0x000001eab80eeaf4: 0048 bf80 | 8ef3 11eb | 0100 008b | 5808 49ba | 0000 00d0 | ea01 0000 | 4903 da48 | 3b9f b001 
  0x000001eab80eeb14: 0000 750d | 4883 87b8 | 0100 0001 | e979 0000 | 0048 3b9f | c001 0000 | 750d 4883 | 87c8 0100 
  0x000001eab80eeb34: 0001 e963 | 0000 0048 | 83bf b001 | 0000 0075 | 1748 899f | b001 0000 | 48c7 87b8 | 0100 0001 
  0x000001eab80eeb54: 0000 00e9 | 4200 0000 | 4883 bfc0 | 0100 0000 | 7517 4889 | 9fc0 0100 | 0048 c787 | c801 0000 
  0x000001eab80eeb74: 0100 0000 | e921 0000 | 00e9 1c00 

  0x000001eab80eeb80: ;   {metadata(method data for {method} {0x000001eb11d540e0} 'processDisposalQueue' '()V' in 'com/sun/prism/impl/Disposer')}
  0x000001eab80eeb80: 0000 48bf | 808e f311 | eb01 0000 | 4883 afa0 | 0100 0001 | e964 7500 | 00e9 0000 | 0000 488b 
  0x000001eab80eeba0: d048 3b02 

  0x000001eab80eeba4: ;   {metadata(method data for {method} {0x000001eb11d540e0} 'processDisposalQueue' '()V' in 'com/sun/prism/impl/Disposer')}
  0x000001eab80eeba4: 488b f248 | bf80 8ef3 | 11eb 0100 | 008b 7608 | 49ba 0000 | 00d0 ea01 | 0000 4903 | f248 3bb7 
  0x000001eab80eebc4: e801 0000 | 750d 4883 | 87f0 0100 | 0001 e960 | 0000 0048 | 3bb7 f801 | 0000 750d | 4883 8700 
  0x000001eab80eebe4: 0200 0001 | e94a 0000 | 0048 83bf | e801 0000 | 0075 1748 | 89b7 e801 | 0000 48c7 | 87f0 0100 
  0x000001eab80eec04: 0001 0000 | 00e9 2900 | 0000 4883 | bff8 0100 | 0000 7517 | 4889 b7f8 | 0100 0048 | c787 0002 
  0x000001eab80eec24: 0000 0100 | 0000 e908 | 0000 0048 | 8387 d801 | 0000 0166 | 0f1f 4400 | 0048 b8ff | ffff ffff 
  0x000001eab80eec44: ;   {virtual_call}
  0x000001eab80eec44: ffff ffe8 

  0x000001eab80eec48: ; ImmutableOopMap {[232]=Oop [360]=Oop [752]=Oop }
                      ;*invokeinterface dispose {reexecute=0 rethrow=0 return_oop=0}
                      ; - com.sun.prism.impl.Disposer::processDisposalQueue@20 (line 184)
                      ; - com.sun.prism.impl.Disposer::cleanUp@9 (line 130)
                      ; - com.sun.javafx.tk.quantum.PresentingPainter::run@377 (line 117)
  0x000001eab80eec48: 3401 d206 

  0x000001eab80eec4c: ;   {other}
  0x000001eab80eec4c: 0f1f 8400 | bc64 002b 

  0x000001eab80eec54: ;   {metadata(method data for {method} {0x000001eb11d540e0} 'processDisposalQueue' '()V' in 'com/sun/prism/impl/Disposer')}
  0x000001eab80eec54: 48b8 808e | f311 eb01 | 0000 448b | 80d0 0000 | 0041 83c0 | 0244 8980 | d000 0000 | 4181 e0fe 
  0x000001eab80eec74: 3f00 0045 | 85c0 0f84 | 8b74 0000 | 4d8b 9750 

  0x000001eab80eec84: ; ImmutableOopMap {[232]=Oop [360]=Oop [752]=Oop }
                      ;*goto {reexecute=1 rethrow=0 return_oop=0}
                      ; - (reexecute) com.sun.prism.impl.Disposer::processDisposalQueue@25 (line 184)
                      ; - com.sun.prism.impl.Disposer::cleanUp@9 (line 130)
                      ; - com.sun.javafx.tk.quantum.PresentingPainter::run@377 (line 117)
                      ;   {poll}
  0x000001eab80eec84: 0400 0041 

  0x000001eab80eec88: ;   {metadata(method data for {method} {0x000001eb11d540e0} 'processDisposalQueue' '()V' in 'com/sun/prism/impl/Disposer')}
  0x000001eab80eec88: 8502 48b8 | 808e f311 | eb01 0000 | ff80 1002 | 0000 488b | b424 6801 | 0000 e989 | fbff ff48 
  0x000001eab80eeca8: 8d84 24e8 | 0200 004c | 8b00 4d85 | c00f 840f | 0000 0048 | 8b50 08f0 | 4c0f b102 | 0f85 6274 
  0x000001eab80eecc8: 0000 49ff | 8f48 0500 

  0x000001eab80eecd0: ;   {metadata(method data for {method} {0x000001eb119dcc38} 'run' '()V' in 'com/sun/javafx/tk/quantum/PresentingPainter')}
  0x000001eab80eecd0: 0049 b820 | acf3 11eb | 0100 0041 | ff80 a80a | 0000 488b | 9424 e800 | 0000 448b | 4228 49c1 
  0x000001eab80eecf0: e003 493b | 0049 8bf0 

  0x000001eab80eecf8: ;   {metadata(method data for {method} {0x000001eb119dcc38} 'run' '()V' in 'com/sun/javafx/tk/quantum/PresentingPainter')}
  0x000001eab80eecf8: 48bf 20ac | f311 eb01 | 0000 8b76 | 0849 ba00 | 0000 d0ea | 0100 0049 | 03f2 483b | b7c8 0a00 
  0x000001eab80eed18: 0075 0d48 | 8387 d00a | 0000 01e9 | 6000 0000 | 483b b7d8 | 0a00 0075 | 0d48 8387 | e00a 0000 
  0x000001eab80eed38: 01e9 4a00 | 0000 4883 | bfc8 0a00 | 0000 7517 | 4889 b7c8 | 0a00 0048 | c787 d00a | 0000 0100 
  0x000001eab80eed58: 0000 e929 | 0000 0048 | 83bf d80a | 0000 0075 | 1748 89b7 | d80a 0000 | 48c7 87e0 | 0a00 0001 
  0x000001eab80eed78: 0000 00e9 | 0800 0000 | 4883 87b8 | 0a00 0001 

  0x000001eab80eed88: ;   {metadata(method data for {method} {0x000001eb119e29e0} 'unlock' '()V' in 'com/sun/prism/PresentableState')}
  0x000001eab80eed88: 48be 5032 | f411 eb01 | 0000 8bbe | cc00 0000 | 83c7 0289 | becc 0000 | 0081 e7fe | ff1f 0085 
  0x000001eab80eeda8: ff0f 8498 | 7300 0041 | 8b58 6848 | c1e3 0348 

  0x000001eab80eedb8: ;   {metadata(method data for {method} {0x000001eb119e29e0} 'unlock' '()V' in 'com/sun/prism/PresentableState')}
  0x000001eab80eedb8: 85db 49b8 | 5032 f411 | eb01 0000 | 48be 1001 | 0000 0000 | 0000 740a | 48be 2001 | 0000 0000 
  0x000001eab80eedd8: 0000 498b | 3c30 488d | 7f01 4989 | 3c30 0f84 | 7001 0000 

  0x000001eab80eedec: ; implicit exception: dispatches to 0x000001eab80f6168
  0x000001eab80eedec: 483b 034c 

  0x000001eab80eedf0: ;   {metadata(method data for {method} {0x000001eb119e29e0} 'unlock' '()V' in 'com/sun/prism/PresentableState')}
  0x000001eab80eedf0: 8bc3 48be | 5032 f411 | eb01 0000 | 458b 4008 | 49ba 0000 | 00d0 ea01 | 0000 4d03 | c24c 3b86 
  0x000001eab80eee10: 4001 0000 | 750d 4883 | 8648 0100 | 0001 e960 | 0000 004c | 3b86 5001 | 0000 750d | 4883 8658 
  0x000001eab80eee30: 0100 0001 | e94a 0000 | 0048 83be | 4001 0000 | 0075 174c | 8986 4001 | 0000 48c7 | 8648 0100 
  0x000001eab80eee50: 0001 0000 | 00e9 2900 | 0000 4883 | be50 0100 | 0000 7517 | 4c89 8650 | 0100 0048 | c786 5801 
  0x000001eab80eee70: 0000 0100 | 0000 e908 | 0000 0048 | 8386 3001 

  0x000001eab80eee80: ;   {metadata(method data for {method} {0x000001eb1153f840} 'unlock' '()V' in 'com/sun/glass/ui/View')}
  0x000001eab80eee80: 0000 0149 | b8e8 90f3 | 11eb 0100 | 0041 8bb0 | cc00 0000 | 83c6 0241 | 89b0 cc00 | 0000 81e6 
  0x000001eab80eeea0: feff 1f00 | 85f6 0f84 | c172 0000 

  0x000001eab80eeeac: ;   {metadata(method data for {method} {0x000001eb1153f840} 'unlock' '()V' in 'com/sun/glass/ui/View')}
  0x000001eab80eeeac: 4c8b c348 | bee8 90f3 | 11eb 0100 | 0048 8386 | 1001 0000 

  0x000001eab80eeec0: ;   {metadata(method data for {method} {0x000001eb1153d880} 'checkNotClosed' '()V' in 'com/sun/glass/ui/View')}
  0x000001eab80eeec0: 0149 b8c0 | d9e4 11eb | 0100 0041 | 8bb0 cc00 | 0000 83c6 | 0241 89b0 | cc00 0000 | 81e6 feff 
  0x000001eab80eeee0: 1f00 85f6 | 0f84 a472 | 0000 c5fb | 1043 10c4 | c1f9 7ec0 | 4983 f800 

  0x000001eab80eeef8: ;   {metadata(method data for {method} {0x000001eb1153d880} 'checkNotClosed' '()V' in 'com/sun/glass/ui/View')}
  0x000001eab80eeef8: 49b8 c0d9 | e411 eb01 | 0000 48be | 2001 0000 | 0000 0000 | 740a 48be | 1001 0000 | 0000 0000 
  0x000001eab80eef18: 498b 3c30 | 488d 7f01 | 4989 3c30 | 0f84 9f2d | 0000 c5fb | 1043 10c4 | c1f9 7ec0 

  0x000001eab80eef34: ;   {metadata(method data for {method} {0x000001eb1153f840} 'unlock' '()V' in 'com/sun/glass/ui/View')}
  0x000001eab80eef34: 488b f348 | bfe8 90f3 | 11eb 0100 | 0048 8387 | 6001 0000 | 0148 8bd3 

  0x000001eab80eef4c: ;   {optimized virtual_call}
  0x000001eab80eef4c: 6666 90e8 

  0x000001eab80eef50: ; ImmutableOopMap {[232]=Oop }
                      ;*invokevirtual _end {reexecute=0 rethrow=0 return_oop=0}
                      ; - com.sun.glass.ui.View::unlock@9 (line 748)
                      ; - com.sun.prism.PresentableState::unlock@11 (line 296)
                      ; - com.sun.javafx.tk.quantum.PresentingPainter::run@388 (line 120)
  0x000001eab80eef50: 2cfb d106 

  0x000001eab80eef54: ;   {other}
  0x000001eab80eef54: 0f1f 8400 | c467 002d | 488b 9424 | e800 0000 | 448b 4228 | 49c1 e003 

  0x000001eab80eef6c: ; implicit exception: dispatches to 0x000001eab80f61af
  0x000001eab80eef6c: 493b 0049 

  0x000001eab80eef70: ;   {metadata(method data for {method} {0x000001eb119dcc38} 'run' '()V' in 'com/sun/javafx/tk/quantum/PresentingPainter')}
  0x000001eab80eef70: 8bf0 48bf | 20ac f311 | eb01 0000 

  0x000001eab80eef7c: ;   {metadata('com/sun/javafx/tk/quantum/SceneState')}
  0x000001eab80eef7c: 49ba 2030 | 1ad1 ea01 | 0000 4c89 | 9700 0b00 | 0048 8387 | 080b 0000 | 0145 8b40 | 6c49 c1e0 
  0x000001eab80eef9c: 034d 85c0 

  0x000001eab80eefa0: ;   {metadata(method data for {method} {0x000001eb119dcc38} 'run' '()V' in 'com/sun/javafx/tk/quantum/PresentingPainter')}
  0x000001eab80eefa0: 7516 48bf | 20ac f311 | eb01 0000 | 808f 210b | 0000 01e9 | ce00 0000 

  0x000001eab80eefb8: ;   {metadata('com/sun/javafx/tk/quantum/ViewScene')}
  0x000001eab80eefb8: 48bb 08e4 | 19d1 ea01 | 0000 418b | 7008 49ba | 0000 00d0 | ea01 0000 | 4903 f248 | 3bde 0f85 
  0x000001eab80eefd8: 8e00 0000 

  0x000001eab80eefdc: ;   {metadata(method data for {method} {0x000001eb119dcc38} 'run' '()V' in 'com/sun/javafx/tk/quantum/PresentingPainter')}
  0x000001eab80eefdc: 48bf 20ac | f311 eb01 | 0000 418b | 5808 49ba | 0000 00d0 | ea01 0000 | 4903 da48 | 3b9f 380b 
  0x000001eab80eeffc: 0000 750d | 4883 8740 | 0b00 0001 | e979 0000 | 0048 3b9f | 480b 0000 | 750d 4883 | 8750 0b00 
  0x000001eab80ef01c: 0001 e963 | 0000 0048 | 83bf 380b | 0000 0075 | 1748 899f | 380b 0000 | 48c7 8740 | 0b00 0001 
  0x000001eab80ef03c: 0000 00e9 | 4200 0000 | 4883 bf48 | 0b00 0000 | 7517 4889 | 9f48 0b00 | 0048 c787 | 500b 0000 
  0x000001eab80ef05c: 0100 0000 | e921 0000 | 00e9 1c00 

  0x000001eab80ef068: ;   {metadata(method data for {method} {0x000001eb119dcc38} 'run' '()V' in 'com/sun/javafx/tk/quantum/PresentingPainter')}
  0x000001eab80ef068: 0000 48bf | 20ac f311 | eb01 0000 | 4883 af28 | 0b00 0001 | e933 7100 | 00e9 0000 | 0000 493b 
  0x000001eab80ef088: 0049 8bf0 

  0x000001eab80ef08c: ;   {metadata(method data for {method} {0x000001eb119dcc38} 'run' '()V' in 'com/sun/javafx/tk/quantum/PresentingPainter')}
  0x000001eab80ef08c: 48bf 20ac | f311 eb01 | 0000 8b76 | 0849 ba00 | 0000 d0ea | 0100 0049 | 03f2 483b | b770 0b00 
  0x000001eab80ef0ac: 0075 0d48 | 8387 780b | 0000 01e9 | 6000 0000 | 483b b780 | 0b00 0075 | 0d48 8387 | 880b 0000 
  0x000001eab80ef0cc: 01e9 4a00 | 0000 4883 | bf70 0b00 | 0000 7517 | 4889 b770 | 0b00 0048 | c787 780b | 0000 0100 
  0x000001eab80ef0ec: 0000 e929 | 0000 0048 | 83bf 800b | 0000 0075 | 1748 89b7 | 800b 0000 | 48c7 8788 | 0b00 0001 
  0x000001eab80ef10c: 0000 00e9 | 0800 0000 | 4883 8760 | 0b00 0001 

  0x000001eab80ef11c: ;   {metadata(method data for {method} {0x000001eb1151dd70} 'setPainting' '(Z)Z' in 'com/sun/javafx/tk/quantum/GlassScene')}
  0x000001eab80ef11c: 48be 5810 | e611 eb01 | 0000 8bbe | cc00 0000 | 83c7 0289 | becc 0000 | 0081 e7fe | ff1f 0085 
  0x000001eab80ef13c: ff0f 847f | 7000 0041 | 8b58 3848 | c1e3 0348 | 3b03 4c8b 

  0x000001eab80ef150: ;   {metadata(method data for {method} {0x000001eb1151dd70} 'setPainting' '(Z)Z' in 'com/sun/javafx/tk/quantum/GlassScene')}
  0x000001eab80ef150: c348 be58 | 10e6 11eb | 0100 0048 | 8386 1001 

  0x000001eab80ef160: ;   {metadata(method data for {method} {0x000001eb1112f1e0} 'getAndSet' '(Z)Z' in 'java/util/concurrent/atomic/AtomicBoolean')}
  0x000001eab80ef160: 0000 0149 | b8b0 9eba | 11eb 0100 | 0041 8bb0 | cc00 0000 | 83c6 0241 | 89b0 cc00 | 0000 81e6 
  0x000001eab80ef180: feff 1f00 | 85f6 0f84 | 5c70 0000 

  0x000001eab80ef18c: ;   {metadata(method data for {method} {0x000001eb1112f1e0} 'getAndSet' '(Z)Z' in 'java/util/concurrent/atomic/AtomicBoolean')}
  0x000001eab80ef18c: 49b8 b09e | ba11 eb01 | 0000 41ff | 8010 0100 

  0x000001eab80ef19c: ;   {metadata(method data for {method} {0x000001ead0157d50} 'guard_LI_I' '(Ljava/lang/invoke/VarHandle;Ljava/lang/Object;ILjava/lang/invoke/VarHandle$AccessDescriptor;)I' in 'java/lang/invoke/VarHandleGuards')}
  0x000001eab80ef19c: 0049 b8a8 | 5305 11eb | 0100 004d | 8d80 d803 

  0x000001eab80ef1ac: ;   {oop(a 'java/lang/invoke/VarHandleInts$FieldInstanceReadWrite'{0x000000070458d6d0})}
  0x000001eab80ef1ac: 0000 48be | d0d6 5804 | 0700 0000 | 4885 f675 | 0b41 f600 | 0175 05f0 | 4983 0801 

  0x000001eab80ef1c8: ;   {metadata(method data for {method} {0x000001eb1112f1e0} 'getAndSet' '(Z)Z' in 'java/util/concurrent/atomic/AtomicBoolean')}
  0x000001eab80ef1c8: 49b8 b09e | ba11 eb01 | 0000 4983 | 8048 0100 

  0x000001eab80ef1d8: ;   {metadata(method data for {method} {0x000001ead0157d50} 'guard_LI_I' '(Ljava/lang/invoke/VarHandle;Ljava/lang/Object;ILjava/lang/invoke/VarHandle$AccessDescriptor;)I' in 'java/lang/invoke/VarHandleGuards')}
  0x000001eab80ef1d8: 0001 49b8 | a853 0511 | eb01 0000 | 418b b8cc | 0000 0083 | c702 4189 | b8cc 0000 | 0081 e7fe 
  0x000001eab80ef1f8: ff1f 0085 | ff0f 8406 

  0x000001eab80ef200: ;   {metadata(method data for {method} {0x000001ead0157d50} 'guard_LI_I' '(Ljava/lang/invoke/VarHandle;Ljava/lang/Object;ILjava/lang/invoke/VarHandle$AccessDescriptor;)I' in 'java/lang/invoke/VarHandleGuards')}
  0x000001eab80ef200: 7000 0049 | b8a8 5305 | 11eb 0100 | 004d 8d80 | 4801 0000 

  0x000001eab80ef214: ;   {oop(a 'java/lang/invoke/VarHandle$AccessDescriptor'{0x000000070444d1c0})}
  0x000001eab80ef214: 48bf c0d1 | 4404 0700 | 0000 4885 | ff75 0d41 | f640 0801 | 7506 f049 | 8348 0801 

  0x000001eab80ef230: ;   {metadata(method data for {method} {0x000001ead0157d50} 'guard_LI_I' '(Ljava/lang/invoke/VarHandle;Ljava/lang/Object;ILjava/lang/invoke/VarHandle$AccessDescriptor;)I' in 'java/lang/invoke/VarHandleGuards')}
  0x000001eab80ef230: 49b8 a853 | 0511 eb01 | 0000 8b76 | 0849 ba00 | 0000 d0ea | 0100 0049 | 03f2 493b | b020 0100 
  0x000001eab80ef250: 0075 0d49 | 8380 2801 | 0000 01e9 | 6000 0000 | 493b b030 | 0100 0075 | 0d49 8380 | 3801 0000 
  0x000001eab80ef270: 01e9 4a00 | 0000 4983 | b820 0100 | 0000 7517 | 4989 b020 | 0100 0049 | c780 2801 | 0000 0100 
  0x000001eab80ef290: 0000 e929 | 0000 0049 | 83b8 3001 | 0000 0075 | 1749 89b0 | 3001 0000 | 49c7 8038 | 0100 0001 
  0x000001eab80ef2b0: 0000 00e9 | 0800 0000 | 4983 8010 | 0100 0001 

  0x000001eab80ef2c0: ;   {metadata(method data for {method} {0x000001ead0093f08} 'checkAccessModeThenIsDirect' '(Ljava/lang/invoke/VarHandle$AccessDescriptor;)Z' in 'java/lang/invoke/VarHandle')}
  0x000001eab80ef2c0: 49b8 9857 | 0511 eb01 | 0000 418b | b0cc 0000 | 0083 c602 | 4189 b0cc | 0000 0081 | e6fe ff1f 
  0x000001eab80ef2e0: 0085 f60f | 8441 6f00 

  0x000001eab80ef2e8: ;   {metadata(method data for {method} {0x000001ead0093f08} 'checkAccessModeThenIsDirect' '(Ljava/lang/invoke/VarHandle$AccessDescriptor;)Z' in 'java/lang/invoke/VarHandle')}
  0x000001eab80ef2e8: 0049 b898 | 5705 11eb | 0100 0041 | ff80 1001 

  0x000001eab80ef2f8: ;   {metadata(method data for {method} {0x000001ead0157d50} 'guard_LI_I' '(Ljava/lang/invoke/VarHandle;Ljava/lang/Object;ILjava/lang/invoke/VarHandle$AccessDescriptor;)I' in 'java/lang/invoke/VarHandleGuards')}
  0x000001eab80ef2f8: 0000 49b8 | a853 0511 | eb01 0000 | 41ff 8070 

  0x000001eab80ef308: ;   {metadata(method data for {method} {0x000001ead0157d50} 'guard_LI_I' '(Ljava/lang/invoke/VarHandle;Ljava/lang/Object;ILjava/lang/invoke/VarHandle$AccessDescriptor;)I' in 'java/lang/invoke/VarHandleGuards')}
  0x000001eab80ef308: 0100 0049 | b8a8 5305 | 11eb 0100 | 0041 ff80 | 9001 0000 

  0x000001eab80ef31c: ;   {oop(a 'java/lang/invoke/VarForm'{0x00000007045949a0})}
  0x000001eab80ef31c: 49b8 a049 | 5904 0700 

  0x000001eab80ef324: ;   {metadata(method data for {method} {0x000001ead0157d50} 'guard_LI_I' '(Ljava/lang/invoke/VarHandle;Ljava/lang/Object;ILjava/lang/invoke/VarHandle$AccessDescriptor;)I' in 'java/lang/invoke/VarHandleGuards')}
  0x000001eab80ef324: 0000 48be | a853 0511 | eb01 0000 | 4883 86a0 | 0100 0001 

  0x000001eab80ef338: ;   {metadata(method data for {method} {0x000001ead0155cf0} 'getMemberName' '(I)Ljava/lang/invoke/MemberName;' in 'java/lang/invoke/VarForm')}
  0x000001eab80ef338: 49b8 c863 | 0511 eb01 | 0000 418b | b0cc 0000 | 0083 c602 | 4189 b0cc | 0000 0081 | e6fe ff1f 
  0x000001eab80ef358: 0085 f60f | 84ea 6e00 

  0x000001eab80ef360: ;   {metadata(method data for {method} {0x000001ead0155cf0} 'getMemberName' '(I)Ljava/lang/invoke/MemberName;' in 'java/lang/invoke/VarForm')}
  0x000001eab80ef360: 0049 b8c8 | 6305 11eb | 0100 0041 | ff80 1001 

  0x000001eab80ef370: ;   {metadata(method data for {method} {0x000001ead0157d50} 'guard_LI_I' '(Ljava/lang/invoke/VarHandle;Ljava/lang/Object;ILjava/lang/invoke/VarHandle$AccessDescriptor;)I' in 'java/lang/invoke/VarHandleGuards')}
  0x000001eab80ef370: 0000 49b8 | a853 0511 | eb01 0000 | 4d8d 80d8 

  0x000001eab80ef380: ;   {oop(a 'java/lang/invoke/MemberName'{0x0000000704594de0} = {method} {0x000001eb110e9768} 'getAndSet' '(Ljava/lang/invoke/VarHandle;Ljava/lang/Object;I)I' in 'java/lang/invoke/VarHandleInts$FieldInstanceReadWrite')}
  0x000001eab80ef380: 0100 0048 | bee0 4d59 | 0407 0000 | 0048 85f6 | 750b 41f6 | 0001 7505 | f049 8308 

  0x000001eab80ef39c: ;   {metadata(method data for {method} {0x000001ead0157d50} 'guard_LI_I' '(Ljava/lang/invoke/VarHandle;Ljava/lang/Object;ILjava/lang/invoke/VarHandle$AccessDescriptor;)I' in 'java/lang/invoke/VarHandleGuards')}
  0x000001eab80ef39c: 0149 b8a8 | 5305 11eb | 0100 004d | 8d80 f801 

  0x000001eab80ef3ac: ;   {oop(a 'java/lang/invoke/VarHandleInts$FieldInstanceReadWrite'{0x000000070458d6d0})}
  0x000001eab80ef3ac: 0000 48be | d0d6 5804 | 0700 0000 | 4885 f675 | 0d41 f640 | 0801 7506 | f049 8348 

  0x000001eab80ef3c8: ;   {metadata(method data for {method} {0x000001ead0157d50} 'guard_LI_I' '(Ljava/lang/invoke/VarHandle;Ljava/lang/Object;ILjava/lang/invoke/VarHandle$AccessDescriptor;)I' in 'java/lang/invoke/VarHandleGuards')}
  0x000001eab80ef3c8: 0801 49b8 | a853 0511 | eb01 0000 | 4983 80e8 | 0100 0001 

  0x000001eab80ef3dc: ;   {metadata(method data for {method} {0x000001eb110e9768} 'getAndSet' '(Ljava/lang/invoke/VarHandle;Ljava/lang/Object;I)I' in 'java/lang/invoke/VarHandleInts$FieldInstanceReadWrite')}
  0x000001eab80ef3dc: 49b8 c8a0 | ba11 eb01 | 0000 418b | b0cc 0000 | 0083 c602 | 4189 b0cc | 0000 0081 | e6fe ff1f 
  0x000001eab80ef3fc: 0085 f60f | 8467 6e00 

  0x000001eab80ef404: ;   {oop(a 'java/lang/Class'{0x000000070458d6f8} = 'java/util/concurrent/atomic/AtomicBoolean')}
  0x000001eab80ef404: 0049 b8f8 | d658 0407 

  0x000001eab80ef40c: ;   {metadata(method data for {method} {0x000001eb110e9768} 'getAndSet' '(Ljava/lang/invoke/VarHandle;Ljava/lang/Object;I)I' in 'java/lang/invoke/VarHandleInts$FieldInstanceReadWrite')}
  0x000001eab80ef40c: 0000 0048 | bec8 a0ba | 11eb 0100 | 0048 8386 | 4801 0000 

  0x000001eab80ef420: ;   {metadata(method data for {method} {0x000001ead046e870} 'cast' '(Ljava/lang/Object;)Ljava/lang/Object;' in 'java/lang/Class')}
  0x000001eab80ef420: 0149 b8e8 | 7713 11eb | 0100 0041 | 8bb0 cc00 | 0000 83c6 | 0241 89b0 | cc00 0000 | 81e6 feff 
  0x000001eab80ef440: 1f00 85f6 | 0f84 436e | 0000 4885 

  0x000001eab80ef44c: ;   {metadata(method data for {method} {0x000001ead046e870} 'cast' '(Ljava/lang/Object;)Ljava/lang/Object;' in 'java/lang/Class')}
  0x000001eab80ef44c: db49 b8e8 | 7713 11eb | 0100 0048 | be10 0100 | 0000 0000 | 0074 0a48 | be20 0100 | 0000 0000 
  0x000001eab80ef46c: 0049 8b3c | 3048 8d7f | 0149 893c | 300f 8492 

  0x000001eab80ef47c: ;   {oop(a 'java/lang/Class'{0x000000070458d6f8} = 'java/util/concurrent/atomic/AtomicBoolean')}
  0x000001eab80ef47c: 0000 0049 | b8f8 d658 | 0407 0000 

  0x000001eab80ef488: ;   {metadata(method data for {method} {0x000001ead046e870} 'cast' '(Ljava/lang/Object;)Ljava/lang/Object;' in 'java/lang/Class')}
  0x000001eab80ef488: 0048 bee8 | 7713 11eb | 0100 0048 | 8386 3001 | 0000 0148 | 85db 0f84 | 2900 0000 

  0x000001eab80ef4a4: ;   {metadata('java/util/concurrent/atomic/AtomicBoolean')}
  0x000001eab80ef4a4: 48b8 50ac | 05d1 ea01 | 0000 8b7b | 0849 ba00 | 0000 d0ea | 0100 0049 | 03fa 483b | 4738 0f85 
  0x000001eab80ef4c4: 0500 0000 | e905 0000 | 004d 33c0 | eb0a 49b8 | 0100 0000 | 0000 0000 

  0x000001eab80ef4dc: ;   {metadata(method data for {method} {0x000001ead046e870} 'cast' '(Ljava/lang/Object;)Ljava/lang/Object;' in 'java/lang/Class')}
  0x000001eab80ef4dc: 4585 c049 | b8e8 7713 | 11eb 0100 | 0048 be78 | 0100 0000 | 0000 0074 | 0a48 be68 | 0100 0000 
  0x000001eab80ef4fc: 0000 0049 | 8b3c 3048 | 8d7f 0149 | 893c 300f | 84e0 2600 

  0x000001eab80ef510: ;   {metadata(method data for {method} {0x000001eb110e9768} 'getAndSet' '(Ljava/lang/invoke/VarHandle;Ljava/lang/Object;I)I' in 'java/lang/invoke/VarHandleInts$FieldInstanceReadWrite')}
  0x000001eab80ef510: 0049 b8c8 | a0ba 11eb | 0100 0049 | 8380 8001 

  0x000001eab80ef520: ;   {metadata(method data for {method} {0x000001ead00564a0} 'requireNonNull' '(Ljava/lang/Object;)Ljava/lang/Object;' in 'java/util/Objects')}
  0x000001eab80ef520: 0000 0149 | b8e0 3b01 | 11eb 0100 | 0041 8bb0 | cc00 0000 | 83c6 0241 | 89b0 cc00 | 0000 81e6 
  0x000001eab80ef540: feff 1f00 | 85f6 0f84 | 626d 0000 

  0x000001eab80ef54c: ;   {metadata(method data for {method} {0x000001ead00564a0} 'requireNonNull' '(Ljava/lang/Object;)Ljava/lang/Object;' in 'java/util/Objects')}
  0x000001eab80ef54c: 4885 db49 | b8e0 3b01 | 11eb 0100 | 0048 be20 | 0100 0000 | 0000 0074 | 0a48 be10 | 0100 0000 
  0x000001eab80ef56c: 0000 0049 | 8b3c 3048 | 8d7f 0149 | 893c 300f | 84d3 2500 | 004c 8d43 | 0cbe 0000 | 0000 4187 
  0x000001eab80ef58c: ;   {metadata(method data for {method} {0x000001eb1112f1e0} 'getAndSet' '(Z)Z' in 'java/util/concurrent/atomic/AtomicBoolean')}
  0x000001eab80ef58c: 3085 f649 | b8b0 9eba | 11eb 0100 | 0048 be98 | 0100 0000 | 0000 0074 | 0a48 bea8 | 0100 0000 
  0x000001eab80ef5ac: 0000 0049 | 8b3c 3048 | 8d7f 0149 | 893c 300f | 841c 0000 

  0x000001eab80ef5c0: ;   {metadata(method data for {method} {0x000001eb1112f1e0} 'getAndSet' '(Z)Z' in 'java/util/concurrent/atomic/AtomicBoolean')}
  0x000001eab80ef5c0: 0049 b8b0 | 9eba 11eb | 0100 0041 | ff80 b801 | 0000 41b8 | 0100 0000 | e906 0000 | 0041 b800 
  0x000001eab80ef5e0: 0000 0041 | 83e0 0141 | 83e0 0144 | 8b42 3049 | c1e0 034d 

  0x000001eab80ef5f4: ;   {metadata(method data for {method} {0x000001eb119dcc38} 'run' '()V' in 'com/sun/javafx/tk/quantum/PresentingPainter')}
  0x000001eab80ef5f4: 85c0 48ba | 20ac f311 | eb01 0000 | 48be 980b | 0000 0000 | 0000 740a | 48be a80b | 0000 0000 
  0x000001eab80ef614: 0000 488b | 3c32 488d | 7f01 4889 | 3c32 0f84 | 3c01 0000 | 4d85 c00f | 842a 0000 

  0x000001eab80ef630: ;   {metadata('com/sun/prism/d3d/D3DResourceFactory')}
  0x000001eab80ef630: 0048 bb50 | d102 d1ea | 0100 0041 | 8b78 0849 | ba00 0000 | d0ea 0100 | 0049 03fa | 483b 5f48 
  0x000001eab80ef650: 0f85 796c | 0000 e900 | 0000 0049 | 8bd0 493b 

  0x000001eab80ef660: ;   {metadata(method data for {method} {0x000001eb119dcc38} 'run' '()V' in 'com/sun/javafx/tk/quantum/PresentingPainter')}
  0x000001eab80ef660: 0048 ba20 | acf3 11eb 

  0x000001eab80ef668: ;   {metadata('com/sun/prism/d3d/D3DResourceFactory')}
  0x000001eab80ef668: 0100 0049 | ba50 d102 | d1ea 0100 | 004c 8992 | c80b 0000 | 4883 82d0 | 0b00 0001 

  0x000001eab80ef684: ;   {metadata(method data for {method} {0x000001eb1150e910} 'getTextureResourcePool' '()Lcom/sun/prism/impl/TextureResourcePool;' in 'com/sun/prism/d3d/D3DResourceFactory')}
  0x000001eab80ef684: 49b8 5093 | f311 eb01 | 0000 418b | 90cc 0000 | 0083 c202 | 4189 90cc | 0000 0081 | e2fe ff1f 
  0x000001eab80ef6a4: 0085 d20f | 842c 6c00 

  0x000001eab80ef6ac: ;   {oop(a 'com/sun/prism/d3d/D3DVramPool'{0x0000000704d175f8})}
  0x000001eab80ef6ac: 0048 baf8 | 75d1 0407 | 0000 004c 

  0x000001eab80ef6b8: ;   {metadata(method data for {method} {0x000001eb119dcc38} 'run' '()V' in 'com/sun/javafx/tk/quantum/PresentingPainter')}
  0x000001eab80ef6b8: 8bc2 48be | 20ac f311 | eb01 0000 | 458b 4008 | 49ba 0000 | 00d0 ea01 | 0000 4d03 | c24c 3b86 
  0x000001eab80ef6d8: 000c 0000 | 750d 4883 | 8608 0c00 | 0001 e960 | 0000 004c | 3b86 100c | 0000 750d | 4883 8618 
  0x000001eab80ef6f8: 0c00 0001 | e94a 0000 | 0048 83be | 000c 0000 | 0075 174c | 8986 000c | 0000 48c7 | 8608 0c00 
  0x000001eab80ef718: 0001 0000 | 00e9 2900 | 0000 4883 | be10 0c00 | 0000 7517 | 4c89 8610 | 0c00 0048 | c786 180c 
  0x000001eab80ef738: 0000 0100 | 0000 e908 | 0000 0048 | 8386 f00b | 0000 0141 | b800 0000 | 0066 0f1f 

  0x000001eab80ef754: ;   {optimized virtual_call}
  0x000001eab80ef754: 4400 00e8 

  0x000001eab80ef758: ; ImmutableOopMap {}
                      ;*invokeinterface freeDisposalRequestedAndCheckResources {reexecute=0 rethrow=0 return_oop=0}
                      ; - com.sun.javafx.tk.quantum.PresentingPainter::run@427 (line 127)
  0x000001eab80ef758: 24f3 d106 

  0x000001eab80ef75c: ;   {other}
  0x000001eab80ef75c: 0f1f 8400 | cc6f 002e 

  0x000001eab80ef764: ;   {oop(a 'java/util/concurrent/locks/ReentrantLock'{0x000000070494c798})}
  0x000001eab80ef764: 49b8 98c7 | 9404 0700 | 0000 498b 

  0x000001eab80ef770: ;   {metadata(method data for {method} {0x000001eb119dcc38} 'run' '()V' in 'com/sun/javafx/tk/quantum/PresentingPainter')}
  0x000001eab80ef770: d048 be20 | acf3 11eb | 0100 008b | 5208 49ba | 0000 00d0 | ea01 0000 | 4903 d248 | 3b96 380c 
  0x000001eab80ef790: 0000 750d | 4883 8640 | 0c00 0001 | e960 0000 | 0048 3b96 | 480c 0000 | 750d 4883 | 8650 0c00 
  0x000001eab80ef7b0: 0001 e94a | 0000 0048 | 83be 380c | 0000 0075 | 1748 8996 | 380c 0000 | 48c7 8640 | 0c00 0001 
  0x000001eab80ef7d0: 0000 00e9 | 2900 0000 | 4883 be48 | 0c00 0000 | 7517 4889 | 9648 0c00 | 0048 c786 | 500c 0000 
  0x000001eab80ef7f0: 0100 0000 | e908 0000 | 0048 8386 | 280c 0000 

  0x000001eab80ef800: ;   {metadata(method data for {method} {0x000001ead017ee20} 'unlock' '()V' in 'java/util/concurrent/locks/ReentrantLock')}
  0x000001eab80ef800: 0148 bae0 | 6113 11eb | 0100 008b | b2cc 0000 | 0083 c602 | 89b2 cc00 | 0000 81e6 | feff 1f00 
  0x000001eab80ef820: 85f6 0f84 | d26a 0000 | 418b 700c | 48c1 e603 

  0x000001eab80ef830: ; implicit exception: dispatches to 0x000001eab80f631b
  0x000001eab80ef830: 483b 064c 

  0x000001eab80ef834: ;   {metadata(method data for {method} {0x000001ead017ee20} 'unlock' '()V' in 'java/util/concurrent/locks/ReentrantLock')}
  0x000001eab80ef834: 8bc6 48ba | e061 1311 | eb01 0000 | 4883 8210 | 0100 0001 

  0x000001eab80ef848: ;   {metadata(method data for {method} {0x000001ead01b01a8} 'release' '(I)Z' in 'java/util/concurrent/locks/AbstractQueuedSynchronizer')}
  0x000001eab80ef848: 49b8 6863 | 1311 eb01 | 0000 418b | 90cc 0000 | 0083 c202 | 4189 90cc | 0000 0081 | e2fe ff1f 
  0x000001eab80ef868: 0085 d20f | 84af 6a00 | 004c 8bc6 

  0x000001eab80ef874: ;   {metadata(method data for {method} {0x000001ead01b01a8} 'release' '(I)Z' in 'java/util/concurrent/locks/AbstractQueuedSynchronizer')}
  0x000001eab80ef874: 48ba 6863 | 1311 eb01 | 0000 458b | 4008 49ba | 0000 00d0 | ea01 0000 | 4d03 c24c | 3b82 2001 
  0x000001eab80ef894: 0000 750d | 4883 8228 | 0100 0001 | e960 0000 | 004c 3b82 | 3001 0000 | 750d 4883 | 8238 0100 
  0x000001eab80ef8b4: 0001 e94a | 0000 0048 | 83ba 2001 | 0000 0075 | 174c 8982 | 2001 0000 | 48c7 8228 | 0100 0001 
  0x000001eab80ef8d4: 0000 00e9 | 2900 0000 | 4883 ba30 | 0100 0000 | 7517 4c89 | 8230 0100 | 0048 c782 | 3801 0000 
  0x000001eab80ef8f4: 0100 0000 | e908 0000 | 0048 8382 | 1001 0000 | 0141 b801 | 0000 0048 | 8bd6 4889 | b424 7001 
  0x000001eab80ef914: ;   {optimized virtual_call}
  0x000001eab80ef914: 0000 90e8 

  0x000001eab80ef918: ; ImmutableOopMap {[368]=Oop }
                      ;*invokevirtual tryRelease {reexecute=0 rethrow=0 return_oop=0}
                      ; - java.util.concurrent.locks.AbstractQueuedSynchronizer::release@2 (line 1059)
                      ; - java.util.concurrent.locks.ReentrantLock::unlock@5 (line 494)
                      ; - com.sun.javafx.tk.quantum.PresentingPainter::run@435 (line 130)
  0x000001eab80ef918: 64f1 d106 

  0x000001eab80ef91c: ;   {other}
  0x000001eab80ef91c: 0f1f 8400 | 8c71 002f 

  0x000001eab80ef924: ;   {metadata(method data for {method} {0x000001ead01b01a8} 'release' '(I)Z' in 'java/util/concurrent/locks/AbstractQueuedSynchronizer')}
  0x000001eab80ef924: 85c0 48ba | 6863 1311 | eb01 0000 | 48be 4801 | 0000 0000 | 0000 740a | 48be 5801 | 0000 0000 
  0x000001eab80ef944: 0000 488b | 3c32 488d | 7f01 4889 | 3c32 0f84 | 4f00 0000 | 488b b424 | 7001 0000 | 8b56 1448 
  0x000001eab80ef964: ;   {metadata(method data for {method} {0x000001ead01b01a8} 'release' '(I)Z' in 'java/util/concurrent/locks/AbstractQueuedSynchronizer')}
  0x000001eab80ef964: c1e2 0348 | be68 6313 | 11eb 0100 | 0048 8386 | 6801 0000 | 0166 0f1f 

  0x000001eab80ef97c: ;   {static_call}
  0x000001eab80ef97c: 4400 00e8 

  0x000001eab80ef980: ; ImmutableOopMap {}
                      ;*invokestatic signalNext {reexecute=0 rethrow=0 return_oop=0}
                      ; - java.util.concurrent.locks.AbstractQueuedSynchronizer::release@12 (line 1060)
                      ; - java.util.concurrent.locks.ReentrantLock::unlock@5 (line 494)
                      ; - com.sun.javafx.tk.quantum.PresentingPainter::run@435 (line 130)
  0x000001eab80ef980: fcf6 d106 

  0x000001eab80ef984: ;   {other}
  0x000001eab80ef984: 0f1f 8400 | f471 0030 | b801 0000 | 0048 81c4 | 0003 0000 

  0x000001eab80ef998: ;   {poll_return}
  0x000001eab80ef998: 5d49 3ba7 | 4804 0000 | 0f87 9b69 | 0000 c3b8 | 0000 0000 | 4881 c400 | 0300 005d 

  0x000001eab80ef9b4: ;   {poll_return}
  0x000001eab80ef9b4: 493b a748 | 0400 000f | 8796 6900 | 00c3 488b | b424 5001 | 0000 488b | 9424 e800 | 0000 483b 
  0x000001eab80ef9d4: 0648 8bc6 

  0x000001eab80ef9d8: ;   {metadata(method data for {method} {0x000001eb119dcc38} 'run' '()V' in 'com/sun/javafx/tk/quantum/PresentingPainter')}
  0x000001eab80ef9d8: 48bf 20ac | f311 eb01 | 0000 4883 | 8760 0c00 | 0001 488d | bc24 e802 | 0000 4889 | 7708 488b 
  0x000001eab80ef9f8: 0648 83c8 | 0148 8907 | f048 0fb1 | 3e0f 8412 | 0000 0048 | 2bc4 4825 | 07f0 ffff | 4889 070f 
  0x000001eab80efa18: 8555 6900 | 0049 ff87 | 4805 0000 | 0fbe 760d | 488d 8424 | e802 0000 | 488b 3848 | 85ff 0f84 
  0x000001eab80efa38: 0f00 0000 | 488b 5808 | f048 0fb1 | 3b0f 853a | 6900 0049 | ff8f 4805 | 0000 83e6 

  0x000001eab80efa54: ;   {metadata(method data for {method} {0x000001eb119dcc38} 'run' '()V' in 'com/sun/javafx/tk/quantum/PresentingPainter')}
  0x000001eab80efa54: 0185 f648 | be20 acf3 | 11eb 0100 | 0048 bf98 | 0c00 0000 | 0000 0074 | 0a48 bfa8 | 0c00 0000 
  0x000001eab80efa74: 0000 0048 | 8b1c 3e48 | 8d5b 0148 | 891c 3e0f | 840b 0b00 | 008b 722c | 48c1 e603 | 4885 f60f 
  0x000001eab80efa94: 8429 0000 

  0x000001eab80efa98: ;   {metadata('com/sun/prism/d3d/D3DSwapChain')}
  0x000001eab80efa98: 0048 b9d8 | 7024 d1ea | 0100 008b | 4608 49ba | 0000 00d0 | ea01 0000 | 4903 c248 | 3b48 480f 
  0x000001eab80efab8: 85de 6800 | 00e9 0000 | 0000 488b | fe48 3b06 

  0x000001eab80efac8: ;   {metadata(method data for {method} {0x000001eb119dcc38} 'run' '()V' in 'com/sun/javafx/tk/quantum/PresentingPainter')}
  0x000001eab80efac8: 488b fe48 | bb20 acf3 | 11eb 0100 

  0x000001eab80efad4: ;   {metadata('com/sun/prism/d3d/D3DSwapChain')}
  0x000001eab80efad4: 0049 bad8 | 7024 d1ea | 0100 004c | 8993 c80c | 0000 4883 | 83d0 0c00 | 0001 488b | d666 0f1f 
  0x000001eab80efaf4: ;   {optimized virtual_call}
  0x000001eab80efaf4: 4400 00e8 

  0x000001eab80efaf8: ; ImmutableOopMap {[232]=Oop }
                      ;*invokeinterface present {reexecute=0 rethrow=0 return_oop=0}
                      ; - com.sun.javafx.tk.quantum.PresentingPainter::run@451 (line 107)
  0x000001eab80efaf8: 0440 0400 

  0x000001eab80efafc: ;   {other}
  0x000001eab80efafc: 0f1f 8400 | 6c73 0031 

  0x000001eab80efb04: ;   {metadata(method data for {method} {0x000001eb119dcc38} 'run' '()V' in 'com/sun/javafx/tk/quantum/PresentingPainter')}
  0x000001eab80efb04: 85c0 48ba | 20ac f311 | eb01 0000 | 48be f00c | 0000 0000 | 0000 750a | 48be 000d | 0000 0000 
  0x000001eab80efb24: 0000 488b | 3c32 488d | 7f01 4889 | 3c32 0f85 | 5c0a 0000 | 488b 9424 | e800 0000 

  0x000001eab80efb40: ;   {metadata(method data for {method} {0x000001eb119dcc38} 'run' '()V' in 'com/sun/javafx/tk/quantum/PresentingPainter')}
  0x000001eab80efb40: 488b f248 | bf20 acf3 | 11eb 0100 | 008b 7608 | 49ba 0000 | 00d0 ea01 | 0000 4903 | f248 3bb7 
  0x000001eab80efb60: 200d 0000 | 750d 4883 | 8728 0d00 | 0001 e960 | 0000 0048 | 3bb7 300d | 0000 750d | 4883 8738 
  0x000001eab80efb80: 0d00 0001 | e94a 0000 | 0048 83bf | 200d 0000 | 0075 1748 | 89b7 200d | 0000 48c7 | 8728 0d00 
  0x000001eab80efba0: 0001 0000 | 00e9 2900 | 0000 4883 | bf30 0d00 | 0000 7517 | 4889 b730 | 0d00 0048 | c787 380d 
  0x000001eab80efbc0: 0000 0100 | 0000 e908 | 0000 0048 | 8387 100d 

  0x000001eab80efbd0: ;   {metadata(method data for {method} {0x000001eb119da3a8} 'disposePresentable' '()V' in 'com/sun/javafx/tk/quantum/ViewPainter')}
  0x000001eab80efbd0: 0000 0148 | bee0 e5f3 | 11eb 0100 | 008b becc | 0000 0083 | c702 89be | cc00 0000 | 81e7 feff 
  0x000001eab80efbf0: 1f00 85ff | 0f84 ab67 | 0000 8b72 | 2c48 c1e6 | 0348 85f6 

  0x000001eab80efc04: ;   {metadata(method data for {method} {0x000001eb119da3a8} 'disposePresentable' '()V' in 'com/sun/javafx/tk/quantum/ViewPainter')}
  0x000001eab80efc04: 7516 48b8 | e0e5 f311 | eb01 0000 | 8088 0901 | 0000 01e9 | e700 0000 

  0x000001eab80efc1c: ;   {metadata('com/sun/prism/GraphicsResource')}
  0x000001eab80efc1c: 48b9 00c0 | 02d1 ea01 | 0000 8b46 | 0849 ba00 | 0000 d0ea | 0100 0049 | 03c2 483b | 4820 0f84 
  0x000001eab80efc3c: 1a00 0000 | 483b c10f | 8411 0000 

  0x000001eab80efc48: ;   {runtime_call slow_subtype_check Runtime1 stub}
  0x000001eab80efc48: 0050 51e8 | 307b de06 | 5858 85c0 | 0f84 8d00 

  0x000001eab80efc58: ;   {metadata(method data for {method} {0x000001eb119da3a8} 'disposePresentable' '()V' in 'com/sun/javafx/tk/quantum/ViewPainter')}
  0x000001eab80efc58: 0000 48b8 | e0e5 f311 | eb01 0000 | 8b4e 0849 | ba00 0000 | d0ea 0100 | 0049 03ca | 483b 8820 
  0x000001eab80efc78: 0100 0075 | 0d48 8380 | 2801 0000 | 01e9 7e00 | 0000 483b | 8830 0100 | 0075 0d48 | 8380 3801 
  0x000001eab80efc98: 0000 01e9 | 6800 0000 | 4883 b820 | 0100 0000 | 7517 4889 | 8820 0100 | 0048 c780 | 2801 0000 
  0x000001eab80efcb8: 0100 0000 | e947 0000 | 0048 83b8 | 3001 0000 | 0075 1748 | 8988 3001 | 0000 48c7 | 8038 0100 
  0x000001eab80efcd8: 0001 0000 | 00e9 2600 | 0000 e921 

  0x000001eab80efce4: ;   {metadata(method data for {method} {0x000001eb119da3a8} 'disposePresentable' '()V' in 'com/sun/javafx/tk/quantum/ViewPainter')}
  0x000001eab80efce4: 0000 0048 | b8e0 e5f3 | 11eb 0100 | 0048 83a8 | 1001 0000 | 01e9 0500 | 0000 e905 | 0000 0048 
  0x000001eab80efd04: 33ff eb0a | 48bf 0100 | 0000 0000 | 0000 85ff 

  0x000001eab80efd14: ;   {metadata(method data for {method} {0x000001eb119da3a8} 'disposePresentable' '()V' in 'com/sun/javafx/tk/quantum/ViewPainter')}
  0x000001eab80efd14: 48bf e0e5 | f311 eb01 | 0000 48bb | 4801 0000 | 0000 0000 | 740a 48bb | 5801 0000 | 0000 0000 
  0x000001eab80efd34: 488b 041f | 488d 4001 | 4889 041f | 0f84 be01 | 0000 4885 

  0x000001eab80efd48: ;   {metadata(method data for {method} {0x000001eb119da3a8} 'disposePresentable' '()V' in 'com/sun/javafx/tk/quantum/ViewPainter')}
  0x000001eab80efd48: f675 1648 | bbe0 e5f3 | 11eb 0100 | 0080 8b61 | 0100 0001 | e9e7 0000 

  0x000001eab80efd60: ;   {metadata('com/sun/prism/GraphicsResource')}
  0x000001eab80efd60: 0048 b800 | c002 d1ea | 0100 008b | 5e08 49ba | 0000 00d0 | ea01 0000 | 4903 da48 | 3b43 200f 
  0x000001eab80efd80: 841a 0000 | 0048 3bd8 | 0f84 1100 | 0000 5350 

  0x000001eab80efd90: ;   {runtime_call slow_subtype_check Runtime1 stub}
  0x000001eab80efd90: e8eb 79de | 065b 5b85 | db0f 848d 

  0x000001eab80efd9c: ;   {metadata(method data for {method} {0x000001eb119da3a8} 'disposePresentable' '()V' in 'com/sun/javafx/tk/quantum/ViewPainter')}
  0x000001eab80efd9c: 0000 0048 | bbe0 e5f3 | 11eb 0100 | 008b 4608 | 49ba 0000 | 00d0 ea01 | 0000 4903 | c248 3b83 
  0x000001eab80efdbc: 7801 0000 | 750d 4883 | 8380 0100 | 0001 e979 | 0000 0048 | 3b83 8801 | 0000 750d | 4883 8390 
  0x000001eab80efddc: 0100 0001 | e963 0000 | 0048 83bb | 7801 0000 | 0075 1748 | 8983 7801 | 0000 48c7 | 8380 0100 
  0x000001eab80efdfc: 0001 0000 | 00e9 4200 | 0000 4883 | bb88 0100 | 0000 7517 | 4889 8388 | 0100 0048 | c783 9001 
  0x000001eab80efe1c: 0000 0100 | 0000 e921 | 0000 00e9 | 1c00 0000 

  0x000001eab80efe2c: ;   {metadata(method data for {method} {0x000001eb119da3a8} 'disposePresentable' '()V' in 'com/sun/javafx/tk/quantum/ViewPainter')}
  0x000001eab80efe2c: 48bb e0e5 | f311 eb01 | 0000 4883 | ab68 0100 | 0001 e983 | 6500 00e9 | 0000 0000 

  0x000001eab80efe48: ; implicit exception: dispatches to 0x000001eab80f63cf
  0x000001eab80efe48: 483b 0648 

  0x000001eab80efe4c: ;   {metadata(method data for {method} {0x000001eb119da3a8} 'disposePresentable' '()V' in 'com/sun/javafx/tk/quantum/ViewPainter')}
  0x000001eab80efe4c: 8bfe 48bb | e0e5 f311 | eb01 0000 | 8b7f 0849 | ba00 0000 | d0ea 0100 | 0049 03fa | 483b bbb0 
  0x000001eab80efe6c: 0100 0075 | 0d48 8383 | b801 0000 | 01e9 6000 | 0000 483b | bbc0 0100 | 0075 0d48 | 8383 c801 
  0x000001eab80efe8c: 0000 01e9 | 4a00 0000 | 4883 bbb0 | 0100 0000 | 7517 4889 | bbb0 0100 | 0048 c783 | b801 0000 
  0x000001eab80efeac: 0100 0000 | e929 0000 | 0048 83bb | c001 0000 | 0075 1748 | 89bb c001 | 0000 48c7 | 83c8 0100 
  0x000001eab80efecc: 0001 0000 | 00e9 0800 | 0000 4883 | 83a0 0100 | 0001 488b | d60f 1f40 | 0048 b8ff | ffff ffff 
  0x000001eab80efeec: ;   {virtual_call}
  0x000001eab80efeec: ffff ffe8 

  0x000001eab80efef0: ; ImmutableOopMap {[232]=Oop }
                      ;*invokeinterface dispose {reexecute=0 rethrow=0 return_oop=0}
                      ; - com.sun.javafx.tk.quantum.ViewPainter::disposePresentable@17 (line 421)
                      ; - com.sun.javafx.tk.quantum.PresentingPainter::run@460 (line 108)
  0x000001eab80efef0: 8cee d106 

  0x000001eab80efef4: ;   {other}
  0x000001eab80efef4: 0f1f 8400 | 6477 0032 | 488b 9424 | e800 0000 | 410f be77 | 4085 f60f | 85c3 6400 | 00c7 422c 
  0x000001eab80eff14: 0000 0000 | 8b72 2848 | c1e6 0348 | 3b06 488b 

  0x000001eab80eff24: ;   {metadata(method data for {method} {0x000001eb119dcc38} 'run' '()V' in 'com/sun/javafx/tk/quantum/PresentingPainter')}
  0x000001eab80eff24: fe48 bb20 | acf3 11eb 

  0x000001eab80eff2c: ;   {metadata('com/sun/javafx/tk/quantum/SceneState')}
  0x000001eab80eff2c: 0100 0049 | ba20 301a | d1ea 0100 | 004c 8993 | 580d 0000 | 4883 8360 | 0d00 0001 | 8b76 6c48 
  0x000001eab80eff4c: c1e6 0348 | 3b06 488b 

  0x000001eab80eff54: ;   {metadata(method data for {method} {0x000001eb119dcc38} 'run' '()V' in 'com/sun/javafx/tk/quantum/PresentingPainter')}
  0x000001eab80eff54: fe48 bb20 | acf3 11eb | 0100 008b | 7f08 49ba | 0000 00d0 | ea01 0000 | 4903 fa48 | 3bbb 900d 
  0x000001eab80eff74: 0000 750d | 4883 8398 | 0d00 0001 | e960 0000 | 0048 3bbb | a00d 0000 | 750d 4883 | 83a8 0d00 
  0x000001eab80eff94: 0001 e94a | 0000 0048 | 83bb 900d | 0000 0075 | 1748 89bb | 900d 0000 | 48c7 8398 | 0d00 0001 
  0x000001eab80effb4: 0000 00e9 | 2900 0000 | 4883 bba0 | 0d00 0000 | 7517 4889 | bba0 0d00 | 0048 c783 | a80d 0000 
  0x000001eab80effd4: 0100 0000 | e908 0000 | 0048 8383 | 800d 0000 

  0x000001eab80effe4: ;   {metadata(method data for {method} {0x000001eb1151d7b0} 'entireSceneNeedsRepaint' '()V' in 'com/sun/javafx/tk/quantum/GlassScene')}
  0x000001eab80effe4: 0148 bf58 | 2df4 11eb | 0100 008b | 9fcc 0000 | 0083 c302 | 899f cc00 | 0000 81e3 | feff 1f00 
  0x000001eab80f0004: 85db 0f84 | f163 0000 

  0x000001eab80f000c: ;   {metadata(method data for {method} {0x000001eb1151d7b0} 'entireSceneNeedsRepaint' '()V' in 'com/sun/javafx/tk/quantum/GlassScene')}
  0x000001eab80f000c: 48bf 582d | f411 eb01 | 0000 4883 | 8710 0100 

  0x000001eab80f001c: ;   {metadata(method data for {method} {0x000001eb11634248} 'isFxApplicationThread' '()Z' in 'javafx/application/Platform')}
  0x000001eab80f001c: 0001 48bf | 682f f411 | eb01 0000 | 8b9f cc00 | 0000 83c3 | 0289 9fcc | 0000 0081 | e3fe ff1f 
  0x000001eab80f003c: 0085 db0f | 84d9 6300 

  0x000001eab80f0044: ;   {metadata(method data for {method} {0x000001eb11634248} 'isFxApplicationThread' '()Z' in 'javafx/application/Platform')}
  0x000001eab80f0044: 0048 bf68 | 2ff4 11eb | 0100 0048 | 8387 1001 

  0x000001eab80f0054: ;   {metadata(method data for {method} {0x000001eb1145ee00} 'isFxApplicationThread' '()Z' in 'com/sun/javafx/application/PlatformImpl')}
  0x000001eab80f0054: 0000 0148 | bfc0 30f4 | 11eb 0100 | 008b 9fcc | 0000 0083 | c302 899f | cc00 0000 | 81e3 feff 
  0x000001eab80f0074: 1f00 85db | 0f84 c163 

  0x000001eab80f007c: ;   {metadata(method data for {method} {0x000001eb1145ee00} 'isFxApplicationThread' '()Z' in 'com/sun/javafx/application/PlatformImpl')}
  0x000001eab80f007c: 0000 48bf | c030 f411 | eb01 0000 | 4883 8710 | 0100 0001 | 4889 b424 | 7801 0000 | 0f1f 8000 
  0x000001eab80f009c: ;   {static_call}
  0x000001eab80f009c: 0000 00e8 

  0x000001eab80f00a0: ; ImmutableOopMap {[232]=Oop [376]=Oop }
                      ;*invokestatic getToolkit {reexecute=0 rethrow=0 return_oop=0}
                      ; - com.sun.javafx.application.PlatformImpl::isFxApplicationThread@0 (line 428)
                      ; - javafx.application.Platform::isFxApplicationThread@0 (line 194)
                      ; - com.sun.javafx.tk.quantum.GlassScene::entireSceneNeedsRepaint@0 (line 224)
                      ; - com.sun.javafx.tk.quantum.PresentingPainter::run@470 (line 109)
  0x000001eab80f00a0: dcef d106 

  0x000001eab80f00a4: ;   {other}
  0x000001eab80f00a4: 0f1f 8400 | 1479 0033 

  0x000001eab80f00ac: ; implicit exception: dispatches to 0x000001eab80f6460
                      ;   {metadata(method data for {method} {0x000001eb1145ee00} 'isFxApplicationThread' '()Z' in 'com/sun/javafx/application/PlatformImpl')}
  0x000001eab80f00ac: 483b 0049 | b8c0 30f4 | 11eb 0100 | 008b 4008 | 49ba 0000 | 00d0 ea01 | 0000 4903 | c249 3b80 
  0x000001eab80f00cc: 3001 0000 | 750d 4983 | 8038 0100 | 0001 e960 | 0000 0049 | 3b80 4001 | 0000 750d | 4983 8048 
  0x000001eab80f00ec: 0100 0001 | e94a 0000 | 0049 83b8 | 3001 0000 | 0075 1749 | 8980 3001 | 0000 49c7 | 8038 0100 
  0x000001eab80f010c: 0001 0000 | 00e9 2900 | 0000 4983 | b840 0100 | 0000 7517 | 4989 8040 | 0100 0049 | c780 4801 
  0x000001eab80f012c: 0000 0100 | 0000 e908 | 0000 0049 | 8380 2001 

  0x000001eab80f013c: ;   {metadata(method data for {method} {0x000001eb114740c0} 'isFxUserThread' '()Z' in 'com/sun/javafx/tk/Toolkit')}
  0x000001eab80f013c: 0000 0149 | b830 ebe5 | 11eb 0100 | 0041 8b90 | cc00 0000 | 83c2 0241 | 8990 cc00 | 0000 81e2 
  0x000001eab80f015c: feff 1f00 | 85d2 0f84 | fd62 0000 

  0x000001eab80f0168: ;   {metadata(method data for {method} {0x000001eb114740c0} 'isFxUserThread' '()Z' in 'com/sun/javafx/tk/Toolkit')}
  0x000001eab80f0168: 49b8 30eb | e511 eb01 | 0000 4983 | 8010 0100 

  0x000001eab80f0178: ;   {oop(a 'java/lang/Class'{0x000000070458d7f0} = 'com/sun/javafx/tk/Toolkit')}
  0x000001eab80f0178: 0001 49b8 | f0d7 5804 | 0700 0000 | 458b 4078 | 49c1 e003 | 498b 9780 | 0300 0048 | 8b12 493b 
  0x000001eab80f0198: ;   {metadata(method data for {method} {0x000001eb114740c0} 'isFxUserThread' '()Z' in 'com/sun/javafx/tk/Toolkit')}
  0x000001eab80f0198: d049 b830 | ebe5 11eb | 0100 0048 | ba20 0100 | 0000 0000 | 0075 0a48 | ba30 0100 | 0000 0000 
  0x000001eab80f01b8: 0049 8b34 | 1048 8d76 | 0149 8934 | 100f 851c 

  0x000001eab80f01c8: ;   {metadata(method data for {method} {0x000001eb114740c0} 'isFxUserThread' '()Z' in 'com/sun/javafx/tk/Toolkit')}
  0x000001eab80f01c8: 0000 0049 | b830 ebe5 | 11eb 0100 | 0041 ff80 | 4001 0000 | 41b8 0100 | 0000 e906 | 0000 0041 
  0x000001eab80f01e8: b800 0000 | 0041 83e0 | 0141 83e0 | 0141 83e0 | 0145 85c0 

  0x000001eab80f01fc: ;   {metadata(method data for {method} {0x000001eb1151d7b0} 'entireSceneNeedsRepaint' '()V' in 'com/sun/javafx/tk/quantum/GlassScene')}
  0x000001eab80f01fc: 49b8 582d | f411 eb01 | 0000 48ba | 2001 0000 | 0000 0000 | 740a 48ba | 3001 0000 | 0000 0000 
  0x000001eab80f021c: 498b 3410 | 488d 7601 | 4989 3410 | 488b b424 | 7801 0000 | 0f84 2b02 | 0000 41b8 | 0100 0000 
  0x000001eab80f023c: 4488 460c | f083 4424 | c000 4c8b 

  0x000001eab80f0248: ;   {metadata(method data for {method} {0x000001eb1151d7b0} 'entireSceneNeedsRepaint' '()V' in 'com/sun/javafx/tk/quantum/GlassScene')}
  0x000001eab80f0248: c648 ba58 | 2df4 11eb | 0100 0045 | 8b40 0849 | ba00 0000 | d0ea 0100 | 004d 03c2 | 4c3b 8250 
  0x000001eab80f0268: 0100 0075 | 0d48 8382 | 5801 0000 | 01e9 6000 | 0000 4c3b | 8260 0100 | 0075 0d48 | 8382 6801 
  0x000001eab80f0288: 0000 01e9 | 4a00 0000 | 4883 ba50 | 0100 0000 | 7517 4c89 | 8250 0100 | 0048 c782 | 5801 0000 
  0x000001eab80f02a8: 0100 0000 | e929 0000 | 0048 83ba | 6001 0000 | 0075 174c | 8982 6001 | 0000 48c7 | 8268 0100 
  0x000001eab80f02c8: 0001 0000 | 00e9 0800 | 0000 4883 | 8240 0100 

  0x000001eab80f02d8: ;   {metadata(method data for {method} {0x000001eb1151df88} 'sceneChanged' '()V' in 'com/sun/javafx/tk/quantum/GlassScene')}
  0x000001eab80f02d8: 0001 49b8 | e095 f111 | eb01 0000 | 418b 90cc | 0000 0083 | c202 4189 | 90cc 0000 | 0081 e2fe 
  0x000001eab80f02f8: ff1f 0085 | d20f 8483 | 6100 0044 | 8b46 1049 | c1e0 034d 

  0x000001eab80f030c: ;   {metadata(method data for {method} {0x000001eb1151df88} 'sceneChanged' '()V' in 'com/sun/javafx/tk/quantum/GlassScene')}
  0x000001eab80f030c: 85c0 49b8 | e095 f111 | eb01 0000 | 48ba 1001 | 0000 0000 | 0000 740a | 48ba 2001 | 0000 0000 
  0x000001eab80f032c: 0000 498b | 3c10 488d | 7f01 4989 | 3c10 0f84 | 9200 0000 

  0x000001eab80f0340: ;   {metadata(method data for {method} {0x000001eb1151df88} 'sceneChanged' '()V' in 'com/sun/javafx/tk/quantum/GlassScene')}
  0x000001eab80f0340: 49b8 e095 | f111 eb01 | 0000 4983 | 8030 0100 

  0x000001eab80f0350: ;   {metadata(method data for {method} {0x000001eb11519120} 'getInstance' '()Lcom/sun/javafx/tk/quantum/PaintCollector;' in 'com/sun/javafx/tk/quantum/PaintCollector')}
  0x000001eab80f0350: 0001 49b8 | d8a9 e511 | eb01 0000 | 418b 90cc | 0000 0083 | c202 4189 | 90cc 0000 | 0081 e2fe 
  0x000001eab80f0370: ff1f 0085 | d20f 842c 

  0x000001eab80f0378: ;   {oop(a 'java/lang/Class'{0x000000070487ee88} = 'com/sun/javafx/tk/quantum/PaintCollector')}
  0x000001eab80f0378: 6100 0049 | b888 ee87 | 0407 0000 | 0041 8b50 | 7048 c1e2 | 0348 3b02 

  0x000001eab80f0390: ;   {metadata(method data for {method} {0x000001eb1151df88} 'sceneChanged' '()V' in 'com/sun/javafx/tk/quantum/GlassScene')}
  0x000001eab80f0390: 4c8b c248 | bfe0 95f1 | 11eb 0100 | 0048 8387 | 4001 0000 | 014c 8bc6 | 0f1f 8000 

  0x000001eab80f03ac: ;   {optimized virtual_call}
  0x000001eab80f03ac: 0000 00e8 

  0x000001eab80f03b0: ; ImmutableOopMap {[232]=Oop }
                      ;*invokevirtual addDirtyScene {reexecute=0 rethrow=0 return_oop=0}
                      ; - com.sun.javafx.tk.quantum.GlassScene::sceneChanged@11 (line 313)
                      ; - com.sun.javafx.tk.quantum.GlassScene::entireSceneNeedsRepaint@12 (line 226)
                      ; - com.sun.javafx.tk.quantum.PresentingPainter::run@470 (line 109)
  0x000001eab80f03b0: cce6 d106 

  0x000001eab80f03b4: ;   {other}
  0x000001eab80f03b4: 0f1f 8400 | 247c 0034 

  0x000001eab80f03bc: ;   {metadata(method data for {method} {0x000001eb1151df88} 'sceneChanged' '()V' in 'com/sun/javafx/tk/quantum/GlassScene')}
  0x000001eab80f03bc: 49b8 e095 | f111 eb01 | 0000 41ff | 8078 0100 | 00e9 7a00 

  0x000001eab80f03d0: ;   {metadata(method data for {method} {0x000001eb1151df88} 'sceneChanged' '()V' in 'com/sun/javafx/tk/quantum/GlassScene')}
  0x000001eab80f03d0: 0000 49b8 | e095 f111 | eb01 0000 | 4983 8090 | 0100 0001 

  0x000001eab80f03e4: ;   {metadata(method data for {method} {0x000001eb11519120} 'getInstance' '()Lcom/sun/javafx/tk/quantum/PaintCollector;' in 'com/sun/javafx/tk/quantum/PaintCollector')}
  0x000001eab80f03e4: 49b8 d8a9 | e511 eb01 | 0000 418b | 90cc 0000 | 0083 c202 | 4189 90cc | 0000 0081 | e2fe ff1f 
  0x000001eab80f0404: 0085 d20f | 84c0 6000 

  0x000001eab80f040c: ;   {oop(a 'java/lang/Class'{0x000000070487ee88} = 'com/sun/javafx/tk/quantum/PaintCollector')}
  0x000001eab80f040c: 0049 b888 | ee87 0407 | 0000 0041 | 8b50 7048 | c1e2 0348 | 3b02 4c8b 

  0x000001eab80f0424: ;   {metadata(method data for {method} {0x000001eb1151df88} 'sceneChanged' '()V' in 'com/sun/javafx/tk/quantum/GlassScene')}
  0x000001eab80f0424: c248 bfe0 | 95f1 11eb | 0100 0048 | 8387 a001 | 0000 014c | 8bc6 0f1f 

  0x000001eab80f043c: ;   {optimized virtual_call}
  0x000001eab80f043c: 4400 00e8 

  0x000001eab80f0440: ; ImmutableOopMap {[232]=Oop }
                      ;*invokevirtual removeDirtyScene {reexecute=0 rethrow=0 return_oop=0}
                      ; - com.sun.javafx.tk.quantum.GlassScene::sceneChanged@21 (line 318)
                      ; - com.sun.javafx.tk.quantum.GlassScene::entireSceneNeedsRepaint@12 (line 226)
                      ; - com.sun.javafx.tk.quantum.PresentingPainter::run@470 (line 109)
  0x000001eab80f0440: 3ce6 d106 

  0x000001eab80f0444: ;   {other}
  0x000001eab80f0444: 0f1f 8400 | b47c 0035 

  0x000001eab80f044c: ;   {metadata(method data for {method} {0x000001eb1151d7b0} 'entireSceneNeedsRepaint' '()V' in 'com/sun/javafx/tk/quantum/GlassScene')}
  0x000001eab80f044c: 48ba 582d | f411 eb01 | 0000 ff82 | 7801 0000 | e933 0100 | 000f 1f80 | 0000 0000 

  0x000001eab80f0468: ;   {no_reloc}
  0x000001eab80f0468: e995 6000 | 0090 9090 | 9090 488b 

  0x000001eab80f0474: ;   {static_call}
  0x000001eab80f0474: d666 90e8 

  0x000001eab80f0478: ; ImmutableOopMap {[232]=Oop }
                      ;*invokedynamic {reexecute=0 rethrow=0 return_oop=0}
                      ; - com.sun.javafx.tk.quantum.GlassScene::entireSceneNeedsRepaint@19 (line 228)
                      ; - com.sun.javafx.tk.quantum.PresentingPainter::run@470 (line 109)
  0x000001eab80f0478: 04ec d106 

  0x000001eab80f047c: ;   {other}
  0x000001eab80f047c: 0f1f 8400 | ec7c 0036 

  0x000001eab80f0484: ;   {metadata(method data for {method} {0x000001eb1151d7b0} 'entireSceneNeedsRepaint' '()V' in 'com/sun/javafx/tk/quantum/GlassScene')}
  0x000001eab80f0484: 48ba 582d | f411 eb01 | 0000 488d | 92b0 0100 | 0048 85c0 | 750c f602 | 0175 4ef0 | 4883 0a01 
  0x000001eab80f04a4: eb47 448b | 4008 49ba | 0000 00d0 | ea01 0000 | 4d03 c24d | 8bd0 4c33 | 0249 f7c0 | fcff ffff 
  0x000001eab80f04c4: 7427 41f6 | c002 7521 | 48f7 02fe | ffff ff74 | 154d 8bc2 | 4c33 0249 | f7c0 fcff | ffff 7409 
  0x000001eab80f04e4: 4883 0a02 | eb03 4c89 

  0x000001eab80f04ec: ;   {metadata(method data for {method} {0x000001eb1151d7b0} 'entireSceneNeedsRepaint' '()V' in 'com/sun/javafx/tk/quantum/GlassScene')}
  0x000001eab80f04ec: 0248 ba58 | 2df4 11eb | 0100 0048 | 8382 c001 

  0x000001eab80f04fc: ;   {metadata(method data for {method} {0x000001eb11634108} 'runLater' '(Ljava/lang/Runnable;)V' in 'javafx/application/Platform')}
  0x000001eab80f04fc: 0000 0148 | ba30 8ef1 | 11eb 0100 | 0044 8b82 | cc00 0000 | 4183 c002 | 4489 82cc | 0000 0041 
  0x000001eab80f051c: 81e0 feff | 1f00 4585 | c00f 84e1 

  0x000001eab80f0528: ;   {metadata(method data for {method} {0x000001eb11634108} 'runLater' '(Ljava/lang/Runnable;)V' in 'javafx/application/Platform')}
  0x000001eab80f0528: 5f00 0048 | ba30 8ef1 | 11eb 0100 | 0048 8382 | 1001 0000 

  0x000001eab80f053c: ;   {metadata(method data for {method} {0x000001eb1145eea0} 'runLater' '(Ljava/lang/Runnable;)V' in 'com/sun/javafx/application/PlatformImpl')}
  0x000001eab80f053c: 0148 ba90 | 8ff1 11eb | 0100 0044 | 8b82 cc00 | 0000 4183 | c002 4489 | 82cc 0000 | 0041 81e0 
  0x000001eab80f055c: feff 1f00 | 4585 c00f | 84c4 5f00 

  0x000001eab80f0568: ;   {metadata(method data for {method} {0x000001eb1145eea0} 'runLater' '(Ljava/lang/Runnable;)V' in 'com/sun/javafx/application/PlatformImpl')}
  0x000001eab80f0568: 0048 ba90 | 8ff1 11eb | 0100 0048 | 8382 1001 | 0000 0148 | 8bd0 41b8 | 0000 0000 

  0x000001eab80f0584: ;   {static_call}
  0x000001eab80f0584: 6666 90e8 

  0x000001eab80f0588: ; ImmutableOopMap {[232]=Oop }
                      ;*invokestatic runLater {reexecute=0 rethrow=0 return_oop=0}
                      ; - com.sun.javafx.application.PlatformImpl::runLater@2 (line 432)
                      ; - javafx.application.Platform::runLater@1 (line 162)
                      ; - com.sun.javafx.tk.quantum.GlassScene::entireSceneNeedsRepaint@24 (line 228)
                      ; - com.sun.javafx.tk.quantum.PresentingPainter::run@470 (line 109)
  0x000001eab80f0588: f4ea d106 

  0x000001eab80f058c: ;   {other}
  0x000001eab80f058c: 0f1f 8400 | fc7d 0037 

  0x000001eab80f0594: ;   {metadata(method data for {method} {0x000001eb119dcc38} 'run' '()V' in 'com/sun/javafx/tk/quantum/PresentingPainter')}
  0x000001eab80f0594: 48ba 20ac | f311 eb01 | 0000 4883 | 82b8 0d00 

  0x000001eab80f05a4: ;   {metadata(method data for {method} {0x000001eb11d53d68} 'cleanUp' '()V' in 'com/sun/prism/impl/Disposer')}
  0x000001eab80f05a4: 0001 48ba | 3889 f311 | eb01 0000 | 8bb2 cc00 | 0000 83c6 | 0289 b2cc | 0000 0081 | e6fe ff1f 
  0x000001eab80f05c4: 0085 f60f | 8481 5f00 

  0x000001eab80f05cc: ;   {oop(a 'java/lang/Class'{0x0000000704d5c128} = 'com/sun/prism/impl/Disposer')}
  0x000001eab80f05cc: 0048 be28 | c1d5 0407 | 0000 008b | 5670 48c1 | e203 483b | 0248 8bfa 

  0x000001eab80f05e4: ;   {metadata(method data for {method} {0x000001eb11d53d68} 'cleanUp' '()V' in 'com/sun/prism/impl/Disposer')}
  0x000001eab80f05e4: 48bb 3889 | f311 eb01 | 0000 4883 | 8310 0100 | 0001 4889 | b424 8001 

  0x000001eab80f05fc: ;   {optimized virtual_call}
  0x000001eab80f05fc: 0000 90e8 

  0x000001eab80f0600: ; ImmutableOopMap {[232]=Oop [384]=Oop }
                      ;*invokevirtual disposeUnreachables {reexecute=0 rethrow=0 return_oop=0}
                      ; - com.sun.prism.impl.Disposer::cleanUp@3 (line 129)
                      ; - com.sun.javafx.tk.quantum.PresentingPainter::run@473 (line 117)
  0x000001eab80f0600: 1c8c feff 

  0x000001eab80f0604: ;   {other}
  0x000001eab80f0604: 0f1f 8400 | 747e 0038 | 488b b424 | 8001 0000 | 8b76 7048 | c1e6 0348 | 89b4 2488 | 0100 0048 
  0x000001eab80f0624: 3b06 488b 

  0x000001eab80f0628: ;   {metadata(method data for {method} {0x000001eb11d53d68} 'cleanUp' '()V' in 'com/sun/prism/impl/Disposer')}
  0x000001eab80f0628: c649 b838 | 89f3 11eb | 0100 0049 | 8380 4801 | 0000 014c | 8d84 24e8 | 0200 0049 | 8970 0848 
  0x000001eab80f0648: 8b06 4883 | c801 4989 | 00f0 4c0f | b106 0f84 | 1200 0000 | 482b c448 | 2507 f0ff | ff49 8900 
  0x000001eab80f0668: 0f85 0b5f | 0000 49ff | 8748 0500 

  0x000001eab80f0674: ;   {metadata(method data for {method} {0x000001eb11d540e0} 'processDisposalQueue' '()V' in 'com/sun/prism/impl/Disposer')}
  0x000001eab80f0674: 0049 b880 | 8ef3 11eb | 0100 0041 | 8b90 cc00 | 0000 83c2 | 0241 8990 | cc00 0000 | 81e2 feff 
  0x000001eab80f0694: 1f00 85d2 | 0f84 ee5e | 0000 6690 | 8b56 1448 | c1e2 0348 | 3b02 4c8b 

  0x000001eab80f06ac: ;   {metadata(method data for {method} {0x000001eb11d540e0} 'processDisposalQueue' '()V' in 'com/sun/prism/impl/Disposer')}
  0x000001eab80f06ac: c248 bf80 | 8ef3 11eb | 0100 0045 | 8b40 0849 | ba00 0000 | d0ea 0100 | 004d 03c2 | 4c3b 8720 
  0x000001eab80f06cc: 0100 0075 | 0d48 8387 | 2801 0000 | 01e9 6000 | 0000 4c3b | 8730 0100 | 0075 0d48 | 8387 3801 
  0x000001eab80f06ec: 0000 01e9 | 4a00 0000 | 4883 bf20 | 0100 0000 | 7517 4c89 | 8720 0100 | 0048 c787 | 2801 0000 
  0x000001eab80f070c: 0100 0000 | e929 0000 | 0048 83bf | 3001 0000 | 0075 174c | 8987 3001 | 0000 48c7 | 8738 0100 
  0x000001eab80f072c: 0001 0000 | 00e9 0800 | 0000 4883 | 8710 0100 

  0x000001eab80f073c: ;   {metadata(method data for {method} {0x000001ead005a568} 'isEmpty' '()Z' in 'java/util/AbstractCollection')}
  0x000001eab80f073c: 0001 49b8 | f0cd 3711 | eb01 0000 | 418b b8cc | 0000 0083 | c702 4189 | b8cc 0000 | 0081 e7fe 
  0x000001eab80f075c: ff1f 0085 | ff0f 844b | 5e00 004c 

  0x000001eab80f0768: ;   {metadata(method data for {method} {0x000001ead005a568} 'isEmpty' '()Z' in 'java/util/AbstractCollection')}
  0x000001eab80f0768: 8bc2 48bf | f0cd 3711 | eb01 0000 | 448b 4210 

  0x000001eab80f0778: ;   {metadata(method data for {method} {0x000001ead005a568} 'isEmpty' '()Z' in 'java/util/AbstractCollection')}
  0x000001eab80f0778: 4585 c049 | b8f0 cd37 | 11eb 0100 | 0048 bf48 | 0100 0000 | 0000 0075 | 0a48 bf58 | 0100 0000 
  0x000001eab80f0798: 0000 0049 | 8b1c 3848 | 8d5b 0149 | 891c 380f | 851c 0000 

  0x000001eab80f07ac: ;   {metadata(method data for {method} {0x000001ead005a568} 'isEmpty' '()Z' in 'java/util/AbstractCollection')}
  0x000001eab80f07ac: 0049 b8f0 | cd37 11eb | 0100 0041 | ff80 6801 | 0000 41b8 | 0100 0000 | e906 0000 | 0041 b800 
  0x000001eab80f07cc: 0000 0041 | 83e0 0145 

  0x000001eab80f07d4: ;   {metadata(method data for {method} {0x000001eb11d540e0} 'processDisposalQueue' '()V' in 'com/sun/prism/impl/Disposer')}
  0x000001eab80f07d4: 85c0 49b8 | 808e f311 | eb01 0000 | 48bf 4801 | 0000 0000 | 0000 750a | 48bf 5801 | 0000 0000 
  0x000001eab80f07f4: 0000 498b | 1c38 488d | 5b01 4989 | 1c38 0f85 | 0f03 0000 

  0x000001eab80f0808: ;   {metadata(method data for {method} {0x000001eb11d540e0} 'processDisposalQueue' '()V' in 'com/sun/prism/impl/Disposer')}
  0x000001eab80f0808: 4c8b c248 | bf80 8ef3 | 11eb 0100 

  0x000001eab80f0814: ;   {metadata('java/util/LinkedList')}
  0x000001eab80f0814: 0049 ba88 | d005 d1ea | 0100 004c | 8997 7801 | 0000 4883 | 8780 0100 

  0x000001eab80f082c: ;   {metadata(method data for {method} {0x000001eb1113e5d8} 'remove' '()Ljava/lang/Object;' in 'java/util/LinkedList')}
  0x000001eab80f082c: 0001 49b8 | 58fb bb11 | eb01 0000 | 418b b8cc | 0000 0083 | c702 4189 | b8cc 0000 | 0081 e7fe 
  0x000001eab80f084c: ff1f 0085 | ff0f 847c | 5d00 004c 

  0x000001eab80f0858: ;   {metadata(method data for {method} {0x000001eb1113e5d8} 'remove' '()Ljava/lang/Object;' in 'java/util/LinkedList')}
  0x000001eab80f0858: 8bc2 48bf | 58fb bb11 | eb01 0000 

  0x000001eab80f0864: ;   {metadata('java/util/LinkedList')}
  0x000001eab80f0864: 49ba 88d0 | 05d1 ea01 | 0000 4c89 | 9720 0100 | 0048 8387 | 2801 0000 

  0x000001eab80f087c: ;   {metadata(method data for {method} {0x000001eb1113cd10} 'removeFirst' '()Ljava/lang/Object;' in 'java/util/LinkedList')}
  0x000001eab80f087c: 0149 b8e0 | fcbb 11eb | 0100 0041 | 8bb8 cc00 | 0000 83c7 | 0241 89b8 | cc00 0000 | 81e7 feff 
  0x000001eab80f089c: 1f00 85ff | 0f84 4e5d | 0000 448b | 4214 49c1 | e003 4d85 

  0x000001eab80f08b0: ;   {metadata(method data for {method} {0x000001eb1113cd10} 'removeFirst' '()Ljava/lang/Object;' in 'java/util/LinkedList')}
  0x000001eab80f08b0: c048 bfe0 | fcbb 11eb | 0100 0048 | bb20 0100 | 0000 0000 | 0074 0a48 | bb10 0100 | 0000 0000 
  0x000001eab80f08d0: 0048 8b04 | 1f48 8d40 | 0148 8904 | 1f0f 84be | 1100 0048 

  0x000001eab80f08e4: ;   {metadata(method data for {method} {0x000001eb1113cd10} 'removeFirst' '()Ljava/lang/Object;' in 'java/util/LinkedList')}
  0x000001eab80f08e4: 8bfa 48bb | e0fc bb11 | eb01 0000 | 4883 8340 | 0100 0001 | 0f1f 8000 

  0x000001eab80f08fc: ;   {optimized virtual_call}
  0x000001eab80f08fc: 0000 00e8 

  0x000001eab80f0900: ; ImmutableOopMap {[232]=Oop [392]=Oop [752]=Oop }
                      ;*invokevirtual unlinkFirst {reexecute=0 rethrow=0 return_oop=0}
                      ; - java.util.LinkedList::removeFirst@19 (line 282)
                      ; - java.util.LinkedList::remove@1 (line 696)
                      ; - com.sun.prism.impl.Disposer::processDisposalQueue@14 (line 184)
                      ; - com.sun.prism.impl.Disposer::cleanUp@9 (line 130)
                      ; - com.sun.javafx.tk.quantum.PresentingPainter::run@473 (line 117)
  0x000001eab80f0900: 7ce1 d106 

  0x000001eab80f0904: ;   {other}
  0x000001eab80f0904: 0f1f 8400 | 7481 0039 | 4885 c075 

  0x000001eab80f0910: ;   {metadata(method data for {method} {0x000001eb11d540e0} 'processDisposalQueue' '()V' in 'com/sun/prism/impl/Disposer')}
  0x000001eab80f0910: 1648 bf80 | 8ef3 11eb | 0100 0080 | 8f99 0100 | 0001 e9e7 

  0x000001eab80f0924: ;   {metadata('com/sun/prism/impl/Disposer$Record')}
  0x000001eab80f0924: 0000 0048 | bb88 4924 | d1ea 0100 | 008b 7808 | 49ba 0000 | 00d0 ea01 | 0000 4903 | fa48 3b5f 
  0x000001eab80f0944: 200f 841a | 0000 0048 | 3bfb 0f84 | 1100 0000 

  0x000001eab80f0954: ;   {runtime_call slow_subtype_check Runtime1 stub}
  0x000001eab80f0954: 5753 e825 | 6ede 065f | 5f85 ff0f | 848d 0000 

  0x000001eab80f0964: ;   {metadata(method data for {method} {0x000001eb11d540e0} 'processDisposalQueue' '()V' in 'com/sun/prism/impl/Disposer')}
  0x000001eab80f0964: 0048 bf80 | 8ef3 11eb | 0100 008b | 5808 49ba | 0000 00d0 | ea01 0000 | 4903 da48 | 3b9f b001 
  0x000001eab80f0984: 0000 750d | 4883 87b8 | 0100 0001 | e979 0000 | 0048 3b9f | c001 0000 | 750d 4883 | 87c8 0100 
  0x000001eab80f09a4: 0001 e963 | 0000 0048 | 83bf b001 | 0000 0075 | 1748 899f | b001 0000 | 48c7 87b8 | 0100 0001 
  0x000001eab80f09c4: 0000 00e9 | 4200 0000 | 4883 bfc0 | 0100 0000 | 7517 4889 | 9fc0 0100 | 0048 c787 | c801 0000 
  0x000001eab80f09e4: 0100 0000 | e921 0000 | 00e9 1c00 

  0x000001eab80f09f0: ;   {metadata(method data for {method} {0x000001eb11d540e0} 'processDisposalQueue' '()V' in 'com/sun/prism/impl/Disposer')}
  0x000001eab80f09f0: 0000 48bf | 808e f311 | eb01 0000 | 4883 afa0 | 0100 0001 | e90c 5c00 | 00e9 0000 | 0000 488b 
  0x000001eab80f0a10: d048 3b02 

  0x000001eab80f0a14: ;   {metadata(method data for {method} {0x000001eb11d540e0} 'processDisposalQueue' '()V' in 'com/sun/prism/impl/Disposer')}
  0x000001eab80f0a14: 488b f248 | bf80 8ef3 | 11eb 0100 | 008b 7608 | 49ba 0000 | 00d0 ea01 | 0000 4903 | f248 3bb7 
  0x000001eab80f0a34: e801 0000 | 750d 4883 | 87f0 0100 | 0001 e960 | 0000 0048 | 3bb7 f801 | 0000 750d | 4883 8700 
  0x000001eab80f0a54: 0200 0001 | e94a 0000 | 0048 83bf | e801 0000 | 0075 1748 | 89b7 e801 | 0000 48c7 | 87f0 0100 
  0x000001eab80f0a74: 0001 0000 | 00e9 2900 | 0000 4883 | bff8 0100 | 0000 7517 | 4889 b7f8 | 0100 0048 | c787 0002 
  0x000001eab80f0a94: 0000 0100 | 0000 e908 | 0000 0048 | 8387 d801 | 0000 0166 | 0f1f 4400 | 0048 b8ff | ffff ffff 
  0x000001eab80f0ab4: ;   {virtual_call}
  0x000001eab80f0ab4: ffff ffe8 

  0x000001eab80f0ab8: ; ImmutableOopMap {[232]=Oop [392]=Oop [752]=Oop }
                      ;*invokeinterface dispose {reexecute=0 rethrow=0 return_oop=0}
                      ; - com.sun.prism.impl.Disposer::processDisposalQueue@20 (line 184)
                      ; - com.sun.prism.impl.Disposer::cleanUp@9 (line 130)
                      ; - com.sun.javafx.tk.quantum.PresentingPainter::run@473 (line 117)
  0x000001eab80f0ab8: c4e2 d106 

  0x000001eab80f0abc: ;   {other}
  0x000001eab80f0abc: 0f1f 8400 | 2c83 003a 

  0x000001eab80f0ac4: ;   {metadata(method data for {method} {0x000001eb11d540e0} 'processDisposalQueue' '()V' in 'com/sun/prism/impl/Disposer')}
  0x000001eab80f0ac4: 48b8 808e | f311 eb01 | 0000 448b | 80d0 0000 | 0041 83c0 | 0244 8980 | d000 0000 | 4181 e0fe 
  0x000001eab80f0ae4: 3f00 0045 | 85c0 0f84 | 335b 0000 | 4d8b 9750 

  0x000001eab80f0af4: ; ImmutableOopMap {[232]=Oop [392]=Oop [752]=Oop }
                      ;*goto {reexecute=1 rethrow=0 return_oop=0}
                      ; - (reexecute) com.sun.prism.impl.Disposer::processDisposalQueue@25 (line 184)
                      ; - com.sun.prism.impl.Disposer::cleanUp@9 (line 130)
                      ; - com.sun.javafx.tk.quantum.PresentingPainter::run@473 (line 117)
                      ;   {poll}
  0x000001eab80f0af4: 0400 0041 

  0x000001eab80f0af8: ;   {metadata(method data for {method} {0x000001eb11d540e0} 'processDisposalQueue' '()V' in 'com/sun/prism/impl/Disposer')}
  0x000001eab80f0af8: 8502 48b8 | 808e f311 | eb01 0000 | ff80 1002 | 0000 488b | b424 8801 | 0000 e989 | fbff ff48 
  0x000001eab80f0b18: 8d84 24e8 | 0200 004c | 8b00 4d85 | c00f 840f | 0000 0048 | 8b50 08f0 | 4c0f b102 | 0f85 0a5b 
  0x000001eab80f0b38: 0000 49ff | 8f48 0500 

  0x000001eab80f0b40: ;   {metadata(method data for {method} {0x000001eb119dcc38} 'run' '()V' in 'com/sun/javafx/tk/quantum/PresentingPainter')}
  0x000001eab80f0b40: 0049 b820 | acf3 11eb | 0100 0041 | ff80 d80d | 0000 488b | 9424 e800 | 0000 448b | 4228 49c1 
  0x000001eab80f0b60: e003 493b | 0049 8bf0 

  0x000001eab80f0b68: ;   {metadata(method data for {method} {0x000001eb119dcc38} 'run' '()V' in 'com/sun/javafx/tk/quantum/PresentingPainter')}
  0x000001eab80f0b68: 48bf 20ac | f311 eb01 | 0000 8b76 | 0849 ba00 | 0000 d0ea | 0100 0049 | 03f2 483b | b7f8 0d00 
  0x000001eab80f0b88: 0075 0d48 | 8387 000e | 0000 01e9 | 6000 0000 | 483b b708 | 0e00 0075 | 0d48 8387 | 100e 0000 
  0x000001eab80f0ba8: 01e9 4a00 | 0000 4883 | bff8 0d00 | 0000 7517 | 4889 b7f8 | 0d00 0048 | c787 000e | 0000 0100 
  0x000001eab80f0bc8: 0000 e929 | 0000 0048 | 83bf 080e | 0000 0075 | 1748 89b7 | 080e 0000 | 48c7 8710 | 0e00 0001 
  0x000001eab80f0be8: 0000 00e9 | 0800 0000 | 4883 87e8 | 0d00 0001 

  0x000001eab80f0bf8: ;   {metadata(method data for {method} {0x000001eb119e29e0} 'unlock' '()V' in 'com/sun/prism/PresentableState')}
  0x000001eab80f0bf8: 48be 5032 | f411 eb01 | 0000 8bbe | cc00 0000 | 83c7 0289 | becc 0000 | 0081 e7fe | ff1f 0085 
  0x000001eab80f0c18: ff0f 8440 | 5a00 0041 | 8b58 6848 | c1e3 0348 

  0x000001eab80f0c28: ;   {metadata(method data for {method} {0x000001eb119e29e0} 'unlock' '()V' in 'com/sun/prism/PresentableState')}
  0x000001eab80f0c28: 85db 49b8 | 5032 f411 | eb01 0000 | 48be 1001 | 0000 0000 | 0000 740a | 48be 2001 | 0000 0000 
  0x000001eab80f0c48: 0000 498b | 3c30 488d | 7f01 4989 | 3c30 0f84 | 7001 0000 

  0x000001eab80f0c5c: ; implicit exception: dispatches to 0x000001eab80f6680
  0x000001eab80f0c5c: 483b 034c 

  0x000001eab80f0c60: ;   {metadata(method data for {method} {0x000001eb119e29e0} 'unlock' '()V' in 'com/sun/prism/PresentableState')}
  0x000001eab80f0c60: 8bc3 48be | 5032 f411 | eb01 0000 | 458b 4008 | 49ba 0000 | 00d0 ea01 | 0000 4d03 | c24c 3b86 
  0x000001eab80f0c80: 4001 0000 | 750d 4883 | 8648 0100 | 0001 e960 | 0000 004c | 3b86 5001 | 0000 750d | 4883 8658 
  0x000001eab80f0ca0: 0100 0001 | e94a 0000 | 0048 83be | 4001 0000 | 0075 174c | 8986 4001 | 0000 48c7 | 8648 0100 
  0x000001eab80f0cc0: 0001 0000 | 00e9 2900 | 0000 4883 | be50 0100 | 0000 7517 | 4c89 8650 | 0100 0048 | c786 5801 
  0x000001eab80f0ce0: 0000 0100 | 0000 e908 | 0000 0048 | 8386 3001 

  0x000001eab80f0cf0: ;   {metadata(method data for {method} {0x000001eb1153f840} 'unlock' '()V' in 'com/sun/glass/ui/View')}
  0x000001eab80f0cf0: 0000 0149 | b8e8 90f3 | 11eb 0100 | 0041 8bb0 | cc00 0000 | 83c6 0241 | 89b0 cc00 | 0000 81e6 
  0x000001eab80f0d10: feff 1f00 | 85f6 0f84 | 6959 0000 

  0x000001eab80f0d1c: ;   {metadata(method data for {method} {0x000001eb1153f840} 'unlock' '()V' in 'com/sun/glass/ui/View')}
  0x000001eab80f0d1c: 4c8b c348 | bee8 90f3 | 11eb 0100 | 0048 8386 | 1001 0000 

  0x000001eab80f0d30: ;   {metadata(method data for {method} {0x000001eb1153d880} 'checkNotClosed' '()V' in 'com/sun/glass/ui/View')}
  0x000001eab80f0d30: 0149 b8c0 | d9e4 11eb | 0100 0041 | 8bb0 cc00 | 0000 83c6 | 0241 89b0 | cc00 0000 | 81e6 feff 
  0x000001eab80f0d50: 1f00 85f6 | 0f84 4c59 | 0000 c5fb | 1043 10c4 | c1f9 7ec0 | 4983 f800 

  0x000001eab80f0d68: ;   {metadata(method data for {method} {0x000001eb1153d880} 'checkNotClosed' '()V' in 'com/sun/glass/ui/View')}
  0x000001eab80f0d68: 49b8 c0d9 | e411 eb01 | 0000 48be | 2001 0000 | 0000 0000 | 740a 48be | 1001 0000 | 0000 0000 
  0x000001eab80f0d88: 498b 3c30 | 488d 7f01 | 4989 3c30 | 0f84 4f0c | 0000 c5fb | 1043 10c4 | c1f9 7ec0 

  0x000001eab80f0da4: ;   {metadata(method data for {method} {0x000001eb1153f840} 'unlock' '()V' in 'com/sun/glass/ui/View')}
  0x000001eab80f0da4: 488b f348 | bfe8 90f3 | 11eb 0100 | 0048 8387 | 6001 0000 | 0148 8bd3 

  0x000001eab80f0dbc: ;   {optimized virtual_call}
  0x000001eab80f0dbc: 6666 90e8 

  0x000001eab80f0dc0: ; ImmutableOopMap {[232]=Oop }
                      ;*invokevirtual _end {reexecute=0 rethrow=0 return_oop=0}
                      ; - com.sun.glass.ui.View::unlock@9 (line 748)
                      ; - com.sun.prism.PresentableState::unlock@11 (line 296)
                      ; - com.sun.javafx.tk.quantum.PresentingPainter::run@484 (line 120)
  0x000001eab80f0dc0: fc98 5a07 

  0x000001eab80f0dc4: ;   {other}
  0x000001eab80f0dc4: 0f1f 8400 | 3486 003c | 488b 9424 | e800 0000 | 448b 4228 | 49c1 e003 

  0x000001eab80f0ddc: ; implicit exception: dispatches to 0x000001eab80f66c7
  0x000001eab80f0ddc: 493b 0049 

  0x000001eab80f0de0: ;   {metadata(method data for {method} {0x000001eb119dcc38} 'run' '()V' in 'com/sun/javafx/tk/quantum/PresentingPainter')}
  0x000001eab80f0de0: 8bf0 48bf | 20ac f311 | eb01 0000 

  0x000001eab80f0dec: ;   {metadata('com/sun/javafx/tk/quantum/SceneState')}
  0x000001eab80f0dec: 49ba 2030 | 1ad1 ea01 | 0000 4c89 | 9730 0e00 | 0048 8387 | 380e 0000 | 0145 8b40 | 6c49 c1e0 
  0x000001eab80f0e0c: 034d 85c0 

  0x000001eab80f0e10: ;   {metadata(method data for {method} {0x000001eb119dcc38} 'run' '()V' in 'com/sun/javafx/tk/quantum/PresentingPainter')}
  0x000001eab80f0e10: 7516 48bf | 20ac f311 | eb01 0000 | 808f 510e | 0000 01e9 | ce00 0000 

  0x000001eab80f0e28: ;   {metadata('com/sun/javafx/tk/quantum/ViewScene')}
  0x000001eab80f0e28: 48bb 08e4 | 19d1 ea01 | 0000 418b | 7008 49ba | 0000 00d0 | ea01 0000 | 4903 f248 | 3bde 0f85 
  0x000001eab80f0e48: 8e00 0000 

  0x000001eab80f0e4c: ;   {metadata(method data for {method} {0x000001eb119dcc38} 'run' '()V' in 'com/sun/javafx/tk/quantum/PresentingPainter')}
  0x000001eab80f0e4c: 48bf 20ac | f311 eb01 | 0000 418b | 5808 49ba | 0000 00d0 | ea01 0000 | 4903 da48 | 3b9f 680e 
  0x000001eab80f0e6c: 0000 750d | 4883 8770 | 0e00 0001 | e979 0000 | 0048 3b9f | 780e 0000 | 750d 4883 | 8780 0e00 
  0x000001eab80f0e8c: 0001 e963 | 0000 0048 | 83bf 680e | 0000 0075 | 1748 899f | 680e 0000 | 48c7 8770 | 0e00 0001 
  0x000001eab80f0eac: 0000 00e9 | 4200 0000 | 4883 bf78 | 0e00 0000 | 7517 4889 | 9f78 0e00 | 0048 c787 | 800e 0000 
  0x000001eab80f0ecc: 0100 0000 | e921 0000 | 00e9 1c00 

  0x000001eab80f0ed8: ;   {metadata(method data for {method} {0x000001eb119dcc38} 'run' '()V' in 'com/sun/javafx/tk/quantum/PresentingPainter')}
  0x000001eab80f0ed8: 0000 48bf | 20ac f311 | eb01 0000 | 4883 af58 | 0e00 0001 | e9db 5700 | 00e9 0000 | 0000 493b 
  0x000001eab80f0ef8: 0049 8bf0 

  0x000001eab80f0efc: ;   {metadata(method data for {method} {0x000001eb119dcc38} 'run' '()V' in 'com/sun/javafx/tk/quantum/PresentingPainter')}
  0x000001eab80f0efc: 48bf 20ac | f311 eb01 | 0000 8b76 | 0849 ba00 | 0000 d0ea | 0100 0049 | 03f2 483b | b7a0 0e00 
  0x000001eab80f0f1c: 0075 0d48 | 8387 a80e | 0000 01e9 | 6000 0000 | 483b b7b0 | 0e00 0075 | 0d48 8387 | b80e 0000 
  0x000001eab80f0f3c: 01e9 4a00 | 0000 4883 | bfa0 0e00 | 0000 7517 | 4889 b7a0 | 0e00 0048 | c787 a80e | 0000 0100 
  0x000001eab80f0f5c: 0000 e929 | 0000 0048 | 83bf b00e | 0000 0075 | 1748 89b7 | b00e 0000 | 48c7 87b8 | 0e00 0001 
  0x000001eab80f0f7c: 0000 00e9 | 0800 0000 | 4883 8790 | 0e00 0001 

  0x000001eab80f0f8c: ;   {metadata(method data for {method} {0x000001eb1151dd70} 'setPainting' '(Z)Z' in 'com/sun/javafx/tk/quantum/GlassScene')}
  0x000001eab80f0f8c: 48be 5810 | e611 eb01 | 0000 8bbe | cc00 0000 | 83c7 0289 | becc 0000 | 0081 e7fe | ff1f 0085 
  0x000001eab80f0fac: ff0f 8427 | 5700 0041 | 8b58 3848 | c1e3 0348 | 3b03 4c8b 

  0x000001eab80f0fc0: ;   {metadata(method data for {method} {0x000001eb1151dd70} 'setPainting' '(Z)Z' in 'com/sun/javafx/tk/quantum/GlassScene')}
  0x000001eab80f0fc0: c348 be58 | 10e6 11eb | 0100 0048 | 8386 1001 

  0x000001eab80f0fd0: ;   {metadata(method data for {method} {0x000001eb1112f1e0} 'getAndSet' '(Z)Z' in 'java/util/concurrent/atomic/AtomicBoolean')}
  0x000001eab80f0fd0: 0000 0149 | b8b0 9eba | 11eb 0100 | 0041 8bb0 | cc00 0000 | 83c6 0241 | 89b0 cc00 | 0000 81e6 
  0x000001eab80f0ff0: feff 1f00 | 85f6 0f84 | 0457 0000 

  0x000001eab80f0ffc: ;   {metadata(method data for {method} {0x000001eb1112f1e0} 'getAndSet' '(Z)Z' in 'java/util/concurrent/atomic/AtomicBoolean')}
  0x000001eab80f0ffc: 49b8 b09e | ba11 eb01 | 0000 41ff | 8010 0100 

  0x000001eab80f100c: ;   {metadata(method data for {method} {0x000001ead0157d50} 'guard_LI_I' '(Ljava/lang/invoke/VarHandle;Ljava/lang/Object;ILjava/lang/invoke/VarHandle$AccessDescriptor;)I' in 'java/lang/invoke/VarHandleGuards')}
  0x000001eab80f100c: 0049 b8a8 | 5305 11eb | 0100 004d | 8d80 d803 

  0x000001eab80f101c: ;   {oop(a 'java/lang/invoke/VarHandleInts$FieldInstanceReadWrite'{0x000000070458d6d0})}
  0x000001eab80f101c: 0000 48be | d0d6 5804 | 0700 0000 | 4885 f675 | 0b41 f600 | 0175 05f0 | 4983 0801 

  0x000001eab80f1038: ;   {metadata(method data for {method} {0x000001eb1112f1e0} 'getAndSet' '(Z)Z' in 'java/util/concurrent/atomic/AtomicBoolean')}
  0x000001eab80f1038: 49b8 b09e | ba11 eb01 | 0000 4983 | 8048 0100 

  0x000001eab80f1048: ;   {metadata(method data for {method} {0x000001ead0157d50} 'guard_LI_I' '(Ljava/lang/invoke/VarHandle;Ljava/lang/Object;ILjava/lang/invoke/VarHandle$AccessDescriptor;)I' in 'java/lang/invoke/VarHandleGuards')}
  0x000001eab80f1048: 0001 49b8 | a853 0511 | eb01 0000 | 418b b8cc | 0000 0083 | c702 4189 | b8cc 0000 | 0081 e7fe 
  0x000001eab80f1068: ff1f 0085 | ff0f 84ae 

  0x000001eab80f1070: ;   {metadata(method data for {method} {0x000001ead0157d50} 'guard_LI_I' '(Ljava/lang/invoke/VarHandle;Ljava/lang/Object;ILjava/lang/invoke/VarHandle$AccessDescriptor;)I' in 'java/lang/invoke/VarHandleGuards')}
  0x000001eab80f1070: 5600 0049 | b8a8 5305 | 11eb 0100 | 004d 8d80 | 4801 0000 

  0x000001eab80f1084: ;   {oop(a 'java/lang/invoke/VarHandle$AccessDescriptor'{0x000000070444d1c0})}
  0x000001eab80f1084: 48bf c0d1 | 4404 0700 | 0000 4885 | ff75 0d41 | f640 0801 | 7506 f049 | 8348 0801 

  0x000001eab80f10a0: ;   {metadata(method data for {method} {0x000001ead0157d50} 'guard_LI_I' '(Ljava/lang/invoke/VarHandle;Ljava/lang/Object;ILjava/lang/invoke/VarHandle$AccessDescriptor;)I' in 'java/lang/invoke/VarHandleGuards')}
  0x000001eab80f10a0: 49b8 a853 | 0511 eb01 | 0000 8b76 | 0849 ba00 | 0000 d0ea | 0100 0049 | 03f2 493b | b020 0100 
  0x000001eab80f10c0: 0075 0d49 | 8380 2801 | 0000 01e9 | 6000 0000 | 493b b030 | 0100 0075 | 0d49 8380 | 3801 0000 
  0x000001eab80f10e0: 01e9 4a00 | 0000 4983 | b820 0100 | 0000 7517 | 4989 b020 | 0100 0049 | c780 2801 | 0000 0100 
  0x000001eab80f1100: 0000 e929 | 0000 0049 | 83b8 3001 | 0000 0075 | 1749 89b0 | 3001 0000 | 49c7 8038 | 0100 0001 
  0x000001eab80f1120: 0000 00e9 | 0800 0000 | 4983 8010 | 0100 0001 

  0x000001eab80f1130: ;   {metadata(method data for {method} {0x000001ead0093f08} 'checkAccessModeThenIsDirect' '(Ljava/lang/invoke/VarHandle$AccessDescriptor;)Z' in 'java/lang/invoke/VarHandle')}
  0x000001eab80f1130: 49b8 9857 | 0511 eb01 | 0000 418b | b0cc 0000 | 0083 c602 | 4189 b0cc | 0000 0081 | e6fe ff1f 
  0x000001eab80f1150: 0085 f60f | 84e9 5500 

  0x000001eab80f1158: ;   {metadata(method data for {method} {0x000001ead0093f08} 'checkAccessModeThenIsDirect' '(Ljava/lang/invoke/VarHandle$AccessDescriptor;)Z' in 'java/lang/invoke/VarHandle')}
  0x000001eab80f1158: 0049 b898 | 5705 11eb | 0100 0041 | ff80 1001 

  0x000001eab80f1168: ;   {metadata(method data for {method} {0x000001ead0157d50} 'guard_LI_I' '(Ljava/lang/invoke/VarHandle;Ljava/lang/Object;ILjava/lang/invoke/VarHandle$AccessDescriptor;)I' in 'java/lang/invoke/VarHandleGuards')}
  0x000001eab80f1168: 0000 49b8 | a853 0511 | eb01 0000 | 41ff 8070 

  0x000001eab80f1178: ;   {metadata(method data for {method} {0x000001ead0157d50} 'guard_LI_I' '(Ljava/lang/invoke/VarHandle;Ljava/lang/Object;ILjava/lang/invoke/VarHandle$AccessDescriptor;)I' in 'java/lang/invoke/VarHandleGuards')}
  0x000001eab80f1178: 0100 0049 | b8a8 5305 | 11eb 0100 | 0041 ff80 | 9001 0000 

  0x000001eab80f118c: ;   {oop(a 'java/lang/invoke/VarForm'{0x00000007045949a0})}
  0x000001eab80f118c: 49b8 a049 | 5904 0700 

  0x000001eab80f1194: ;   {metadata(method data for {method} {0x000001ead0157d50} 'guard_LI_I' '(Ljava/lang/invoke/VarHandle;Ljava/lang/Object;ILjava/lang/invoke/VarHandle$AccessDescriptor;)I' in 'java/lang/invoke/VarHandleGuards')}
  0x000001eab80f1194: 0000 48be | a853 0511 | eb01 0000 | 4883 86a0 | 0100 0001 

  0x000001eab80f11a8: ;   {metadata(method data for {method} {0x000001ead0155cf0} 'getMemberName' '(I)Ljava/lang/invoke/MemberName;' in 'java/lang/invoke/VarForm')}
  0x000001eab80f11a8: 49b8 c863 | 0511 eb01 | 0000 418b | b0cc 0000 | 0083 c602 | 4189 b0cc | 0000 0081 | e6fe ff1f 
  0x000001eab80f11c8: 0085 f60f | 8492 5500 

  0x000001eab80f11d0: ;   {metadata(method data for {method} {0x000001ead0155cf0} 'getMemberName' '(I)Ljava/lang/invoke/MemberName;' in 'java/lang/invoke/VarForm')}
  0x000001eab80f11d0: 0049 b8c8 | 6305 11eb | 0100 0041 | ff80 1001 

  0x000001eab80f11e0: ;   {metadata(method data for {method} {0x000001ead0157d50} 'guard_LI_I' '(Ljava/lang/invoke/VarHandle;Ljava/lang/Object;ILjava/lang/invoke/VarHandle$AccessDescriptor;)I' in 'java/lang/invoke/VarHandleGuards')}
  0x000001eab80f11e0: 0000 49b8 | a853 0511 | eb01 0000 | 4d8d 80d8 

  0x000001eab80f11f0: ;   {oop(a 'java/lang/invoke/MemberName'{0x0000000704594de0} = {method} {0x000001eb110e9768} 'getAndSet' '(Ljava/lang/invoke/VarHandle;Ljava/lang/Object;I)I' in 'java/lang/invoke/VarHandleInts$FieldInstanceReadWrite')}
  0x000001eab80f11f0: 0100 0048 | bee0 4d59 | 0407 0000 | 0048 85f6 | 750b 41f6 | 0001 7505 | f049 8308 

  0x000001eab80f120c: ;   {metadata(method data for {method} {0x000001ead0157d50} 'guard_LI_I' '(Ljava/lang/invoke/VarHandle;Ljava/lang/Object;ILjava/lang/invoke/VarHandle$AccessDescriptor;)I' in 'java/lang/invoke/VarHandleGuards')}
  0x000001eab80f120c: 0149 b8a8 | 5305 11eb | 0100 004d | 8d80 f801 

  0x000001eab80f121c: ;   {oop(a 'java/lang/invoke/VarHandleInts$FieldInstanceReadWrite'{0x000000070458d6d0})}
  0x000001eab80f121c: 0000 48be | d0d6 5804 | 0700 0000 | 4885 f675 | 0d41 f640 | 0801 7506 | f049 8348 

  0x000001eab80f1238: ;   {metadata(method data for {method} {0x000001ead0157d50} 'guard_LI_I' '(Ljava/lang/invoke/VarHandle;Ljava/lang/Object;ILjava/lang/invoke/VarHandle$AccessDescriptor;)I' in 'java/lang/invoke/VarHandleGuards')}
  0x000001eab80f1238: 0801 49b8 | a853 0511 | eb01 0000 | 4983 80e8 | 0100 0001 

  0x000001eab80f124c: ;   {metadata(method data for {method} {0x000001eb110e9768} 'getAndSet' '(Ljava/lang/invoke/VarHandle;Ljava/lang/Object;I)I' in 'java/lang/invoke/VarHandleInts$FieldInstanceReadWrite')}
  0x000001eab80f124c: 49b8 c8a0 | ba11 eb01 | 0000 418b | b0cc 0000 | 0083 c602 | 4189 b0cc | 0000 0081 | e6fe ff1f 
  0x000001eab80f126c: 0085 f60f | 840f 5500 

  0x000001eab80f1274: ;   {oop(a 'java/lang/Class'{0x000000070458d6f8} = 'java/util/concurrent/atomic/AtomicBoolean')}
  0x000001eab80f1274: 0049 b8f8 | d658 0407 

  0x000001eab80f127c: ;   {metadata(method data for {method} {0x000001eb110e9768} 'getAndSet' '(Ljava/lang/invoke/VarHandle;Ljava/lang/Object;I)I' in 'java/lang/invoke/VarHandleInts$FieldInstanceReadWrite')}
  0x000001eab80f127c: 0000 0048 | bec8 a0ba | 11eb 0100 | 0048 8386 | 4801 0000 

  0x000001eab80f1290: ;   {metadata(method data for {method} {0x000001ead046e870} 'cast' '(Ljava/lang/Object;)Ljava/lang/Object;' in 'java/lang/Class')}
  0x000001eab80f1290: 0149 b8e8 | 7713 11eb | 0100 0041 | 8bb0 cc00 | 0000 83c6 | 0241 89b0 | cc00 0000 | 81e6 feff 
  0x000001eab80f12b0: 1f00 85f6 | 0f84 eb54 | 0000 4885 

  0x000001eab80f12bc: ;   {metadata(method data for {method} {0x000001ead046e870} 'cast' '(Ljava/lang/Object;)Ljava/lang/Object;' in 'java/lang/Class')}
  0x000001eab80f12bc: db49 b8e8 | 7713 11eb | 0100 0048 | be10 0100 | 0000 0000 | 0074 0a48 | be20 0100 | 0000 0000 
  0x000001eab80f12dc: 0049 8b3c | 3048 8d7f | 0149 893c | 300f 8492 

  0x000001eab80f12ec: ;   {oop(a 'java/lang/Class'{0x000000070458d6f8} = 'java/util/concurrent/atomic/AtomicBoolean')}
  0x000001eab80f12ec: 0000 0049 | b8f8 d658 | 0407 0000 

  0x000001eab80f12f8: ;   {metadata(method data for {method} {0x000001ead046e870} 'cast' '(Ljava/lang/Object;)Ljava/lang/Object;' in 'java/lang/Class')}
  0x000001eab80f12f8: 0048 bee8 | 7713 11eb | 0100 0048 | 8386 3001 | 0000 0148 | 85db 0f84 | 2900 0000 

  0x000001eab80f1314: ;   {metadata('java/util/concurrent/atomic/AtomicBoolean')}
  0x000001eab80f1314: 48b8 50ac | 05d1 ea01 | 0000 8b7b | 0849 ba00 | 0000 d0ea | 0100 0049 | 03fa 483b | 4738 0f85 
  0x000001eab80f1334: 0500 0000 | e905 0000 | 004d 33c0 | eb0a 49b8 | 0100 0000 | 0000 0000 

  0x000001eab80f134c: ;   {metadata(method data for {method} {0x000001ead046e870} 'cast' '(Ljava/lang/Object;)Ljava/lang/Object;' in 'java/lang/Class')}
  0x000001eab80f134c: 4585 c049 | b8e8 7713 | 11eb 0100 | 0048 be78 | 0100 0000 | 0000 0074 | 0a48 be68 | 0100 0000 
  0x000001eab80f136c: 0000 0049 | 8b3c 3048 | 8d7f 0149 | 893c 300f | 8490 0500 

  0x000001eab80f1380: ;   {metadata(method data for {method} {0x000001eb110e9768} 'getAndSet' '(Ljava/lang/invoke/VarHandle;Ljava/lang/Object;I)I' in 'java/lang/invoke/VarHandleInts$FieldInstanceReadWrite')}
  0x000001eab80f1380: 0049 b8c8 | a0ba 11eb | 0100 0049 | 8380 8001 

  0x000001eab80f1390: ;   {metadata(method data for {method} {0x000001ead00564a0} 'requireNonNull' '(Ljava/lang/Object;)Ljava/lang/Object;' in 'java/util/Objects')}
  0x000001eab80f1390: 0000 0149 | b8e0 3b01 | 11eb 0100 | 0041 8bb0 | cc00 0000 | 83c6 0241 | 89b0 cc00 | 0000 81e6 
  0x000001eab80f13b0: feff 1f00 | 85f6 0f84 | 0a54 0000 

  0x000001eab80f13bc: ;   {metadata(method data for {method} {0x000001ead00564a0} 'requireNonNull' '(Ljava/lang/Object;)Ljava/lang/Object;' in 'java/util/Objects')}
  0x000001eab80f13bc: 4885 db49 | b8e0 3b01 | 11eb 0100 | 0048 be20 | 0100 0000 | 0000 0074 | 0a48 be10 | 0100 0000 
  0x000001eab80f13dc: 0000 0049 | 8b3c 3048 | 8d7f 0149 | 893c 300f | 8482 0400 | 004c 8d43 | 0cbe 0000 | 0000 4187 
  0x000001eab80f13fc: ;   {metadata(method data for {method} {0x000001eb1112f1e0} 'getAndSet' '(Z)Z' in 'java/util/concurrent/atomic/AtomicBoolean')}
  0x000001eab80f13fc: 3085 f649 | b8b0 9eba | 11eb 0100 | 0048 be98 | 0100 0000 | 0000 0074 | 0a48 bea8 | 0100 0000 
  0x000001eab80f141c: 0000 0049 | 8b3c 3048 | 8d7f 0149 | 893c 300f | 841c 0000 

  0x000001eab80f1430: ;   {metadata(method data for {method} {0x000001eb1112f1e0} 'getAndSet' '(Z)Z' in 'java/util/concurrent/atomic/AtomicBoolean')}
  0x000001eab80f1430: 0049 b8b0 | 9eba 11eb | 0100 0041 | ff80 b801 | 0000 41b8 | 0100 0000 | e906 0000 | 0041 b800 
  0x000001eab80f1450: 0000 0041 | 83e0 0141 | 83e0 0144 | 8b42 3049 | c1e0 034d 

  0x000001eab80f1464: ;   {metadata(method data for {method} {0x000001eb119dcc38} 'run' '()V' in 'com/sun/javafx/tk/quantum/PresentingPainter')}
  0x000001eab80f1464: 85c0 48ba | 20ac f311 | eb01 0000 | 48be c80e | 0000 0000 | 0000 740a | 48be d80e | 0000 0000 
  0x000001eab80f1484: 0000 488b | 3c32 488d | 7f01 4889 | 3c32 0f84 | 3c01 0000 | 4d85 c00f | 842a 0000 

  0x000001eab80f14a0: ;   {metadata('com/sun/prism/d3d/D3DResourceFactory')}
  0x000001eab80f14a0: 0048 bb50 | d102 d1ea | 0100 0041 | 8b78 0849 | ba00 0000 | d0ea 0100 | 0049 03fa | 483b 5f48 
  0x000001eab80f14c0: 0f85 2153 | 0000 e900 | 0000 0049 | 8bd0 493b 

  0x000001eab80f14d0: ;   {metadata(method data for {method} {0x000001eb119dcc38} 'run' '()V' in 'com/sun/javafx/tk/quantum/PresentingPainter')}
  0x000001eab80f14d0: 0048 ba20 | acf3 11eb 

  0x000001eab80f14d8: ;   {metadata('com/sun/prism/d3d/D3DResourceFactory')}
  0x000001eab80f14d8: 0100 0049 | ba50 d102 | d1ea 0100 | 004c 8992 | f80e 0000 | 4883 8200 | 0f00 0001 

  0x000001eab80f14f4: ;   {metadata(method data for {method} {0x000001eb1150e910} 'getTextureResourcePool' '()Lcom/sun/prism/impl/TextureResourcePool;' in 'com/sun/prism/d3d/D3DResourceFactory')}
  0x000001eab80f14f4: 49b8 5093 | f311 eb01 | 0000 418b | 90cc 0000 | 0083 c202 | 4189 90cc | 0000 0081 | e2fe ff1f 
  0x000001eab80f1514: 0085 d20f | 84d4 5200 

  0x000001eab80f151c: ;   {oop(a 'com/sun/prism/d3d/D3DVramPool'{0x0000000704d175f8})}
  0x000001eab80f151c: 0048 baf8 | 75d1 0407 | 0000 004c 

  0x000001eab80f1528: ;   {metadata(method data for {method} {0x000001eb119dcc38} 'run' '()V' in 'com/sun/javafx/tk/quantum/PresentingPainter')}
  0x000001eab80f1528: 8bc2 48be | 20ac f311 | eb01 0000 | 458b 4008 | 49ba 0000 | 00d0 ea01 | 0000 4d03 | c24c 3b86 
  0x000001eab80f1548: 300f 0000 | 750d 4883 | 8638 0f00 | 0001 e960 | 0000 004c | 3b86 400f | 0000 750d | 4883 8648 
  0x000001eab80f1568: 0f00 0001 | e94a 0000 | 0048 83be | 300f 0000 | 0075 174c | 8986 300f | 0000 48c7 | 8638 0f00 
  0x000001eab80f1588: 0001 0000 | 00e9 2900 | 0000 4883 | be40 0f00 | 0000 7517 | 4c89 8640 | 0f00 0048 | c786 480f 
  0x000001eab80f15a8: 0000 0100 | 0000 e908 | 0000 0048 | 8386 200f | 0000 0141 | b800 0000 | 0066 0f1f 

  0x000001eab80f15c4: ;   {optimized virtual_call}
  0x000001eab80f15c4: 4400 00e8 

  0x000001eab80f15c8: ; ImmutableOopMap {}
                      ;*invokeinterface freeDisposalRequestedAndCheckResources {reexecute=0 rethrow=0 return_oop=0}
                      ; - com.sun.javafx.tk.quantum.PresentingPainter::run@523 (line 127)
  0x000001eab80f15c8: b4e2 faff 

  0x000001eab80f15cc: ;   {other}
  0x000001eab80f15cc: 0f1f 8400 | 3c8e 003d 

  0x000001eab80f15d4: ;   {oop(a 'java/util/concurrent/locks/ReentrantLock'{0x000000070494c798})}
  0x000001eab80f15d4: 49b8 98c7 | 9404 0700 | 0000 498b 

  0x000001eab80f15e0: ;   {metadata(method data for {method} {0x000001eb119dcc38} 'run' '()V' in 'com/sun/javafx/tk/quantum/PresentingPainter')}
  0x000001eab80f15e0: d048 be20 | acf3 11eb | 0100 008b | 5208 49ba | 0000 00d0 | ea01 0000 | 4903 d248 | 3b96 680f 
  0x000001eab80f1600: 0000 750d | 4883 8670 | 0f00 0001 | e960 0000 | 0048 3b96 | 780f 0000 | 750d 4883 | 8680 0f00 
  0x000001eab80f1620: 0001 e94a | 0000 0048 | 83be 680f | 0000 0075 | 1748 8996 | 680f 0000 | 48c7 8670 | 0f00 0001 
  0x000001eab80f1640: 0000 00e9 | 2900 0000 | 4883 be78 | 0f00 0000 | 7517 4889 | 9678 0f00 | 0048 c786 | 800f 0000 
  0x000001eab80f1660: 0100 0000 | e908 0000 | 0048 8386 | 580f 0000 

  0x000001eab80f1670: ;   {metadata(method data for {method} {0x000001ead017ee20} 'unlock' '()V' in 'java/util/concurrent/locks/ReentrantLock')}
  0x000001eab80f1670: 0148 bae0 | 6113 11eb | 0100 008b | b2cc 0000 | 0083 c602 | 89b2 cc00 | 0000 81e6 | feff 1f00 
  0x000001eab80f1690: 85f6 0f84 | 7a51 0000 | 418b 700c | 48c1 e603 

  0x000001eab80f16a0: ; implicit exception: dispatches to 0x000001eab80f6833
  0x000001eab80f16a0: 483b 064c 

  0x000001eab80f16a4: ;   {metadata(method data for {method} {0x000001ead017ee20} 'unlock' '()V' in 'java/util/concurrent/locks/ReentrantLock')}
  0x000001eab80f16a4: 8bc6 48ba | e061 1311 | eb01 0000 | 4883 8210 | 0100 0001 

  0x000001eab80f16b8: ;   {metadata(method data for {method} {0x000001ead01b01a8} 'release' '(I)Z' in 'java/util/concurrent/locks/AbstractQueuedSynchronizer')}
  0x000001eab80f16b8: 49b8 6863 | 1311 eb01 | 0000 418b | 90cc 0000 | 0083 c202 | 4189 90cc | 0000 0081 | e2fe ff1f 
  0x000001eab80f16d8: 0085 d20f | 8457 5100 | 004c 8bc6 

  0x000001eab80f16e4: ;   {metadata(method data for {method} {0x000001ead01b01a8} 'release' '(I)Z' in 'java/util/concurrent/locks/AbstractQueuedSynchronizer')}
  0x000001eab80f16e4: 48ba 6863 | 1311 eb01 | 0000 458b | 4008 49ba | 0000 00d0 | ea01 0000 | 4d03 c24c | 3b82 2001 
  0x000001eab80f1704: 0000 750d | 4883 8228 | 0100 0001 | e960 0000 | 004c 3b82 | 3001 0000 | 750d 4883 | 8238 0100 
  0x000001eab80f1724: 0001 e94a | 0000 0048 | 83ba 2001 | 0000 0075 | 174c 8982 | 2001 0000 | 48c7 8228 | 0100 0001 
  0x000001eab80f1744: 0000 00e9 | 2900 0000 | 4883 ba30 | 0100 0000 | 7517 4c89 | 8230 0100 | 0048 c782 | 3801 0000 
  0x000001eab80f1764: 0100 0000 | e908 0000 | 0048 8382 | 1001 0000 | 0141 b801 | 0000 0048 | 8bd6 4889 | b424 9001 
  0x000001eab80f1784: ;   {optimized virtual_call}
  0x000001eab80f1784: 0000 90e8 

  0x000001eab80f1788: ; ImmutableOopMap {[400]=Oop }
                      ;*invokevirtual tryRelease {reexecute=0 rethrow=0 return_oop=0}
                      ; - java.util.concurrent.locks.AbstractQueuedSynchronizer::release@2 (line 1059)
                      ; - java.util.concurrent.locks.ReentrantLock::unlock@5 (line 494)
                      ; - com.sun.javafx.tk.quantum.PresentingPainter::run@531 (line 130)
  0x000001eab80f1788: 94ef 4707 

  0x000001eab80f178c: ;   {other}
  0x000001eab80f178c: 0f1f 8400 | fc8f 003e 

  0x000001eab80f1794: ;   {metadata(method data for {method} {0x000001ead01b01a8} 'release' '(I)Z' in 'java/util/concurrent/locks/AbstractQueuedSynchronizer')}
  0x000001eab80f1794: 85c0 48ba | 6863 1311 | eb01 0000 | 48be 4801 | 0000 0000 | 0000 740a | 48be 5801 | 0000 0000 
  0x000001eab80f17b4: 0000 488b | 3c32 488d | 7f01 4889 | 3c32 0f84 | 3e00 0000 | 488b b424 | 9001 0000 | 8b56 1448 
  0x000001eab80f17d4: ;   {metadata(method data for {method} {0x000001ead01b01a8} 'release' '(I)Z' in 'java/util/concurrent/locks/AbstractQueuedSynchronizer')}
  0x000001eab80f17d4: c1e2 0348 | be68 6313 | 11eb 0100 | 0048 8386 | 6801 0000 | 0166 0f1f 

  0x000001eab80f17ec: ;   {static_call}
  0x000001eab80f17ec: 4400 00e8 

  0x000001eab80f17f0: ; ImmutableOopMap {}
                      ;*invokestatic signalNext {reexecute=0 rethrow=0 return_oop=0}
                      ; - java.util.concurrent.locks.AbstractQueuedSynchronizer::release@12 (line 1060)
                      ; - java.util.concurrent.locks.ReentrantLock::unlock@5 (line 494)
                      ; - com.sun.javafx.tk.quantum.PresentingPainter::run@531 (line 130)
  0x000001eab80f17f0: ace6 4707 

  0x000001eab80f17f4: ;   {other}
  0x000001eab80f17f4: 0f1f 8400 | 6490 003f | ba01 0000 | 00e9 0500 | 0000 ba00 

  0x000001eab80f1808: ;   {metadata(method data for {method} {0x000001eb119dcc38} 'run' '()V' in 'com/sun/javafx/tk/quantum/PresentingPainter')}
  0x000001eab80f1808: 0000 0048 | ba20 acf3 | 11eb 0100 | 00ff 8290 | 0f00 0048 | 81c4 0003 

  0x000001eab80f1820: ;   {poll_return}
  0x000001eab80f1820: 0000 5d49 | 3ba7 4804 | 0000 0f87 | 2950 0000 | c348 81c4 | 0003 0000 

  0x000001eab80f1838: ;   {poll_return}
  0x000001eab80f1838: 5d49 3ba7 | 4804 0000 | 0f87 2950 | 0000 c348 | 81c4 0003 

  0x000001eab80f184c: ;   {poll_return}
  0x000001eab80f184c: 0000 5d49 | 3ba7 4804 | 0000 0f87 | 2950 0000 | c348 81c4 | 0003 0000 

  0x000001eab80f1864: ;   {poll_return}
  0x000001eab80f1864: 5d49 3ba7 | 4804 0000 | 0f87 2950 | 0000 c30f | 1f44 0000 

  0x000001eab80f1878: ;   {no_reloc}
  0x000001eab80f1878: e943 5000 | 0000 0000 | 0000 498b | 87b8 0100 | 0048 8d78 | 3049 3bbf | c801 0000 | 0f87 3050 
  0x000001eab80f1898: 0000 4989 | bfb8 0100 | 0048 c700 | 0100 0000 | 488b ca49 | ba00 0000 | d0ea 0100 | 0049 2bca 
  0x000001eab80f18b8: 8948 0848 | 33c9 8948 | 0c48 33c9 | 4889 4810 | 4889 4818 | 4889 4820 | 4889 4828 

  0x000001eab80f18d4: ;   {metadata(method data for {method} {0x000001ead00564a0} 'requireNonNull' '(Ljava/lang/Object;)Ljava/lang/Object;' in 'java/util/Objects')}
  0x000001eab80f18d4: 488b d048 | bee0 3b01 | 11eb 0100 | 0048 8386 | 3001 0000 | 0148 8bd0 | 4889 8424 | 9801 0000 
  0x000001eab80f18f4: ;   {optimized virtual_call}
  0x000001eab80f18f4: 6666 90e8 

  0x000001eab80f18f8: ; ImmutableOopMap {[232]=Oop [408]=Oop }
                      ;*invokespecial <init> {reexecute=0 rethrow=0 return_oop=0}
                      ; - java.util.Objects::requireNonNull@8 (line 233)
                      ; - java.lang.invoke.VarHandleInts$FieldInstanceReadWrite::getAndSet@16 (line 250)
                      ; - java.lang.invoke.VarHandleGuards::guard_LI_I@45 (line 163)
                      ; - java.util.concurrent.atomic.AtomicBoolean::getAndSet@13 (line 175)
                      ; - com.sun.javafx.tk.quantum.GlassScene::setPainting@5 (line 289)
                      ; - com.sun.javafx.tk.quantum.PresentingPainter::run@502 (line 124)
  0x000001eab80f18f8: 84d1 d106 

  0x000001eab80f18fc: ;   {other}
  0x000001eab80f18fc: 0f1f 8400 | 6c91 0040 | 488b 8424 | 9801 0000 | e943 6900 

  0x000001eab80f1910: ;   {metadata('java/lang/ClassCastException')}
  0x000001eab80f1910: 0048 bab0 | b606 d0ea | 0100 0049 | 8b87 b801 | 0000 488d | 7828 493b | bfc8 0100 | 000f 87a4 
  0x000001eab80f1930: 4f00 0049 | 89bf b801 | 0000 48c7 | 0001 0000 | 0048 8bca | 49ba 0000 | 00d0 ea01 | 0000 492b 
  0x000001eab80f1950: ca89 4808 | 4833 c989 | 480c 4833 | c948 8948 | 1048 8948 | 1848 8948 

  0x000001eab80f1968: ;   {oop(a 'java/lang/Class'{0x000000070458d6f8} = 'java/util/concurrent/atomic/AtomicBoolean')}
  0x000001eab80f1968: 2048 baf8 | d658 0407 | 0000 004c 

  0x000001eab80f1974: ;   {metadata(method data for {method} {0x000001ead046e870} 'cast' '(Ljava/lang/Object;)Ljava/lang/Object;' in 'java/lang/Class')}
  0x000001eab80f1974: 8bc2 48be | e877 1311 | eb01 0000 | 4883 8688 | 0100 0001 | 4c8b c348 | 8984 24a0 | 0100 000f 
  0x000001eab80f1994: ;   {optimized virtual_call}
  0x000001eab80f1994: 1f40 00e8 

  0x000001eab80f1998: ; ImmutableOopMap {[232]=Oop [416]=Oop }
                      ;*invokevirtual cannotCastMsg {reexecute=0 rethrow=0 return_oop=0}
                      ; - java.lang.Class::cast@18 (line 4067)
                      ; - java.lang.invoke.VarHandleInts$FieldInstanceReadWrite::getAndSet@13 (line 250)
                      ; - java.lang.invoke.VarHandleGuards::guard_LI_I@45 (line 163)
                      ; - java.util.concurrent.atomic.AtomicBoolean::getAndSet@13 (line 175)
                      ; - com.sun.javafx.tk.quantum.GlassScene::setPainting@5 (line 289)
                      ; - com.sun.javafx.tk.quantum.PresentingPainter::run@502 (line 124)
  0x000001eab80f1998: e4d0 d106 

  0x000001eab80f199c: ;   {other}
  0x000001eab80f199c: 0f1f 8400 | 0c92 0041 | 4c8b 8424 | a001 0000 

  0x000001eab80f19ac: ;   {metadata(method data for {method} {0x000001ead046e870} 'cast' '(Ljava/lang/Object;)Ljava/lang/Object;' in 'java/lang/Class')}
  0x000001eab80f19ac: 48ba e877 | 1311 eb01 | 0000 4883 | 82c0 0100 | 0001 4c8b | c048 8b94 | 24a0 0100 | 0066 0f1f 
  0x000001eab80f19cc: ;   {optimized virtual_call}
  0x000001eab80f19cc: 4400 00e8 

  0x000001eab80f19d0: ; ImmutableOopMap {[232]=Oop [416]=Oop }
                      ;*invokespecial <init> {reexecute=0 rethrow=0 return_oop=0}
                      ; - java.lang.Class::cast@21 (line 4067)
                      ; - java.lang.invoke.VarHandleInts$FieldInstanceReadWrite::getAndSet@13 (line 250)
                      ; - java.lang.invoke.VarHandleGuards::guard_LI_I@45 (line 163)
                      ; - java.util.concurrent.atomic.AtomicBoolean::getAndSet@13 (line 175)
                      ; - com.sun.javafx.tk.quantum.GlassScene::setPainting@5 (line 289)
                      ; - com.sun.javafx.tk.quantum.PresentingPainter::run@502 (line 124)
  0x000001eab80f19d0: acd0 d106 

  0x000001eab80f19d4: ;   {other}
  0x000001eab80f19d4: 0f1f 8400 | 4492 0042 | 488b 8424 | a001 0000 | e96b 6800 | 0048 899c | 24b0 0100 | 000f 1f80 
  0x000001eab80f19f4: 0000 0000 

  0x000001eab80f19f8: ;   {no_reloc}
  0x000001eab80f19f8: e9f6 4e00 | 0000 0000 | 0000 80ba | 2101 0000 | 040f 85f3 | 4e00 0049 | 8b87 b801 | 0000 488d 
  0x000001eab80f1a18: 7828 493b | bfc8 0100 | 000f 87db | 4e00 0049 | 89bf b801 | 0000 48c7 | 0001 0000 | 0048 8bca 
  0x000001eab80f1a38: 49ba 0000 | 00d0 ea01 | 0000 492b | ca89 4808 | 4833 c989 | 480c 4833 | c948 8948 | 1048 8948 
  0x000001eab80f1a58: 1848 8948 | 204c 8bc0 

  0x000001eab80f1a60: ;   {metadata(method data for {method} {0x000001eb1153d880} 'checkNotClosed' '()V' in 'com/sun/glass/ui/View')}
  0x000001eab80f1a60: 48ba c0d9 | e411 eb01 | 0000 4883 | 8230 0100 

  0x000001eab80f1a70: ;   {oop("The view has already been closed"{0x0000000704f8c730})}
  0x000001eab80f1a70: 0001 49b8 | 30c7 f804 | 0700 0000 | 488b d048 | 8984 24a8 

  0x000001eab80f1a84: ;   {optimized virtual_call}
  0x000001eab80f1a84: 0100 00e8 

  0x000001eab80f1a88: ; ImmutableOopMap {[232]=Oop [424]=Oop [432]=Oop }
                      ;*invokespecial <init> {reexecute=0 rethrow=0 return_oop=0}
                      ; - com.sun.glass.ui.View::checkNotClosed@15 (line 435)
                      ; - com.sun.glass.ui.View::unlock@1 (line 747)
                      ; - com.sun.prism.PresentableState::unlock@11 (line 296)
                      ; - com.sun.javafx.tk.quantum.PresentingPainter::run@484 (line 120)
  0x000001eab80f1a88: f4cf d106 

  0x000001eab80f1a8c: ;   {other}
  0x000001eab80f1a8c: 0f1f 8400 | fc92 0043 | 488b 8424 | a801 0000 | e9b3 6700 | 000f 1f80 | 0000 0000 

  0x000001eab80f1aa8: ;   {no_reloc}
  0x000001eab80f1aa8: e971 4e00 | 0000 0000 | 0000 80ba | 2101 0000 | 040f 856e | 4e00 0049 | 8b87 b801 | 0000 488d 
  0x000001eab80f1ac8: 7828 493b | bfc8 0100 | 000f 8756 | 4e00 0049 | 89bf b801 | 0000 48c7 | 0001 0000 | 0048 8bca 
  0x000001eab80f1ae8: 49ba 0000 | 00d0 ea01 | 0000 492b | ca89 4808 | 4833 c989 | 480c 4833 | c948 8948 | 1048 8948 
  0x000001eab80f1b08: 1848 8948 | 2048 8bd0 

  0x000001eab80f1b10: ;   {metadata(method data for {method} {0x000001eb1113cd10} 'removeFirst' '()Ljava/lang/Object;' in 'java/util/LinkedList')}
  0x000001eab80f1b10: 48be e0fc | bb11 eb01 | 0000 4883 | 8630 0100 | 0001 488b | d048 8984 | 24b8 0100 

  0x000001eab80f1b2c: ;   {optimized virtual_call}
  0x000001eab80f1b2c: 0066 90e8 

  0x000001eab80f1b30: ; ImmutableOopMap {[232]=Oop [392]=Oop [440]=Oop [752]=Oop }
                      ;*invokespecial <init> {reexecute=0 rethrow=0 return_oop=0}
                      ; - java.util.LinkedList::removeFirst@13 (line 281)
                      ; - java.util.LinkedList::remove@1 (line 696)
                      ; - com.sun.prism.impl.Disposer::processDisposalQueue@14 (line 184)
                      ; - com.sun.prism.impl.Disposer::cleanUp@9 (line 130)
                      ; - com.sun.javafx.tk.quantum.PresentingPainter::run@473 (line 117)
  0x000001eab80f1b30: 4ccf d106 

  0x000001eab80f1b34: ;   {other}
  0x000001eab80f1b34: 0f1f 8400 | a493 0044 | 488b 8424 

  0x000001eab80f1b40: ; ImmutableOopMap {rax=Oop [232]=Oop [392]=Oop [752]=Oop }
                      ;*athrow {reexecute=1 rethrow=0 return_oop=0}
                      ; - (reexecute) java.util.LinkedList::removeFirst@16 (line 281)
                      ; - java.util.LinkedList::remove@1 (line 696)
                      ; - com.sun.prism.impl.Disposer::processDisposalQueue@14 (line 184)
                      ; - com.sun.prism.impl.Disposer::cleanUp@9 (line 130)
                      ; - com.sun.javafx.tk.quantum.PresentingPainter::run@473 (line 117)
  0x000001eab80f1b40: b801 0000 

  0x000001eab80f1b44: ;   {section_word}
  0x000001eab80f1b44: 48ba 441b | 0fb8 ea01 

  0x000001eab80f1b4c: ;   {runtime_call handle_exception Runtime1 stub}
  0x000001eab80f1b4c: 0000 e8ad | 47de 0690 | 0f1f 4000 

  0x000001eab80f1b58: ;   {no_reloc}
  0x000001eab80f1b58: e9ec 4d00 | 0000 0000 | 0000 498b | 87b8 0100 | 0048 8d78 | 3049 3bbf | c801 0000 | 0f87 d94d 
  0x000001eab80f1b78: 0000 4989 | bfb8 0100 | 0048 c700 | 0100 0000 | 488b ca49 | ba00 0000 | d0ea 0100 | 0049 2bca 
  0x000001eab80f1b98: 8948 0848 | 33c9 8948 | 0c48 33c9 | 4889 4810 | 4889 4818 | 4889 4820 | 4889 4828 

  0x000001eab80f1bb4: ;   {metadata(method data for {method} {0x000001ead00564a0} 'requireNonNull' '(Ljava/lang/Object;)Ljava/lang/Object;' in 'java/util/Objects')}
  0x000001eab80f1bb4: 488b d048 | bee0 3b01 | 11eb 0100 | 0048 8386 | 3001 0000 | 0148 8bd0 | 4889 8424 | c001 0000 
  0x000001eab80f1bd4: ;   {optimized virtual_call}
  0x000001eab80f1bd4: 6666 90e8 

  0x000001eab80f1bd8: ; ImmutableOopMap {[232]=Oop [448]=Oop }
                      ;*invokespecial <init> {reexecute=0 rethrow=0 return_oop=0}
                      ; - java.util.Objects::requireNonNull@8 (line 233)
                      ; - java.lang.invoke.VarHandleInts$FieldInstanceReadWrite::getAndSet@16 (line 250)
                      ; - java.lang.invoke.VarHandleGuards::guard_LI_I@45 (line 163)
                      ; - java.util.concurrent.atomic.AtomicBoolean::getAndSet@13 (line 175)
                      ; - com.sun.javafx.tk.quantum.GlassScene::setPainting@5 (line 289)
                      ; - com.sun.javafx.tk.quantum.PresentingPainter::run@406 (line 124)
  0x000001eab80f1bd8: a4ce d106 

  0x000001eab80f1bdc: ;   {other}
  0x000001eab80f1bdc: 0f1f 8400 | 4c94 0046 | 488b 8424 | c001 0000 | e963 6600 

  0x000001eab80f1bf0: ;   {metadata('java/lang/ClassCastException')}
  0x000001eab80f1bf0: 0048 bab0 | b606 d0ea | 0100 0049 | 8b87 b801 | 0000 488d | 7828 493b | bfc8 0100 | 000f 874d 
  0x000001eab80f1c10: 4d00 0049 | 89bf b801 | 0000 48c7 | 0001 0000 | 0048 8bca | 49ba 0000 | 00d0 ea01 | 0000 492b 
  0x000001eab80f1c30: ca89 4808 | 4833 c989 | 480c 4833 | c948 8948 | 1048 8948 | 1848 8948 

  0x000001eab80f1c48: ;   {oop(a 'java/lang/Class'{0x000000070458d6f8} = 'java/util/concurrent/atomic/AtomicBoolean')}
  0x000001eab80f1c48: 2048 baf8 | d658 0407 | 0000 004c 

  0x000001eab80f1c54: ;   {metadata(method data for {method} {0x000001ead046e870} 'cast' '(Ljava/lang/Object;)Ljava/lang/Object;' in 'java/lang/Class')}
  0x000001eab80f1c54: 8bc2 48be | e877 1311 | eb01 0000 | 4883 8688 | 0100 0001 | 4c8b c348 | 8984 24c8 | 0100 000f 
  0x000001eab80f1c74: ;   {optimized virtual_call}
  0x000001eab80f1c74: 1f40 00e8 

  0x000001eab80f1c78: ; ImmutableOopMap {[232]=Oop [456]=Oop }
                      ;*invokevirtual cannotCastMsg {reexecute=0 rethrow=0 return_oop=0}
                      ; - java.lang.Class::cast@18 (line 4067)
                      ; - java.lang.invoke.VarHandleInts$FieldInstanceReadWrite::getAndSet@13 (line 250)
                      ; - java.lang.invoke.VarHandleGuards::guard_LI_I@45 (line 163)
                      ; - java.util.concurrent.atomic.AtomicBoolean::getAndSet@13 (line 175)
                      ; - com.sun.javafx.tk.quantum.GlassScene::setPainting@5 (line 289)
                      ; - com.sun.javafx.tk.quantum.PresentingPainter::run@406 (line 124)
  0x000001eab80f1c78: 04ce d106 

  0x000001eab80f1c7c: ;   {other}
  0x000001eab80f1c7c: 0f1f 8400 | ec94 0047 | 4c8b 8424 | c801 0000 

  0x000001eab80f1c8c: ;   {metadata(method data for {method} {0x000001ead046e870} 'cast' '(Ljava/lang/Object;)Ljava/lang/Object;' in 'java/lang/Class')}
  0x000001eab80f1c8c: 48ba e877 | 1311 eb01 | 0000 4883 | 82c0 0100 | 0001 4c8b | c048 8b94 | 24c8 0100 | 0066 0f1f 
  0x000001eab80f1cac: ;   {optimized virtual_call}
  0x000001eab80f1cac: 4400 00e8 

  0x000001eab80f1cb0: ; ImmutableOopMap {[232]=Oop [456]=Oop }
                      ;*invokespecial <init> {reexecute=0 rethrow=0 return_oop=0}
                      ; - java.lang.Class::cast@21 (line 4067)
                      ; - java.lang.invoke.VarHandleInts$FieldInstanceReadWrite::getAndSet@13 (line 250)
                      ; - java.lang.invoke.VarHandleGuards::guard_LI_I@45 (line 163)
                      ; - java.util.concurrent.atomic.AtomicBoolean::getAndSet@13 (line 175)
                      ; - com.sun.javafx.tk.quantum.GlassScene::setPainting@5 (line 289)
                      ; - com.sun.javafx.tk.quantum.PresentingPainter::run@406 (line 124)
  0x000001eab80f1cb0: cccd d106 

  0x000001eab80f1cb4: ;   {other}
  0x000001eab80f1cb4: 0f1f 8400 | 2495 0048 | 488b 8424 | c801 0000 | e98b 6500 | 0048 899c | 24d8 0100 | 000f 1f80 
  0x000001eab80f1cd4: 0000 0000 

  0x000001eab80f1cd8: ;   {no_reloc}
  0x000001eab80f1cd8: e99f 4c00 | 0000 0000 | 0000 80ba | 2101 0000 | 040f 859c | 4c00 0049 | 8b87 b801 | 0000 488d 
  0x000001eab80f1cf8: 7828 493b | bfc8 0100 | 000f 8784 | 4c00 0049 | 89bf b801 | 0000 48c7 | 0001 0000 | 0048 8bca 
  0x000001eab80f1d18: 49ba 0000 | 00d0 ea01 | 0000 492b | ca89 4808 | 4833 c989 | 480c 4833 | c948 8948 | 1048 8948 
  0x000001eab80f1d38: 1848 8948 | 204c 8bc0 

  0x000001eab80f1d40: ;   {metadata(method data for {method} {0x000001eb1153d880} 'checkNotClosed' '()V' in 'com/sun/glass/ui/View')}
  0x000001eab80f1d40: 48ba c0d9 | e411 eb01 | 0000 4883 | 8230 0100 

  0x000001eab80f1d50: ;   {oop("The view has already been closed"{0x0000000704f8c730})}
  0x000001eab80f1d50: 0001 49b8 | 30c7 f804 | 0700 0000 | 488b d048 | 8984 24d0 

  0x000001eab80f1d64: ;   {optimized virtual_call}
  0x000001eab80f1d64: 0100 00e8 

  0x000001eab80f1d68: ; ImmutableOopMap {[232]=Oop [464]=Oop [472]=Oop }
                      ;*invokespecial <init> {reexecute=0 rethrow=0 return_oop=0}
                      ; - com.sun.glass.ui.View::checkNotClosed@15 (line 435)
                      ; - com.sun.glass.ui.View::unlock@1 (line 747)
                      ; - com.sun.prism.PresentableState::unlock@11 (line 296)
                      ; - com.sun.javafx.tk.quantum.PresentingPainter::run@388 (line 120)
  0x000001eab80f1d68: 14cd d106 

  0x000001eab80f1d6c: ;   {other}
  0x000001eab80f1d6c: 0f1f 8400 | dc95 0049 | 488b 8424 | d001 0000 | e9d3 6400 | 000f 1f80 | 0000 0000 

  0x000001eab80f1d88: ;   {no_reloc}
  0x000001eab80f1d88: e91a 4c00 | 0000 0000 | 0000 80ba | 2101 0000 | 040f 8517 | 4c00 0049 | 8b87 b801 | 0000 488d 
  0x000001eab80f1da8: 7828 493b | bfc8 0100 | 000f 87ff | 4b00 0049 | 89bf b801 | 0000 48c7 | 0001 0000 | 0048 8bca 
  0x000001eab80f1dc8: 49ba 0000 | 00d0 ea01 | 0000 492b | ca89 4808 | 4833 c989 | 480c 4833 | c948 8948 | 1048 8948 
  0x000001eab80f1de8: 1848 8948 | 2048 8bd0 

  0x000001eab80f1df0: ;   {metadata(method data for {method} {0x000001eb1113cd10} 'removeFirst' '()Ljava/lang/Object;' in 'java/util/LinkedList')}
  0x000001eab80f1df0: 48be e0fc | bb11 eb01 | 0000 4883 | 8630 0100 | 0001 488b | d048 8984 | 24e0 0100 

  0x000001eab80f1e0c: ;   {optimized virtual_call}
  0x000001eab80f1e0c: 0066 90e8 

  0x000001eab80f1e10: ; ImmutableOopMap {[232]=Oop [360]=Oop [480]=Oop [752]=Oop }
                      ;*invokespecial <init> {reexecute=0 rethrow=0 return_oop=0}
                      ; - java.util.LinkedList::removeFirst@13 (line 281)
                      ; - java.util.LinkedList::remove@1 (line 696)
                      ; - com.sun.prism.impl.Disposer::processDisposalQueue@14 (line 184)
                      ; - com.sun.prism.impl.Disposer::cleanUp@9 (line 130)
                      ; - com.sun.javafx.tk.quantum.PresentingPainter::run@377 (line 117)
  0x000001eab80f1e10: 6ccc d106 

  0x000001eab80f1e14: ;   {other}
  0x000001eab80f1e14: 0f1f 8400 | 8496 004a | 488b 8424 

  0x000001eab80f1e20: ; ImmutableOopMap {rax=Oop [232]=Oop [360]=Oop [752]=Oop }
                      ;*athrow {reexecute=1 rethrow=0 return_oop=0}
                      ; - (reexecute) java.util.LinkedList::removeFirst@16 (line 281)
                      ; - java.util.LinkedList::remove@1 (line 696)
                      ; - com.sun.prism.impl.Disposer::processDisposalQueue@14 (line 184)
                      ; - com.sun.prism.impl.Disposer::cleanUp@9 (line 130)
                      ; - com.sun.javafx.tk.quantum.PresentingPainter::run@377 (line 117)
  0x000001eab80f1e20: e001 0000 

  0x000001eab80f1e24: ;   {section_word}
  0x000001eab80f1e24: 48ba 241e | 0fb8 ea01 

  0x000001eab80f1e2c: ;   {runtime_call handle_exception Runtime1 stub}
  0x000001eab80f1e2c: 0000 e8cd | 44de 0690 | 0f1f 4000 

  0x000001eab80f1e38: ;   {no_reloc}
  0x000001eab80f1e38: e995 4b00 | 0000 0000 | 0000 498b | 87b8 0100 | 0048 8d78 | 3049 3bbf | c801 0000 | 0f87 824b 
  0x000001eab80f1e58: 0000 4989 | bfb8 0100 | 0048 c700 | 0100 0000 | 488b ca49 | ba00 0000 | d0ea 0100 | 0049 2bca 
  0x000001eab80f1e78: 8948 0848 | 33c9 8948 | 0c48 33c9 | 4889 4810 | 4889 4818 | 4889 4820 | 4889 4828 

  0x000001eab80f1e94: ;   {metadata(method data for {method} {0x000001ead00564a0} 'requireNonNull' '(Ljava/lang/Object;)Ljava/lang/Object;' in 'java/util/Objects')}
  0x000001eab80f1e94: 488b d048 | bee0 3b01 | 11eb 0100 | 0048 8386 | 3001 0000 | 0148 8bd0 | 4889 8424 | e801 0000 
  0x000001eab80f1eb4: ;   {optimized virtual_call}
  0x000001eab80f1eb4: 6666 90e8 

  0x000001eab80f1eb8: ; ImmutableOopMap {[232]=Oop [488]=Oop }
                      ;*invokespecial <init> {reexecute=0 rethrow=0 return_oop=0}
                      ; - java.util.Objects::requireNonNull@8 (line 233)
                      ; - java.lang.invoke.VarHandleInts$FieldInstanceReadWrite::getAndSet@16 (line 250)
                      ; - java.lang.invoke.VarHandleGuards::guard_LI_I@45 (line 163)
                      ; - java.util.concurrent.atomic.AtomicBoolean::getAndSet@13 (line 175)
                      ; - com.sun.javafx.tk.quantum.GlassScene::setPainting@5 (line 289)
                      ; - com.sun.javafx.tk.quantum.PresentingPainter::run@188 (line 124)
  0x000001eab80f1eb8: c4cb d106 

  0x000001eab80f1ebc: ;   {other}
  0x000001eab80f1ebc: 0f1f 8400 | 2c97 004c | 488b 8424 | e801 0000 | e983 6300 

  0x000001eab80f1ed0: ;   {metadata('java/lang/ClassCastException')}
  0x000001eab80f1ed0: 0048 bab0 | b606 d0ea | 0100 0049 | 8b87 b801 | 0000 488d | 7828 493b | bfc8 0100 | 000f 87f6 
  0x000001eab80f1ef0: 4a00 0049 | 89bf b801 | 0000 48c7 | 0001 0000 | 0048 8bca | 49ba 0000 | 00d0 ea01 | 0000 492b 
  0x000001eab80f1f10: ca89 4808 | 4833 c989 | 480c 4833 | c948 8948 | 1048 8948 | 1848 8948 

  0x000001eab80f1f28: ;   {oop(a 'java/lang/Class'{0x000000070458d6f8} = 'java/util/concurrent/atomic/AtomicBoolean')}
  0x000001eab80f1f28: 2048 baf8 | d658 0407 | 0000 004c 

  0x000001eab80f1f34: ;   {metadata(method data for {method} {0x000001ead046e870} 'cast' '(Ljava/lang/Object;)Ljava/lang/Object;' in 'java/lang/Class')}
  0x000001eab80f1f34: 8bc2 48be | e877 1311 | eb01 0000 | 4883 8688 | 0100 0001 | 4c8b c348 | 8984 24f0 | 0100 000f 
  0x000001eab80f1f54: ;   {optimized virtual_call}
  0x000001eab80f1f54: 1f40 00e8 

  0x000001eab80f1f58: ; ImmutableOopMap {[232]=Oop [496]=Oop }
                      ;*invokevirtual cannotCastMsg {reexecute=0 rethrow=0 return_oop=0}
                      ; - java.lang.Class::cast@18 (line 4067)
                      ; - java.lang.invoke.VarHandleInts$FieldInstanceReadWrite::getAndSet@13 (line 250)
                      ; - java.lang.invoke.VarHandleGuards::guard_LI_I@45 (line 163)
                      ; - java.util.concurrent.atomic.AtomicBoolean::getAndSet@13 (line 175)
                      ; - com.sun.javafx.tk.quantum.GlassScene::setPainting@5 (line 289)
                      ; - com.sun.javafx.tk.quantum.PresentingPainter::run@188 (line 124)
  0x000001eab80f1f58: 24cb d106 

  0x000001eab80f1f5c: ;   {other}
  0x000001eab80f1f5c: 0f1f 8400 | cc97 004d | 4c8b 8424 | f001 0000 

  0x000001eab80f1f6c: ;   {metadata(method data for {method} {0x000001ead046e870} 'cast' '(Ljava/lang/Object;)Ljava/lang/Object;' in 'java/lang/Class')}
  0x000001eab80f1f6c: 48ba e877 | 1311 eb01 | 0000 4883 | 82c0 0100 | 0001 4c8b | c048 8b94 | 24f0 0100 | 0066 0f1f 
  0x000001eab80f1f8c: ;   {optimized virtual_call}
  0x000001eab80f1f8c: 4400 00e8 

  0x000001eab80f1f90: ; ImmutableOopMap {[232]=Oop [496]=Oop }
                      ;*invokespecial <init> {reexecute=0 rethrow=0 return_oop=0}
                      ; - java.lang.Class::cast@21 (line 4067)
                      ; - java.lang.invoke.VarHandleInts$FieldInstanceReadWrite::getAndSet@13 (line 250)
                      ; - java.lang.invoke.VarHandleGuards::guard_LI_I@45 (line 163)
                      ; - java.util.concurrent.atomic.AtomicBoolean::getAndSet@13 (line 175)
                      ; - com.sun.javafx.tk.quantum.GlassScene::setPainting@5 (line 289)
                      ; - com.sun.javafx.tk.quantum.PresentingPainter::run@188 (line 124)
  0x000001eab80f1f90: ecca d106 

  0x000001eab80f1f94: ;   {other}
  0x000001eab80f1f94: 0f1f 8400 | 0498 004e | 488b 8424 | f001 0000 | e9ab 6200 | 0048 899c | 2400 0200 | 000f 1f80 
  0x000001eab80f1fb4: 0000 0000 

  0x000001eab80f1fb8: ;   {no_reloc}
  0x000001eab80f1fb8: e948 4a00 | 0000 0000 | 0000 80ba | 2101 0000 | 040f 8545 | 4a00 0049 | 8b87 b801 | 0000 488d 
  0x000001eab80f1fd8: 7828 493b | bfc8 0100 | 000f 872d | 4a00 0049 | 89bf b801 | 0000 48c7 | 0001 0000 | 0048 8bca 
  0x000001eab80f1ff8: 49ba 0000 | 00d0 ea01 | 0000 492b | ca89 4808 | 4833 c989 | 480c 4833 | c948 8948 | 1048 8948 
  0x000001eab80f2018: 1848 8948 | 204c 8bc0 

  0x000001eab80f2020: ;   {metadata(method data for {method} {0x000001eb1153d880} 'checkNotClosed' '()V' in 'com/sun/glass/ui/View')}
  0x000001eab80f2020: 48ba c0d9 | e411 eb01 | 0000 4883 | 8230 0100 

  0x000001eab80f2030: ;   {oop("The view has already been closed"{0x0000000704f8c730})}
  0x000001eab80f2030: 0001 49b8 | 30c7 f804 | 0700 0000 | 488b d048 | 8984 24f8 

  0x000001eab80f2044: ;   {optimized virtual_call}
  0x000001eab80f2044: 0100 00e8 

  0x000001eab80f2048: ; ImmutableOopMap {[232]=Oop [504]=Oop [512]=Oop }
                      ;*invokespecial <init> {reexecute=0 rethrow=0 return_oop=0}
                      ; - com.sun.glass.ui.View::checkNotClosed@15 (line 435)
                      ; - com.sun.glass.ui.View::unlock@1 (line 747)
                      ; - com.sun.prism.PresentableState::unlock@11 (line 296)
                      ; - com.sun.javafx.tk.quantum.PresentingPainter::run@170 (line 120)
  0x000001eab80f2048: 34ca d106 

  0x000001eab80f204c: ;   {other}
  0x000001eab80f204c: 0f1f 8400 | bc98 004f | 488b 8424 | f801 0000 | e9f3 6100 | 000f 1f80 | 0000 0000 

  0x000001eab80f2068: ;   {no_reloc}
  0x000001eab80f2068: e9c3 4900 | 0000 0000 | 0000 80ba | 2101 0000 | 040f 85c0 | 4900 0049 | 8b87 b801 | 0000 488d 
  0x000001eab80f2088: 7828 493b | bfc8 0100 | 000f 87a8 | 4900 0049 | 89bf b801 | 0000 48c7 | 0001 0000 | 0048 8bca 
  0x000001eab80f20a8: 49ba 0000 | 00d0 ea01 | 0000 492b | ca89 4808 | 4833 c989 | 480c 4833 | c948 8948 | 1048 8948 
  0x000001eab80f20c8: 1848 8948 | 2048 8bd0 

  0x000001eab80f20d0: ;   {metadata(method data for {method} {0x000001eb1113cd10} 'removeFirst' '()Ljava/lang/Object;' in 'java/util/LinkedList')}
  0x000001eab80f20d0: 48be e0fc | bb11 eb01 | 0000 4883 | 8630 0100 | 0001 488b | d048 8984 | 2408 0200 

  0x000001eab80f20ec: ;   {optimized virtual_call}
  0x000001eab80f20ec: 0066 90e8 

  0x000001eab80f20f0: ; ImmutableOopMap {[232]=Oop [304]=Oop [520]=Oop [752]=Oop }
                      ;*invokespecial <init> {reexecute=0 rethrow=0 return_oop=0}
                      ; - java.util.LinkedList::removeFirst@13 (line 281)
                      ; - java.util.LinkedList::remove@1 (line 696)
                      ; - com.sun.prism.impl.Disposer::processDisposalQueue@14 (line 184)
                      ; - com.sun.prism.impl.Disposer::cleanUp@9 (line 130)
                      ; - com.sun.javafx.tk.quantum.PresentingPainter::run@159 (line 117)
  0x000001eab80f20f0: 8cc9 d106 

  0x000001eab80f20f4: ;   {other}
  0x000001eab80f20f4: 0f1f 8400 | 6499 0050 | 488b 8424 

  0x000001eab80f2100: ; ImmutableOopMap {rax=Oop [232]=Oop [304]=Oop [752]=Oop }
                      ;*athrow {reexecute=1 rethrow=0 return_oop=0}
                      ; - (reexecute) java.util.LinkedList::removeFirst@16 (line 281)
                      ; - java.util.LinkedList::remove@1 (line 696)
                      ; - com.sun.prism.impl.Disposer::processDisposalQueue@14 (line 184)
                      ; - com.sun.prism.impl.Disposer::cleanUp@9 (line 130)
                      ; - com.sun.javafx.tk.quantum.PresentingPainter::run@159 (line 117)
  0x000001eab80f2100: 0802 0000 

  0x000001eab80f2104: ;   {section_word}
  0x000001eab80f2104: 48ba 0421 | 0fb8 ea01 

  0x000001eab80f210c: ;   {runtime_call handle_exception Runtime1 stub}
  0x000001eab80f210c: 0000 e8ed | 41de 0690 | 0f1f 4000 

  0x000001eab80f2118: ;   {no_reloc}
  0x000001eab80f2118: e93e 4900 | 0000 0000 | 0000 498b | 87b8 0100 | 0048 8d78 | 2849 3bbf | c801 0000 | 0f87 2b49 
  0x000001eab80f2138: 0000 4989 | bfb8 0100 | 0048 c700 | 0100 0000 | 488b ca49 | ba00 0000 | d0ea 0100 | 0049 2bca 
  0x000001eab80f2158: 8948 0848 | 33c9 8948 | 0c48 33c9 | 4889 4810 | 4889 4818 | 4889 4820 

  0x000001eab80f2170: ;   {metadata(method data for {method} {0x000001eb11514d30} 'getScreens' '()Ljava/util/List;' in 'com/sun/glass/ui/Screen')}
  0x000001eab80f2170: 4c8b c048 | ba58 1ff3 | 11eb 0100 | 0048 8382 | 3001 0000 

  0x000001eab80f2184: ;   {oop("Internal graphics not initialized yet"{0x0000000704d28e98})}
  0x000001eab80f2184: 0149 b898 | 8ed2 0407 | 0000 0048 | 8bd0 4889 | 8424 1002 | 0000 0f1f 

  0x000001eab80f219c: ;   {optimized virtual_call}
  0x000001eab80f219c: 4400 00e8 

  0x000001eab80f21a0: ; ImmutableOopMap {[232]=Oop [528]=Oop }
                      ;*invokespecial <init> {reexecute=0 rethrow=0 return_oop=0}
                      ; - com.sun.glass.ui.Screen::getScreens@12 (line 68)
                      ; - com.sun.prism.GraphicsPipeline::getDefaultResourceFactory@0 (line 150)
                      ; - com.sun.javafx.tk.quantum.PresentingPainter::run@119 (line 69)
  0x000001eab80f21a0: dcc8 d106 

  0x000001eab80f21a4: ;   {other}
  0x000001eab80f21a4: 0f1f 8400 | 149a 0052 | 488b 8424 

  0x000001eab80f21b0: ; ImmutableOopMap {rax=Oop [232]=Oop }
                      ;*athrow {reexecute=1 rethrow=0 return_oop=0}
                      ; - (reexecute) com.sun.glass.ui.Screen::getScreens@15 (line 68)
                      ; - com.sun.prism.GraphicsPipeline::getDefaultResourceFactory@0 (line 150)
                      ; - com.sun.javafx.tk.quantum.PresentingPainter::run@119 (line 69)
  0x000001eab80f21b0: 1002 0000 

  0x000001eab80f21b4: ;   {section_word}
  0x000001eab80f21b4: 48ba b421 | 0fb8 ea01 

  0x000001eab80f21bc: ;   {runtime_call handle_exception Runtime1 stub}
  0x000001eab80f21bc: 0000 e83d | 41de 0690 | 4889 9c24 | 2002 0000 | 0f1f 4000 

  0x000001eab80f21d0: ;   {no_reloc}
  0x000001eab80f21d0: e9ac 4800 | 0000 0000 | 0000 80ba | 2101 0000 | 040f 85a9 | 4800 0049 | 8b87 b801 | 0000 488d 
  0x000001eab80f21f0: 7828 493b | bfc8 0100 | 000f 8791 | 4800 0049 | 89bf b801 | 0000 48c7 | 0001 0000 | 0048 8bca 
  0x000001eab80f2210: 49ba 0000 | 00d0 ea01 | 0000 492b | ca89 4808 | 4833 c989 | 480c 4833 | c948 8948 | 1048 8948 
  0x000001eab80f2230: 1848 8948 | 204c 8bc0 

  0x000001eab80f2238: ;   {metadata(method data for {method} {0x000001eb1153d880} 'checkNotClosed' '()V' in 'com/sun/glass/ui/View')}
  0x000001eab80f2238: 48ba c0d9 | e411 eb01 | 0000 4883 | 8230 0100 

  0x000001eab80f2248: ;   {oop("The view has already been closed"{0x0000000704f8c730})}
  0x000001eab80f2248: 0001 49b8 | 30c7 f804 | 0700 0000 | 488b d048 | 8984 2418 

  0x000001eab80f225c: ;   {optimized virtual_call}
  0x000001eab80f225c: 0200 00e8 

  0x000001eab80f2260: ; ImmutableOopMap {[232]=Oop [264]=Oop [536]=Oop [544]=Oop }
                      ;*invokespecial <init> {reexecute=0 rethrow=0 return_oop=0}
                      ; - com.sun.glass.ui.View::checkNotClosed@15 (line 435)
                      ; - com.sun.glass.ui.View::lock@1 (line 736)
                      ; - com.sun.prism.PresentableState::lock@11 (line 285)
                      ; - com.sun.javafx.tk.quantum.PresentingPainter::run@106 (line 65)
  0x000001eab80f2260: 1cc8 d106 

  0x000001eab80f2264: ;   {other}
  0x000001eab80f2264: 0f1f 8400 | d49a 0054 | 488b 8424 

  0x000001eab80f2270: ; ImmutableOopMap {rax=Oop [232]=Oop [264]=Oop [544]=Oop }
                      ;*athrow {reexecute=1 rethrow=0 return_oop=0}
                      ; - (reexecute) com.sun.glass.ui.View::checkNotClosed@18 (line 435)
                      ; - com.sun.glass.ui.View::lock@1 (line 736)
                      ; - com.sun.prism.PresentableState::lock@11 (line 285)
                      ; - com.sun.javafx.tk.quantum.PresentingPainter::run@106 (line 65)
  0x000001eab80f2270: 1802 0000 

  0x000001eab80f2274: ;   {section_word}
  0x000001eab80f2274: 48ba 7422 | 0fb8 ea01 

  0x000001eab80f227c: ;   {runtime_call handle_exception Runtime1 stub}
  0x000001eab80f227c: 0000 e87d | 40de 0690 | 0f1f 4000 

  0x000001eab80f2288: ;   {no_reloc}
  0x000001eab80f2288: e91f 4800 | 0000 0000 | 0000 498b | 87b8 0100 | 0048 8d78 | 3049 3bbf | c801 0000 | 0f87 0c48 
  0x000001eab80f22a8: 0000 4989 | bfb8 0100 | 0048 c700 | 0100 0000 | 488b ca49 | ba00 0000 | d0ea 0100 | 0049 2bca 
  0x000001eab80f22c8: 8948 0848 | 33c9 8948 | 0c48 33c9 | 4889 4810 | 4889 4818 | 4889 4820 | 4889 4828 

  0x000001eab80f22e4: ;   {metadata(method data for {method} {0x000001ead00564a0} 'requireNonNull' '(Ljava/lang/Object;)Ljava/lang/Object;' in 'java/util/Objects')}
  0x000001eab80f22e4: 488b d048 | bee0 3b01 | 11eb 0100 | 0048 8386 | 3001 0000 | 0148 8bd0 | 4889 8424 | 2802 0000 
  0x000001eab80f2304: ;   {optimized virtual_call}
  0x000001eab80f2304: 6666 90e8 

  0x000001eab80f2308: ; ImmutableOopMap {[232]=Oop [552]=Oop }
                      ;*invokespecial <init> {reexecute=0 rethrow=0 return_oop=0}
                      ; - java.util.Objects::requireNonNull@8 (line 233)
                      ; - java.lang.invoke.VarHandleInts$FieldInstanceReadWrite::getAndSet@16 (line 250)
                      ; - java.lang.invoke.VarHandleGuards::guard_LI_I@45 (line 163)
                      ; - java.util.concurrent.atomic.AtomicBoolean::getAndSet@13 (line 175)
                      ; - com.sun.javafx.tk.quantum.GlassScene::setPainting@5 (line 289)
                      ; - com.sun.javafx.tk.quantum.PresentingPainter::run@69 (line 124)
  0x000001eab80f2308: 74c7 d106 

  0x000001eab80f230c: ;   {other}
  0x000001eab80f230c: 0f1f 8400 | 7c9b 0056 | 488b 8424 | 2802 0000 | e933 5f00 

  0x000001eab80f2320: ;   {metadata('java/lang/ClassCastException')}
  0x000001eab80f2320: 0048 bab0 | b606 d0ea | 0100 0049 | 8b87 b801 | 0000 488d | 7828 493b | bfc8 0100 | 000f 8780 
  0x000001eab80f2340: 4700 0049 | 89bf b801 | 0000 48c7 | 0001 0000 | 0048 8bca | 49ba 0000 | 00d0 ea01 | 0000 492b 
  0x000001eab80f2360: ca89 4808 | 4833 c989 | 480c 4833 | c948 8948 | 1048 8948 | 1848 8948 

  0x000001eab80f2378: ;   {oop(a 'java/lang/Class'{0x000000070458d6f8} = 'java/util/concurrent/atomic/AtomicBoolean')}
  0x000001eab80f2378: 2048 baf8 | d658 0407 | 0000 004c 

  0x000001eab80f2384: ;   {metadata(method data for {method} {0x000001ead046e870} 'cast' '(Ljava/lang/Object;)Ljava/lang/Object;' in 'java/lang/Class')}
  0x000001eab80f2384: 8bc2 48be | e877 1311 | eb01 0000 | 4883 8688 | 0100 0001 | 4c8b c348 | 8984 2430 | 0200 000f 
  0x000001eab80f23a4: ;   {optimized virtual_call}
  0x000001eab80f23a4: 1f40 00e8 

  0x000001eab80f23a8: ; ImmutableOopMap {[232]=Oop [560]=Oop }
                      ;*invokevirtual cannotCastMsg {reexecute=0 rethrow=0 return_oop=0}
                      ; - java.lang.Class::cast@18 (line 4067)
                      ; - java.lang.invoke.VarHandleInts$FieldInstanceReadWrite::getAndSet@13 (line 250)
                      ; - java.lang.invoke.VarHandleGuards::guard_LI_I@45 (line 163)
                      ; - java.util.concurrent.atomic.AtomicBoolean::getAndSet@13 (line 175)
                      ; - com.sun.javafx.tk.quantum.GlassScene::setPainting@5 (line 289)
                      ; - com.sun.javafx.tk.quantum.PresentingPainter::run@69 (line 124)
  0x000001eab80f23a8: d4c6 d106 

  0x000001eab80f23ac: ;   {other}
  0x000001eab80f23ac: 0f1f 8400 | 1c9c 0057 | 4c8b 8424 | 3002 0000 

  0x000001eab80f23bc: ;   {metadata(method data for {method} {0x000001ead046e870} 'cast' '(Ljava/lang/Object;)Ljava/lang/Object;' in 'java/lang/Class')}
  0x000001eab80f23bc: 48ba e877 | 1311 eb01 | 0000 4883 | 82c0 0100 | 0001 4c8b | c048 8b94 | 2430 0200 | 0066 0f1f 
  0x000001eab80f23dc: ;   {optimized virtual_call}
  0x000001eab80f23dc: 4400 00e8 

  0x000001eab80f23e0: ; ImmutableOopMap {[232]=Oop [560]=Oop }
                      ;*invokespecial <init> {reexecute=0 rethrow=0 return_oop=0}
                      ; - java.lang.Class::cast@21 (line 4067)
                      ; - java.lang.invoke.VarHandleInts$FieldInstanceReadWrite::getAndSet@13 (line 250)
                      ; - java.lang.invoke.VarHandleGuards::guard_LI_I@45 (line 163)
                      ; - java.util.concurrent.atomic.AtomicBoolean::getAndSet@13 (line 175)
                      ; - com.sun.javafx.tk.quantum.GlassScene::setPainting@5 (line 289)
                      ; - com.sun.javafx.tk.quantum.PresentingPainter::run@69 (line 124)
  0x000001eab80f23e0: 9cc6 d106 

  0x000001eab80f23e4: ;   {other}
  0x000001eab80f23e4: 0f1f 8400 | 549c 0058 | 488b 8424 | 3002 0000 | e95b 5e00 | 000f 1f80 | 0000 0000 

  0x000001eab80f2400: ;   {no_reloc}
  0x000001eab80f2400: e9da 4600 | 0000 0000 | 0000 80ba | 2101 0000 | 040f 85d7 | 4600 0049 | 8b87 b801 | 0000 488d 
  0x000001eab80f2420: 7828 493b | bfc8 0100 | 000f 87bf | 4600 0049 | 89bf b801 | 0000 48c7 | 0001 0000 | 0048 8bca 
  0x000001eab80f2440: 49ba 0000 | 00d0 ea01 | 0000 492b | ca89 4808 | 4833 c989 | 480c 4833 | c948 8948 | 1048 8948 
  0x000001eab80f2460: 1848 8948 | 2048 8bd0 

  0x000001eab80f2468: ;   {metadata(method data for {method} {0x000001eb1113cd10} 'removeFirst' '()Ljava/lang/Object;' in 'java/util/LinkedList')}
  0x000001eab80f2468: 48be e0fc | bb11 eb01 | 0000 4883 | 8630 0100 | 0001 488b | d048 8984 | 2438 0200 

  0x000001eab80f2484: ;   {optimized virtual_call}
  0x000001eab80f2484: 0066 90e8 

  0x000001eab80f2488: ; ImmutableOopMap {[232]=Oop [248]=Oop [568]=Oop [752]=Oop }
                      ;*invokespecial <init> {reexecute=0 rethrow=0 return_oop=0}
                      ; - java.util.LinkedList::removeFirst@13 (line 281)
                      ; - java.util.LinkedList::remove@1 (line 696)
                      ; - com.sun.prism.impl.Disposer::processDisposalQueue@14 (line 184)
                      ; - com.sun.prism.impl.Disposer::cleanUp@9 (line 130)
                      ; - com.sun.javafx.tk.quantum.PresentingPainter::run@40 (line 117)
  0x000001eab80f2488: f4c5 d106 

  0x000001eab80f248c: ;   {other}
  0x000001eab80f248c: 0f1f 8400 | fc9c 0059 | 488b 8424 

  0x000001eab80f2498: ; ImmutableOopMap {rax=Oop [232]=Oop [248]=Oop [752]=Oop }
                      ;*athrow {reexecute=1 rethrow=0 return_oop=0}
                      ; - (reexecute) java.util.LinkedList::removeFirst@16 (line 281)
                      ; - java.util.LinkedList::remove@1 (line 696)
                      ; - com.sun.prism.impl.Disposer::processDisposalQueue@14 (line 184)
                      ; - com.sun.prism.impl.Disposer::cleanUp@9 (line 130)
                      ; - com.sun.javafx.tk.quantum.PresentingPainter::run@40 (line 117)
  0x000001eab80f2498: 3802 0000 

  0x000001eab80f249c: ;   {section_word}
  0x000001eab80f249c: 48ba 9c24 | 0fb8 ea01 

  0x000001eab80f24a4: ;   {runtime_call handle_exception Runtime1 stub}
  0x000001eab80f24a4: 0000 e855 | 3ede 0690 | 498b 87f8 | 0400 004d | 33d2 4d89 | 97f8 0400 | 004d 33d2 | 4d89 9700 
  0x000001eab80f24c4: 0500 0048 | 8bd0 488d | 8424 e802 | 0000 4c8b | 004d 85c0 | 0f84 0f00 | 0000 488b | 7008 f04c 
  0x000001eab80f24e4: 0fb1 060f | 850e 4600 | 0049 ff8f | 4805 0000 | 488b c2e9 | 585d 0000 | 498b 87f8 | 0400 004d 
  0x000001eab80f2504: 33d2 4d89 | 97f8 0400 | 004d 33d2 | 4d89 9700 | 0500 0048 | 8bd0 488d | 8424 e802 | 0000 4c8b 
  0x000001eab80f2524: 004d 85c0 | 0f84 0f00 | 0000 488b | 7008 f04c | 0fb1 060f | 85d4 4500 | 0049 ff8f | 4805 0000 
  0x000001eab80f2544: 488b c2e9 | 085d 0000 | 498b 87f8 | 0400 004d | 33d2 4d89 | 97f8 0400 | 004d 33d2 | 4d89 9700 
  0x000001eab80f2564: 0500 0048 | 8bd0 488d | 8424 e802 | 0000 4c8b | 004d 85c0 | 0f84 0f00 | 0000 488b | 7008 f04c 
  0x000001eab80f2584: 0fb1 060f | 859a 4500 | 0049 ff8f | 4805 0000 | 488b c2e9 | b85c 0000 | 498b 87f8 | 0400 004d 
  0x000001eab80f25a4: ;   {no_reloc}
  0x000001eab80f25a4: 33d2 4d89 | 97f8 0400 | 004d 33d2 | 4d89 9700 | 0500 0048 | 8bd0 488d | 8424 e802 | 0000 4c8b 
  0x000001eab80f25c4: 004d 85c0 | 0f84 0f00 | 0000 488b | 7008 f04c | 0fb1 060f | 8560 4500 | 0049 ff8f | 4805 0000 
  0x000001eab80f25e4: 488b c2e9 | 685c 0000 | 498b 87f8 | 0400 004d | 33d2 4d89 | 97f8 0400 | 004d 33d2 | 4d89 9700 
  0x000001eab80f2604: 0500 0048 | 8bd0 488d | 8424 e802 | 0000 4c8b | 004d 85c0 | 0f84 0f00 | 0000 488b | 7008 f04c 
  0x000001eab80f2624: 0fb1 060f | 8526 4500 | 0049 ff8f | 4805 0000 

  0x000001eab80f2634: ; ImmutableOopMap {rax=Oop [232]=Oop }
                      ;*invokevirtual getDoPresent {reexecute=0 rethrow=0 return_oop=0}
                      ; - com.sun.javafx.tk.quantum.PresentingPainter::run@441 (line 106)
                      ;   {section_word}
  0x000001eab80f2634: 488b c248 | ba37 260f | b8ea 0100 

  0x000001eab80f2640: ;   {runtime_call handle_exception Runtime1 stub}
  0x000001eab80f2640: 00e8 ba3c | de06 9049 | 8b87 f804 | 0000 4d33 | d24d 8997 | f804 0000 | 4d33 d24d | 8997 0005 
  0x000001eab80f2660: ;   {oop(a 'java/lang/Class'{0x000000070487ef08} = 'java/lang/System')}
  0x000001eab80f2660: 0000 48ba | 08ef 8704 | 0700 0000 | 448b 4278 | 49c1 e003 

  0x000001eab80f2674: ;   {metadata(method data for {method} {0x000001eb119dcc38} 'run' '()V' in 'com/sun/javafx/tk/quantum/PresentingPainter')}
  0x000001eab80f2674: 488b d048 | bf20 acf3 | 11eb 0100 | 008b 5208 | 49ba 0000 | 00d0 ea01 | 0000 4903 | d248 3b97 
  0x000001eab80f2694: b80f 0000 | 750d 4883 | 87c0 0f00 | 0001 e960 | 0000 0048 | 3b97 c80f | 0000 750d | 4883 87d0 
  0x000001eab80f26b4: 0f00 0001 | e94a 0000 | 0048 83bf | b80f 0000 | 0075 1748 | 8997 b80f | 0000 48c7 | 87c0 0f00 
  0x000001eab80f26d4: 0001 0000 | 00e9 2900 | 0000 4883 | bfc8 0f00 | 0000 7517 | 4889 97c8 | 0f00 0048 | c787 d00f 
  0x000001eab80f26f4: 0000 0100 | 0000 e908 | 0000 0048 | 8387 a80f 

  0x000001eab80f2704: ;   {metadata(method data for {method} {0x000001ead000c510} 'printStackTrace' '(Ljava/io/PrintStream;)V' in 'java/lang/Throwable')}
  0x000001eab80f2704: 0000 0148 | bac0 31b4 | 11eb 0100 | 008b bacc | 0000 0083 | c702 89ba | cc00 0000 | 81e7 feff 
  0x000001eab80f2724: 1f00 85ff | 0f84 3b44 | 0000 6690 

  0x000001eab80f2730: ;   {no_reloc}
  0x000001eab80f2730: e964 4400 | 0000 0000 | 0000 4889 | 8424 4002 | 0000 e95c | 4400 0048 

  0x000001eab80f2748: ;   {metadata(method data for {method} {0x000001ead000c510} 'printStackTrace' '(Ljava/io/PrintStream;)V' in 'java/lang/Throwable')}
  0x000001eab80f2748: 8bd0 48bb | c031 b411 | eb01 0000 | 4883 8310 | 0100 0001 | 488b d048 | 8984 2448 

  0x000001eab80f2764: ;   {optimized virtual_call}
  0x000001eab80f2764: 0200 00e8 

  0x000001eab80f2768: ; ImmutableOopMap {[232]=Oop [576]=Oop [584]=Oop }
                      ;*invokespecial <init> {reexecute=0 rethrow=0 return_oop=0}
                      ; - java.lang.Throwable::printStackTrace@6 (line 660)
                      ; - com.sun.javafx.tk.quantum.PresentingPainter::run@546 (line 115)
  0x000001eab80f2768: 14c3 d106 

  0x000001eab80f276c: ;   {other}
  0x000001eab80f276c: 0f1f 8400 | dc9f 005c | 488b 8424 | 4002 0000 

  0x000001eab80f277c: ;   {metadata(method data for {method} {0x000001ead000c510} 'printStackTrace' '(Ljava/io/PrintStream;)V' in 'java/lang/Throwable')}
  0x000001eab80f277c: 49b8 c031 | b411 eb01 | 0000 4983 | 8020 0100 | 0001 4c8b | 8424 4802 | 0000 488b | 9424 4002 
  0x000001eab80f279c: ;   {optimized virtual_call}
  0x000001eab80f279c: 0000 90e8 

  0x000001eab80f27a0: ; ImmutableOopMap {[232]=Oop }
                      ;*invokevirtual printStackTrace {reexecute=0 rethrow=0 return_oop=0}
                      ; - java.lang.Throwable::printStackTrace@9 (line 660)
                      ; - com.sun.javafx.tk.quantum.PresentingPainter::run@546 (line 115)
  0x000001eab80f27a0: dcc2 d106 

  0x000001eab80f27a4: ;   {other}
  0x000001eab80f27a4: 0f1f 8400 | 14a0 005d 

  0x000001eab80f27ac: ;   {metadata(method data for {method} {0x000001eb119dcc38} 'run' '()V' in 'com/sun/javafx/tk/quantum/PresentingPainter')}
  0x000001eab80f27ac: 48ba 20ac | f311 eb01 | 0000 4883 | 82e0 0f00 

  0x000001eab80f27bc: ;   {metadata(method data for {method} {0x000001eb11d53d68} 'cleanUp' '()V' in 'com/sun/prism/impl/Disposer')}
  0x000001eab80f27bc: 0001 48ba | 3889 f311 | eb01 0000 | 8bb2 cc00 | 0000 83c6 | 0289 b2cc | 0000 0081 | e6fe ff1f 
  0x000001eab80f27dc: 0085 f60f | 84cb 4300 

  0x000001eab80f27e4: ;   {oop(a 'java/lang/Class'{0x0000000704d5c128} = 'com/sun/prism/impl/Disposer')}
  0x000001eab80f27e4: 0048 be28 | c1d5 0407 | 0000 008b | 5670 48c1 | e203 483b | 0248 8bfa 

  0x000001eab80f27fc: ;   {metadata(method data for {method} {0x000001eb11d53d68} 'cleanUp' '()V' in 'com/sun/prism/impl/Disposer')}
  0x000001eab80f27fc: 48bb 3889 | f311 eb01 | 0000 4883 | 8310 0100 | 0001 4889 | b424 5802 

  0x000001eab80f2814: ;   {optimized virtual_call}
  0x000001eab80f2814: 0000 90e8 

  0x000001eab80f2818: ; ImmutableOopMap {[232]=Oop [600]=Oop }
                      ;*invokevirtual disposeUnreachables {reexecute=0 rethrow=0 return_oop=0}
                      ; - com.sun.prism.impl.Disposer::cleanUp@3 (line 129)
                      ; - com.sun.javafx.tk.quantum.PresentingPainter::run@549 (line 117)
  0x000001eab80f2818: 64c2 d106 

  0x000001eab80f281c: ;   {other}
  0x000001eab80f281c: 0f1f 8400 | 8ca0 005e | 488b b424 | 5802 0000 | 8b76 7048 | c1e6 0348 | 89b4 2460 | 0200 0048 
  0x000001eab80f283c: 3b06 488b 

  0x000001eab80f2840: ;   {metadata(method data for {method} {0x000001eb11d53d68} 'cleanUp' '()V' in 'com/sun/prism/impl/Disposer')}
  0x000001eab80f2840: c649 b838 | 89f3 11eb | 0100 0049 | 8380 4801 | 0000 014c | 8d84 24e8 | 0200 0049 | 8970 0848 
  0x000001eab80f2860: 8b06 4883 | c801 4989 | 00f0 4c0f | b106 0f84 | 1200 0000 | 482b c448 | 2507 f0ff | ff49 8900 
  0x000001eab80f2880: 0f85 5543 | 0000 49ff | 8748 0500 

  0x000001eab80f288c: ;   {metadata(method data for {method} {0x000001eb11d540e0} 'processDisposalQueue' '()V' in 'com/sun/prism/impl/Disposer')}
  0x000001eab80f288c: 0049 b880 | 8ef3 11eb | 0100 0041 | 8b90 cc00 | 0000 83c2 | 0241 8990 | cc00 0000 | 81e2 feff 
  0x000001eab80f28ac: 1f00 85d2 | 0f84 3843 | 0000 6690 | 8b56 1448 | c1e2 0348 | 3b02 4c8b 

  0x000001eab80f28c4: ;   {metadata(method data for {method} {0x000001eb11d540e0} 'processDisposalQueue' '()V' in 'com/sun/prism/impl/Disposer')}
  0x000001eab80f28c4: c248 bf80 | 8ef3 11eb | 0100 0045 | 8b40 0849 | ba00 0000 | d0ea 0100 | 004d 03c2 | 4c3b 8720 
  0x000001eab80f28e4: 0100 0075 | 0d48 8387 | 2801 0000 | 01e9 6000 | 0000 4c3b | 8730 0100 | 0075 0d48 | 8387 3801 
  0x000001eab80f2904: 0000 01e9 | 4a00 0000 | 4883 bf20 | 0100 0000 | 7517 4c89 | 8720 0100 | 0048 c787 | 2801 0000 
  0x000001eab80f2924: 0100 0000 | e929 0000 | 0048 83bf | 3001 0000 | 0075 174c | 8987 3001 | 0000 48c7 | 8738 0100 
  0x000001eab80f2944: 0001 0000 | 00e9 0800 | 0000 4883 | 8710 0100 

  0x000001eab80f2954: ;   {metadata(method data for {method} {0x000001ead005a568} 'isEmpty' '()Z' in 'java/util/AbstractCollection')}
  0x000001eab80f2954: 0001 49b8 | f0cd 3711 | eb01 0000 | 418b b8cc | 0000 0083 | c702 4189 | b8cc 0000 | 0081 e7fe 
  0x000001eab80f2974: ff1f 0085 | ff0f 8495 | 4200 004c 

  0x000001eab80f2980: ;   {metadata(method data for {method} {0x000001ead005a568} 'isEmpty' '()Z' in 'java/util/AbstractCollection')}
  0x000001eab80f2980: 8bc2 48bf | f0cd 3711 | eb01 0000 | 448b 4210 

  0x000001eab80f2990: ;   {metadata(method data for {method} {0x000001ead005a568} 'isEmpty' '()Z' in 'java/util/AbstractCollection')}
  0x000001eab80f2990: 4585 c049 | b8f0 cd37 | 11eb 0100 | 0048 bf48 | 0100 0000 | 0000 0075 | 0a48 bf58 | 0100 0000 
  0x000001eab80f29b0: 0000 0049 | 8b1c 3848 | 8d5b 0149 | 891c 380f | 851c 0000 

  0x000001eab80f29c4: ;   {metadata(method data for {method} {0x000001ead005a568} 'isEmpty' '()Z' in 'java/util/AbstractCollection')}
  0x000001eab80f29c4: 0049 b8f0 | cd37 11eb | 0100 0041 | ff80 6801 | 0000 41b8 | 0100 0000 | e906 0000 | 0041 b800 
  0x000001eab80f29e4: 0000 0041 | 83e0 0145 

  0x000001eab80f29ec: ;   {metadata(method data for {method} {0x000001eb11d540e0} 'processDisposalQueue' '()V' in 'com/sun/prism/impl/Disposer')}
  0x000001eab80f29ec: 85c0 49b8 | 808e f311 | eb01 0000 | 48bf 4801 | 0000 0000 | 0000 750a | 48bf 5801 | 0000 0000 
  0x000001eab80f2a0c: 0000 498b | 1c38 488d | 5b01 4989 | 1c38 0f85 | 0f03 0000 

  0x000001eab80f2a20: ;   {metadata(method data for {method} {0x000001eb11d540e0} 'processDisposalQueue' '()V' in 'com/sun/prism/impl/Disposer')}
  0x000001eab80f2a20: 4c8b c248 | bf80 8ef3 | 11eb 0100 

  0x000001eab80f2a2c: ;   {metadata('java/util/LinkedList')}
  0x000001eab80f2a2c: 0049 ba88 | d005 d1ea | 0100 004c | 8997 7801 | 0000 4883 | 8780 0100 

  0x000001eab80f2a44: ;   {metadata(method data for {method} {0x000001eb1113e5d8} 'remove' '()Ljava/lang/Object;' in 'java/util/LinkedList')}
  0x000001eab80f2a44: 0001 49b8 | 58fb bb11 | eb01 0000 | 418b b8cc | 0000 0083 | c702 4189 | b8cc 0000 | 0081 e7fe 
  0x000001eab80f2a64: ff1f 0085 | ff0f 84c6 | 4100 004c 

  0x000001eab80f2a70: ;   {metadata(method data for {method} {0x000001eb1113e5d8} 'remove' '()Ljava/lang/Object;' in 'java/util/LinkedList')}
  0x000001eab80f2a70: 8bc2 48bf | 58fb bb11 | eb01 0000 

  0x000001eab80f2a7c: ;   {metadata('java/util/LinkedList')}
  0x000001eab80f2a7c: 49ba 88d0 | 05d1 ea01 | 0000 4c89 | 9720 0100 | 0048 8387 | 2801 0000 

  0x000001eab80f2a94: ;   {metadata(method data for {method} {0x000001eb1113cd10} 'removeFirst' '()Ljava/lang/Object;' in 'java/util/LinkedList')}
  0x000001eab80f2a94: 0149 b8e0 | fcbb 11eb | 0100 0041 | 8bb8 cc00 | 0000 83c7 | 0241 89b8 | cc00 0000 | 81e7 feff 
  0x000001eab80f2ab4: 1f00 85ff | 0f84 9841 | 0000 448b | 4214 49c1 | e003 4d85 

  0x000001eab80f2ac8: ;   {metadata(method data for {method} {0x000001eb1113cd10} 'removeFirst' '()Ljava/lang/Object;' in 'java/util/LinkedList')}
  0x000001eab80f2ac8: c048 bfe0 | fcbb 11eb | 0100 0048 | bb20 0100 | 0000 0000 | 0074 0a48 | bb10 0100 | 0000 0000 
  0x000001eab80f2ae8: 0048 8b04 | 1f48 8d40 | 0148 8904 | 1f0f 846e | 2700 0048 

  0x000001eab80f2afc: ;   {metadata(method data for {method} {0x000001eb1113cd10} 'removeFirst' '()Ljava/lang/Object;' in 'java/util/LinkedList')}
  0x000001eab80f2afc: 8bfa 48bb | e0fc bb11 | eb01 0000 | 4883 8340 | 0100 0001 | 0f1f 8000 

  0x000001eab80f2b14: ;   {optimized virtual_call}
  0x000001eab80f2b14: 0000 00e8 

  0x000001eab80f2b18: ; ImmutableOopMap {[232]=Oop [608]=Oop [752]=Oop }
                      ;*invokevirtual unlinkFirst {reexecute=0 rethrow=0 return_oop=0}
                      ; - java.util.LinkedList::removeFirst@19 (line 282)
                      ; - java.util.LinkedList::remove@1 (line 696)
                      ; - com.sun.prism.impl.Disposer::processDisposalQueue@14 (line 184)
                      ; - com.sun.prism.impl.Disposer::cleanUp@9 (line 130)
                      ; - com.sun.javafx.tk.quantum.PresentingPainter::run@549 (line 117)
  0x000001eab80f2b18: 64bf d106 

  0x000001eab80f2b1c: ;   {other}
  0x000001eab80f2b1c: 0f1f 8400 | 8ca3 005f | 4885 c075 

  0x000001eab80f2b28: ;   {metadata(method data for {method} {0x000001eb11d540e0} 'processDisposalQueue' '()V' in 'com/sun/prism/impl/Disposer')}
  0x000001eab80f2b28: 1648 bf80 | 8ef3 11eb | 0100 0080 | 8f99 0100 | 0001 e9e7 

  0x000001eab80f2b3c: ;   {metadata('com/sun/prism/impl/Disposer$Record')}
  0x000001eab80f2b3c: 0000 0048 | bb88 4924 | d1ea 0100 | 008b 7808 | 49ba 0000 | 00d0 ea01 | 0000 4903 | fa48 3b5f 
  0x000001eab80f2b5c: 200f 841a | 0000 0048 | 3bfb 0f84 | 1100 0000 

  0x000001eab80f2b6c: ;   {runtime_call slow_subtype_check Runtime1 stub}
  0x000001eab80f2b6c: 5753 e80d | 4cde 065f | 5f85 ff0f | 848d 0000 

  0x000001eab80f2b7c: ;   {metadata(method data for {method} {0x000001eb11d540e0} 'processDisposalQueue' '()V' in 'com/sun/prism/impl/Disposer')}
  0x000001eab80f2b7c: 0048 bf80 | 8ef3 11eb | 0100 008b | 5808 49ba | 0000 00d0 | ea01 0000 | 4903 da48 | 3b9f b001 
  0x000001eab80f2b9c: 0000 750d | 4883 87b8 | 0100 0001 | e979 0000 | 0048 3b9f | c001 0000 | 750d 4883 | 87c8 0100 
  0x000001eab80f2bbc: 0001 e963 | 0000 0048 | 83bf b001 | 0000 0075 | 1748 899f | b001 0000 | 48c7 87b8 | 0100 0001 
  0x000001eab80f2bdc: 0000 00e9 | 4200 0000 | 4883 bfc0 | 0100 0000 | 7517 4889 | 9fc0 0100 | 0048 c787 | c801 0000 
  0x000001eab80f2bfc: 0100 0000 | e921 0000 | 00e9 1c00 

  0x000001eab80f2c08: ;   {metadata(method data for {method} {0x000001eb11d540e0} 'processDisposalQueue' '()V' in 'com/sun/prism/impl/Disposer')}
  0x000001eab80f2c08: 0000 48bf | 808e f311 | eb01 0000 | 4883 afa0 | 0100 0001 | e956 4000 | 00e9 0000 | 0000 488b 
  0x000001eab80f2c28: d048 3b02 

  0x000001eab80f2c2c: ;   {metadata(method data for {method} {0x000001eb11d540e0} 'processDisposalQueue' '()V' in 'com/sun/prism/impl/Disposer')}
  0x000001eab80f2c2c: 488b f248 | bf80 8ef3 | 11eb 0100 | 008b 7608 | 49ba 0000 | 00d0 ea01 | 0000 4903 | f248 3bb7 
  0x000001eab80f2c4c: e801 0000 | 750d 4883 | 87f0 0100 | 0001 e960 | 0000 0048 | 3bb7 f801 | 0000 750d | 4883 8700 
  0x000001eab80f2c6c: 0200 0001 | e94a 0000 | 0048 83bf | e801 0000 | 0075 1748 | 89b7 e801 | 0000 48c7 | 87f0 0100 
  0x000001eab80f2c8c: 0001 0000 | 00e9 2900 | 0000 4883 | bff8 0100 | 0000 7517 | 4889 b7f8 | 0100 0048 | c787 0002 
  0x000001eab80f2cac: 0000 0100 | 0000 e908 | 0000 0048 | 8387 d801 | 0000 0166 | 0f1f 4400 | 0048 b8ff | ffff ffff 
  0x000001eab80f2ccc: ;   {virtual_call}
  0x000001eab80f2ccc: ffff ffe8 

  0x000001eab80f2cd0: ; ImmutableOopMap {[232]=Oop [608]=Oop [752]=Oop }
                      ;*invokeinterface dispose {reexecute=0 rethrow=0 return_oop=0}
                      ; - com.sun.prism.impl.Disposer::processDisposalQueue@20 (line 184)
                      ; - com.sun.prism.impl.Disposer::cleanUp@9 (line 130)
                      ; - com.sun.javafx.tk.quantum.PresentingPainter::run@549 (line 117)
  0x000001eab80f2cd0: acc0 d106 

  0x000001eab80f2cd4: ;   {other}
  0x000001eab80f2cd4: 0f1f 8400 | 44a5 0060 

  0x000001eab80f2cdc: ;   {metadata(method data for {method} {0x000001eb11d540e0} 'processDisposalQueue' '()V' in 'com/sun/prism/impl/Disposer')}
  0x000001eab80f2cdc: 48b8 808e | f311 eb01 | 0000 448b | 80d0 0000 | 0041 83c0 | 0244 8980 | d000 0000 | 4181 e0fe 
  0x000001eab80f2cfc: 3f00 0045 | 85c0 0f84 | 7d3f 0000 | 4d8b 9750 

  0x000001eab80f2d0c: ; ImmutableOopMap {[232]=Oop [608]=Oop [752]=Oop }
                      ;*goto {reexecute=1 rethrow=0 return_oop=0}
                      ; - (reexecute) com.sun.prism.impl.Disposer::processDisposalQueue@25 (line 184)
                      ; - com.sun.prism.impl.Disposer::cleanUp@9 (line 130)
                      ; - com.sun.javafx.tk.quantum.PresentingPainter::run@549 (line 117)
                      ;   {poll}
  0x000001eab80f2d0c: 0400 0041 

  0x000001eab80f2d10: ;   {metadata(method data for {method} {0x000001eb11d540e0} 'processDisposalQueue' '()V' in 'com/sun/prism/impl/Disposer')}
  0x000001eab80f2d10: 8502 48b8 | 808e f311 | eb01 0000 | ff80 1002 | 0000 488b | b424 6002 | 0000 e989 | fbff ff48 
  0x000001eab80f2d30: 8d84 24e8 | 0200 004c | 8b00 4d85 | c00f 840f | 0000 0048 | 8b50 08f0 | 4c0f b102 | 0f85 543f 
  0x000001eab80f2d50: 0000 49ff | 8f48 0500 | 008b 9c24 | 5002 0000 

  0x000001eab80f2d60: ;   {metadata(method data for {method} {0x000001eb119dcc38} 'run' '()V' in 'com/sun/javafx/tk/quantum/PresentingPainter')}
  0x000001eab80f2d60: 85db 49b8 | 20ac f311 | eb01 0000 | 48ba f00f | 0000 0000 | 0000 740a | 48ba 0010 | 0000 0000 
  0x000001eab80f2d80: 0000 498b | 3410 488d | 7601 4989 | 3410 0f84 | 7802 0000 | 488b 9424 | e800 0000 | 448b 4228 
  0x000001eab80f2da0: 49c1 e003 

  0x000001eab80f2da4: ; implicit exception: dispatches to 0x000001eab80f6cbc
  0x000001eab80f2da4: 493b 0049 

  0x000001eab80f2da8: ;   {metadata(method data for {method} {0x000001eb119dcc38} 'run' '()V' in 'com/sun/javafx/tk/quantum/PresentingPainter')}
  0x000001eab80f2da8: 8bf0 48bf | 20ac f311 | eb01 0000 | 8b76 0849 | ba00 0000 | d0ea 0100 | 0049 03f2 | 483b b720 
  0x000001eab80f2dc8: 1000 0075 | 0d48 8387 | 2810 0000 | 01e9 6000 | 0000 483b | b730 1000 | 0075 0d48 | 8387 3810 
  0x000001eab80f2de8: 0000 01e9 | 4a00 0000 | 4883 bf20 | 1000 0000 | 7517 4889 | b720 1000 | 0048 c787 | 2810 0000 
  0x000001eab80f2e08: 0100 0000 | e929 0000 | 0048 83bf | 3010 0000 | 0075 1748 | 89b7 3010 | 0000 48c7 | 8738 1000 
  0x000001eab80f2e28: 0001 0000 | 00e9 0800 | 0000 4883 | 8710 1000 

  0x000001eab80f2e38: ;   {metadata(method data for {method} {0x000001eb119e29e0} 'unlock' '()V' in 'com/sun/prism/PresentableState')}
  0x000001eab80f2e38: 0001 48be | 5032 f411 | eb01 0000 | 8bbe cc00 | 0000 83c7 | 0289 becc | 0000 0081 | e7fe ff1f 
  0x000001eab80f2e58: 0085 ff0f | 8460 3e00 | 0041 8b58 | 6848 c1e3 | 0348 85db 

  0x000001eab80f2e6c: ;   {metadata(method data for {method} {0x000001eb119e29e0} 'unlock' '()V' in 'com/sun/prism/PresentableState')}
  0x000001eab80f2e6c: 49b8 5032 | f411 eb01 | 0000 48be | 1001 0000 | 0000 0000 | 740a 48be | 2001 0000 | 0000 0000 
  0x000001eab80f2e8c: 498b 3c30 | 488d 7f01 | 4989 3c30 | 0f84 6e01 | 0000 483b | 034c 8bc3 

  0x000001eab80f2ea4: ;   {metadata(method data for {method} {0x000001eb119e29e0} 'unlock' '()V' in 'com/sun/prism/PresentableState')}
  0x000001eab80f2ea4: 48be 5032 | f411 eb01 | 0000 458b | 4008 49ba | 0000 00d0 | ea01 0000 | 4d03 c24c | 3b86 4001 
  0x000001eab80f2ec4: 0000 750d | 4883 8648 | 0100 0001 | e960 0000 | 004c 3b86 | 5001 0000 | 750d 4883 | 8658 0100 
  0x000001eab80f2ee4: 0001 e94a | 0000 0048 | 83be 4001 | 0000 0075 | 174c 8986 | 4001 0000 | 48c7 8648 | 0100 0001 
  0x000001eab80f2f04: 0000 00e9 | 2900 0000 | 4883 be50 | 0100 0000 | 7517 4c89 | 8650 0100 | 0048 c786 | 5801 0000 
  0x000001eab80f2f24: 0100 0000 | e908 0000 | 0048 8386 | 3001 0000 

  0x000001eab80f2f34: ;   {metadata(method data for {method} {0x000001eb1153f840} 'unlock' '()V' in 'com/sun/glass/ui/View')}
  0x000001eab80f2f34: 0149 b8e8 | 90f3 11eb | 0100 0041 | 8bb0 cc00 | 0000 83c6 | 0241 89b0 | cc00 0000 | 81e6 feff 
  0x000001eab80f2f54: 1f00 85f6 | 0f84 893d | 0000 4c8b 

  0x000001eab80f2f60: ;   {metadata(method data for {method} {0x000001eb1153f840} 'unlock' '()V' in 'com/sun/glass/ui/View')}
  0x000001eab80f2f60: c348 bee8 | 90f3 11eb | 0100 0048 | 8386 1001 

  0x000001eab80f2f70: ;   {metadata(method data for {method} {0x000001eb1153d880} 'checkNotClosed' '()V' in 'com/sun/glass/ui/View')}
  0x000001eab80f2f70: 0000 0149 | b8c0 d9e4 | 11eb 0100 | 0041 8bb0 | cc00 0000 | 83c6 0241 | 89b0 cc00 | 0000 81e6 
  0x000001eab80f2f90: feff 1f00 | 85f6 0f84 | 6c3d 0000 | c5fb 1043 | 10c4 c1f9 | 7ec0 4983 

  0x000001eab80f2fa8: ;   {metadata(method data for {method} {0x000001eb1153d880} 'checkNotClosed' '()V' in 'com/sun/glass/ui/View')}
  0x000001eab80f2fa8: f800 49b8 | c0d9 e411 | eb01 0000 | 48be 2001 | 0000 0000 | 0000 740a | 48be 1001 | 0000 0000 
  0x000001eab80f2fc8: 0000 498b | 3c30 488d | 7f01 4989 | 3c30 0f84 | d521 0000 | c5fb 1043 | 10c4 c1f9 | 7ec0 488b 
  0x000001eab80f2fe8: ;   {metadata(method data for {method} {0x000001eb1153f840} 'unlock' '()V' in 'com/sun/glass/ui/View')}
  0x000001eab80f2fe8: f348 bfe8 | 90f3 11eb | 0100 0048 | 8387 6001 | 0000 0148 

  0x000001eab80f2ffc: ;   {optimized virtual_call}
  0x000001eab80f2ffc: 8bd3 90e8 

  0x000001eab80f3000: ; ImmutableOopMap {[232]=Oop }
                      ;*invokevirtual _end {reexecute=0 rethrow=0 return_oop=0}
                      ; - com.sun.glass.ui.View::unlock@9 (line 748)
                      ; - com.sun.prism.PresentableState::unlock@11 (line 296)
                      ; - com.sun.javafx.tk.quantum.PresentingPainter::run@560 (line 120)
  0x000001eab80f3000: 7cba d106 

  0x000001eab80f3004: ;   {other}
  0x000001eab80f3004: 0f1f 8400 | 74a8 0062 | 488b 9424 | e800 0000 | 448b 4228 | 49c1 e003 

  0x000001eab80f301c: ; implicit exception: dispatches to 0x000001eab80f6d29
  0x000001eab80f301c: 493b 0049 

  0x000001eab80f3020: ;   {metadata(method data for {method} {0x000001eb119dcc38} 'run' '()V' in 'com/sun/javafx/tk/quantum/PresentingPainter')}
  0x000001eab80f3020: 8bf0 48bf | 20ac f311 | eb01 0000 

  0x000001eab80f302c: ;   {metadata('com/sun/javafx/tk/quantum/SceneState')}
  0x000001eab80f302c: 49ba 2030 | 1ad1 ea01 | 0000 4c89 | 9758 1000 | 0048 8387 | 6010 0000 | 0145 8b40 | 6c49 c1e0 
  0x000001eab80f304c: 034d 85c0 

  0x000001eab80f3050: ;   {metadata(method data for {method} {0x000001eb119dcc38} 'run' '()V' in 'com/sun/javafx/tk/quantum/PresentingPainter')}
  0x000001eab80f3050: 7516 48bf | 20ac f311 | eb01 0000 | 808f 7910 | 0000 01e9 | ce00 0000 

  0x000001eab80f3068: ;   {metadata('com/sun/javafx/tk/quantum/ViewScene')}
  0x000001eab80f3068: 48bb 08e4 | 19d1 ea01 | 0000 418b | 7008 49ba | 0000 00d0 | ea01 0000 | 4903 f248 | 3bde 0f85 
  0x000001eab80f3088: 8e00 0000 

  0x000001eab80f308c: ;   {metadata(method data for {method} {0x000001eb119dcc38} 'run' '()V' in 'com/sun/javafx/tk/quantum/PresentingPainter')}
  0x000001eab80f308c: 48bf 20ac | f311 eb01 | 0000 418b | 5808 49ba | 0000 00d0 | ea01 0000 | 4903 da48 | 3b9f 9010 
  0x000001eab80f30ac: 0000 750d | 4883 8798 | 1000 0001 | e979 0000 | 0048 3b9f | a010 0000 | 750d 4883 | 87a8 1000 
  0x000001eab80f30cc: 0001 e963 | 0000 0048 | 83bf 9010 | 0000 0075 | 1748 899f | 9010 0000 | 48c7 8798 | 1000 0001 
  0x000001eab80f30ec: 0000 00e9 | 4200 0000 | 4883 bfa0 | 1000 0000 | 7517 4889 | 9fa0 1000 | 0048 c787 | a810 0000 
  0x000001eab80f310c: 0100 0000 | e921 0000 | 00e9 1c00 

  0x000001eab80f3118: ;   {metadata(method data for {method} {0x000001eb119dcc38} 'run' '()V' in 'com/sun/javafx/tk/quantum/PresentingPainter')}
  0x000001eab80f3118: 0000 48bf | 20ac f311 | eb01 0000 | 4883 af80 | 1000 0001 | e9fd 3b00 | 00e9 0000 | 0000 493b 
  0x000001eab80f3138: 0049 8bf0 

  0x000001eab80f313c: ;   {metadata(method data for {method} {0x000001eb119dcc38} 'run' '()V' in 'com/sun/javafx/tk/quantum/PresentingPainter')}
  0x000001eab80f313c: 48bf 20ac | f311 eb01 | 0000 8b76 | 0849 ba00 | 0000 d0ea | 0100 0049 | 03f2 483b | b7c8 1000 
  0x000001eab80f315c: 0075 0d48 | 8387 d010 | 0000 01e9 | 6000 0000 | 483b b7d8 | 1000 0075 | 0d48 8387 | e010 0000 
  0x000001eab80f317c: 01e9 4a00 | 0000 4883 | bfc8 1000 | 0000 7517 | 4889 b7c8 | 1000 0048 | c787 d010 | 0000 0100 
  0x000001eab80f319c: 0000 e929 | 0000 0048 | 83bf d810 | 0000 0075 | 1748 89b7 | d810 0000 | 48c7 87e0 | 1000 0001 
  0x000001eab80f31bc: 0000 00e9 | 0800 0000 | 4883 87b8 | 1000 0001 

  0x000001eab80f31cc: ;   {metadata(method data for {method} {0x000001eb1151dd70} 'setPainting' '(Z)Z' in 'com/sun/javafx/tk/quantum/GlassScene')}
  0x000001eab80f31cc: 48be 5810 | e611 eb01 | 0000 8bbe | cc00 0000 | 83c7 0289 | becc 0000 | 0081 e7fe | ff1f 0085 
  0x000001eab80f31ec: ff0f 8449 | 3b00 0041 | 8b58 3848 | c1e3 0348 | 3b03 4c8b 

  0x000001eab80f3200: ;   {metadata(method data for {method} {0x000001eb1151dd70} 'setPainting' '(Z)Z' in 'com/sun/javafx/tk/quantum/GlassScene')}
  0x000001eab80f3200: c348 be58 | 10e6 11eb | 0100 0048 | 8386 1001 

  0x000001eab80f3210: ;   {metadata(method data for {method} {0x000001eb1112f1e0} 'getAndSet' '(Z)Z' in 'java/util/concurrent/atomic/AtomicBoolean')}
  0x000001eab80f3210: 0000 0149 | b8b0 9eba | 11eb 0100 | 0041 8bb0 | cc00 0000 | 83c6 0241 | 89b0 cc00 | 0000 81e6 
  0x000001eab80f3230: feff 1f00 | 85f6 0f84 | 263b 0000 

  0x000001eab80f323c: ;   {metadata(method data for {method} {0x000001eb1112f1e0} 'getAndSet' '(Z)Z' in 'java/util/concurrent/atomic/AtomicBoolean')}
  0x000001eab80f323c: 49b8 b09e | ba11 eb01 | 0000 41ff | 8010 0100 

  0x000001eab80f324c: ;   {metadata(method data for {method} {0x000001ead0157d50} 'guard_LI_I' '(Ljava/lang/invoke/VarHandle;Ljava/lang/Object;ILjava/lang/invoke/VarHandle$AccessDescriptor;)I' in 'java/lang/invoke/VarHandleGuards')}
  0x000001eab80f324c: 0049 b8a8 | 5305 11eb | 0100 004d | 8d80 d803 

  0x000001eab80f325c: ;   {oop(a 'java/lang/invoke/VarHandleInts$FieldInstanceReadWrite'{0x000000070458d6d0})}
  0x000001eab80f325c: 0000 48be | d0d6 5804 | 0700 0000 | 4885 f675 | 0b41 f600 | 0175 05f0 | 4983 0801 

  0x000001eab80f3278: ;   {metadata(method data for {method} {0x000001eb1112f1e0} 'getAndSet' '(Z)Z' in 'java/util/concurrent/atomic/AtomicBoolean')}
  0x000001eab80f3278: 49b8 b09e | ba11 eb01 | 0000 4983 | 8048 0100 

  0x000001eab80f3288: ;   {metadata(method data for {method} {0x000001ead0157d50} 'guard_LI_I' '(Ljava/lang/invoke/VarHandle;Ljava/lang/Object;ILjava/lang/invoke/VarHandle$AccessDescriptor;)I' in 'java/lang/invoke/VarHandleGuards')}
  0x000001eab80f3288: 0001 49b8 | a853 0511 | eb01 0000 | 418b b8cc | 0000 0083 | c702 4189 | b8cc 0000 | 0081 e7fe 
  0x000001eab80f32a8: ff1f 0085 | ff0f 84d0 

  0x000001eab80f32b0: ;   {metadata(method data for {method} {0x000001ead0157d50} 'guard_LI_I' '(Ljava/lang/invoke/VarHandle;Ljava/lang/Object;ILjava/lang/invoke/VarHandle$AccessDescriptor;)I' in 'java/lang/invoke/VarHandleGuards')}
  0x000001eab80f32b0: 3a00 0049 | b8a8 5305 | 11eb 0100 | 004d 8d80 | 4801 0000 

  0x000001eab80f32c4: ;   {oop(a 'java/lang/invoke/VarHandle$AccessDescriptor'{0x000000070444d1c0})}
  0x000001eab80f32c4: 48bf c0d1 | 4404 0700 | 0000 4885 | ff75 0d41 | f640 0801 | 7506 f049 | 8348 0801 

  0x000001eab80f32e0: ;   {metadata(method data for {method} {0x000001ead0157d50} 'guard_LI_I' '(Ljava/lang/invoke/VarHandle;Ljava/lang/Object;ILjava/lang/invoke/VarHandle$AccessDescriptor;)I' in 'java/lang/invoke/VarHandleGuards')}
  0x000001eab80f32e0: 49b8 a853 | 0511 eb01 | 0000 8b76 | 0849 ba00 | 0000 d0ea | 0100 0049 | 03f2 493b | b020 0100 
  0x000001eab80f3300: 0075 0d49 | 8380 2801 | 0000 01e9 | 6000 0000 | 493b b030 | 0100 0075 | 0d49 8380 | 3801 0000 
  0x000001eab80f3320: 01e9 4a00 | 0000 4983 | b820 0100 | 0000 7517 | 4989 b020 | 0100 0049 | c780 2801 | 0000 0100 
  0x000001eab80f3340: 0000 e929 | 0000 0049 | 83b8 3001 | 0000 0075 | 1749 89b0 | 3001 0000 | 49c7 8038 | 0100 0001 
  0x000001eab80f3360: 0000 00e9 | 0800 0000 | 4983 8010 | 0100 0001 

  0x000001eab80f3370: ;   {metadata(method data for {method} {0x000001ead0093f08} 'checkAccessModeThenIsDirect' '(Ljava/lang/invoke/VarHandle$AccessDescriptor;)Z' in 'java/lang/invoke/VarHandle')}
  0x000001eab80f3370: 49b8 9857 | 0511 eb01 | 0000 418b | b0cc 0000 | 0083 c602 | 4189 b0cc | 0000 0081 | e6fe ff1f 
  0x000001eab80f3390: 0085 f60f | 840b 3a00 

  0x000001eab80f3398: ;   {metadata(method data for {method} {0x000001ead0093f08} 'checkAccessModeThenIsDirect' '(Ljava/lang/invoke/VarHandle$AccessDescriptor;)Z' in 'java/lang/invoke/VarHandle')}
  0x000001eab80f3398: 0049 b898 | 5705 11eb | 0100 0041 | ff80 1001 

  0x000001eab80f33a8: ;   {metadata(method data for {method} {0x000001ead0157d50} 'guard_LI_I' '(Ljava/lang/invoke/VarHandle;Ljava/lang/Object;ILjava/lang/invoke/VarHandle$AccessDescriptor;)I' in 'java/lang/invoke/VarHandleGuards')}
  0x000001eab80f33a8: 0000 49b8 | a853 0511 | eb01 0000 | 41ff 8070 

  0x000001eab80f33b8: ;   {metadata(method data for {method} {0x000001ead0157d50} 'guard_LI_I' '(Ljava/lang/invoke/VarHandle;Ljava/lang/Object;ILjava/lang/invoke/VarHandle$AccessDescriptor;)I' in 'java/lang/invoke/VarHandleGuards')}
  0x000001eab80f33b8: 0100 0049 | b8a8 5305 | 11eb 0100 | 0041 ff80 | 9001 0000 

  0x000001eab80f33cc: ;   {oop(a 'java/lang/invoke/VarForm'{0x00000007045949a0})}
  0x000001eab80f33cc: 49b8 a049 | 5904 0700 

  0x000001eab80f33d4: ;   {metadata(method data for {method} {0x000001ead0157d50} 'guard_LI_I' '(Ljava/lang/invoke/VarHandle;Ljava/lang/Object;ILjava/lang/invoke/VarHandle$AccessDescriptor;)I' in 'java/lang/invoke/VarHandleGuards')}
  0x000001eab80f33d4: 0000 48be | a853 0511 | eb01 0000 | 4883 86a0 | 0100 0001 

  0x000001eab80f33e8: ;   {metadata(method data for {method} {0x000001ead0155cf0} 'getMemberName' '(I)Ljava/lang/invoke/MemberName;' in 'java/lang/invoke/VarForm')}
  0x000001eab80f33e8: 49b8 c863 | 0511 eb01 | 0000 418b | b0cc 0000 | 0083 c602 | 4189 b0cc | 0000 0081 | e6fe ff1f 
  0x000001eab80f3408: 0085 f60f | 84b4 3900 

  0x000001eab80f3410: ;   {metadata(method data for {method} {0x000001ead0155cf0} 'getMemberName' '(I)Ljava/lang/invoke/MemberName;' in 'java/lang/invoke/VarForm')}
  0x000001eab80f3410: 0049 b8c8 | 6305 11eb | 0100 0041 | ff80 1001 

  0x000001eab80f3420: ;   {metadata(method data for {method} {0x000001ead0157d50} 'guard_LI_I' '(Ljava/lang/invoke/VarHandle;Ljava/lang/Object;ILjava/lang/invoke/VarHandle$AccessDescriptor;)I' in 'java/lang/invoke/VarHandleGuards')}
  0x000001eab80f3420: 0000 49b8 | a853 0511 | eb01 0000 | 4d8d 80d8 

  0x000001eab80f3430: ;   {oop(a 'java/lang/invoke/MemberName'{0x0000000704594de0} = {method} {0x000001eb110e9768} 'getAndSet' '(Ljava/lang/invoke/VarHandle;Ljava/lang/Object;I)I' in 'java/lang/invoke/VarHandleInts$FieldInstanceReadWrite')}
  0x000001eab80f3430: 0100 0048 | bee0 4d59 | 0407 0000 | 0048 85f6 | 750b 41f6 | 0001 7505 | f049 8308 

  0x000001eab80f344c: ;   {metadata(method data for {method} {0x000001ead0157d50} 'guard_LI_I' '(Ljava/lang/invoke/VarHandle;Ljava/lang/Object;ILjava/lang/invoke/VarHandle$AccessDescriptor;)I' in 'java/lang/invoke/VarHandleGuards')}
  0x000001eab80f344c: 0149 b8a8 | 5305 11eb | 0100 004d | 8d80 f801 

  0x000001eab80f345c: ;   {oop(a 'java/lang/invoke/VarHandleInts$FieldInstanceReadWrite'{0x000000070458d6d0})}
  0x000001eab80f345c: 0000 48be | d0d6 5804 | 0700 0000 | 4885 f675 | 0d41 f640 | 0801 7506 | f049 8348 

  0x000001eab80f3478: ;   {metadata(method data for {method} {0x000001ead0157d50} 'guard_LI_I' '(Ljava/lang/invoke/VarHandle;Ljava/lang/Object;ILjava/lang/invoke/VarHandle$AccessDescriptor;)I' in 'java/lang/invoke/VarHandleGuards')}
  0x000001eab80f3478: 0801 49b8 | a853 0511 | eb01 0000 | 4983 80e8 | 0100 0001 

  0x000001eab80f348c: ;   {metadata(method data for {method} {0x000001eb110e9768} 'getAndSet' '(Ljava/lang/invoke/VarHandle;Ljava/lang/Object;I)I' in 'java/lang/invoke/VarHandleInts$FieldInstanceReadWrite')}
  0x000001eab80f348c: 49b8 c8a0 | ba11 eb01 | 0000 418b | b0cc 0000 | 0083 c602 | 4189 b0cc | 0000 0081 | e6fe ff1f 
  0x000001eab80f34ac: 0085 f60f | 8431 3900 

  0x000001eab80f34b4: ;   {oop(a 'java/lang/Class'{0x000000070458d6f8} = 'java/util/concurrent/atomic/AtomicBoolean')}
  0x000001eab80f34b4: 0049 b8f8 | d658 0407 

  0x000001eab80f34bc: ;   {metadata(method data for {method} {0x000001eb110e9768} 'getAndSet' '(Ljava/lang/invoke/VarHandle;Ljava/lang/Object;I)I' in 'java/lang/invoke/VarHandleInts$FieldInstanceReadWrite')}
  0x000001eab80f34bc: 0000 0048 | bec8 a0ba | 11eb 0100 | 0048 8386 | 4801 0000 

  0x000001eab80f34d0: ;   {metadata(method data for {method} {0x000001ead046e870} 'cast' '(Ljava/lang/Object;)Ljava/lang/Object;' in 'java/lang/Class')}
  0x000001eab80f34d0: 0149 b8e8 | 7713 11eb | 0100 0041 | 8bb0 cc00 | 0000 83c6 | 0241 89b0 | cc00 0000 | 81e6 feff 
  0x000001eab80f34f0: 1f00 85f6 | 0f84 0d39 | 0000 4885 

  0x000001eab80f34fc: ;   {metadata(method data for {method} {0x000001ead046e870} 'cast' '(Ljava/lang/Object;)Ljava/lang/Object;' in 'java/lang/Class')}
  0x000001eab80f34fc: db49 b8e8 | 7713 11eb | 0100 0048 | be10 0100 | 0000 0000 | 0074 0a48 | be20 0100 | 0000 0000 
  0x000001eab80f351c: 0049 8b3c | 3048 8d7f | 0149 893c | 300f 8492 

  0x000001eab80f352c: ;   {oop(a 'java/lang/Class'{0x000000070458d6f8} = 'java/util/concurrent/atomic/AtomicBoolean')}
  0x000001eab80f352c: 0000 0049 | b8f8 d658 | 0407 0000 

  0x000001eab80f3538: ;   {metadata(method data for {method} {0x000001ead046e870} 'cast' '(Ljava/lang/Object;)Ljava/lang/Object;' in 'java/lang/Class')}
  0x000001eab80f3538: 0048 bee8 | 7713 11eb | 0100 0048 | 8386 3001 | 0000 0148 | 85db 0f84 | 2900 0000 

  0x000001eab80f3554: ;   {metadata('java/util/concurrent/atomic/AtomicBoolean')}
  0x000001eab80f3554: 48b8 50ac | 05d1 ea01 | 0000 8b7b | 0849 ba00 | 0000 d0ea | 0100 0049 | 03fa 483b | 4738 0f85 
  0x000001eab80f3574: 0500 0000 | e905 0000 | 004d 33c0 | eb0a 49b8 | 0100 0000 | 0000 0000 

  0x000001eab80f358c: ;   {metadata(method data for {method} {0x000001ead046e870} 'cast' '(Ljava/lang/Object;)Ljava/lang/Object;' in 'java/lang/Class')}
  0x000001eab80f358c: 4585 c049 | b8e8 7713 | 11eb 0100 | 0048 be78 | 0100 0000 | 0000 0074 | 0a48 be68 | 0100 0000 
  0x000001eab80f35ac: 0000 0049 | 8b3c 3048 | 8d7f 0149 | 893c 300f | 8418 1b00 

  0x000001eab80f35c0: ;   {metadata(method data for {method} {0x000001eb110e9768} 'getAndSet' '(Ljava/lang/invoke/VarHandle;Ljava/lang/Object;I)I' in 'java/lang/invoke/VarHandleInts$FieldInstanceReadWrite')}
  0x000001eab80f35c0: 0049 b8c8 | a0ba 11eb | 0100 0049 | 8380 8001 

  0x000001eab80f35d0: ;   {metadata(method data for {method} {0x000001ead00564a0} 'requireNonNull' '(Ljava/lang/Object;)Ljava/lang/Object;' in 'java/util/Objects')}
  0x000001eab80f35d0: 0000 0149 | b8e0 3b01 | 11eb 0100 | 0041 8bb0 | cc00 0000 | 83c6 0241 | 89b0 cc00 | 0000 81e6 
  0x000001eab80f35f0: feff 1f00 | 85f6 0f84 | 2c38 0000 

  0x000001eab80f35fc: ;   {metadata(method data for {method} {0x000001ead00564a0} 'requireNonNull' '(Ljava/lang/Object;)Ljava/lang/Object;' in 'java/util/Objects')}
  0x000001eab80f35fc: 4885 db49 | b8e0 3b01 | 11eb 0100 | 0048 be20 | 0100 0000 | 0000 0074 | 0a48 be10 | 0100 0000 
  0x000001eab80f361c: 0000 0049 | 8b3c 3048 | 8d7f 0149 | 893c 300f | 840b 1a00 | 004c 8d43 | 0cbe 0000 | 0000 4187 
  0x000001eab80f363c: ;   {metadata(method data for {method} {0x000001eb1112f1e0} 'getAndSet' '(Z)Z' in 'java/util/concurrent/atomic/AtomicBoolean')}
  0x000001eab80f363c: 3085 f649 | b8b0 9eba | 11eb 0100 | 0048 be98 | 0100 0000 | 0000 0074 | 0a48 bea8 | 0100 0000 
  0x000001eab80f365c: 0000 0049 | 8b3c 3048 | 8d7f 0149 | 893c 300f | 841c 0000 

  0x000001eab80f3670: ;   {metadata(method data for {method} {0x000001eb1112f1e0} 'getAndSet' '(Z)Z' in 'java/util/concurrent/atomic/AtomicBoolean')}
  0x000001eab80f3670: 0049 b8b0 | 9eba 11eb | 0100 0041 | ff80 b801 | 0000 41b8 | 0100 0000 | e906 0000 | 0041 b800 
  0x000001eab80f3690: 0000 0041 | 83e0 0141 | 83e0 0144 | 8b42 3049 | c1e0 034d 

  0x000001eab80f36a4: ;   {metadata(method data for {method} {0x000001eb119dcc38} 'run' '()V' in 'com/sun/javafx/tk/quantum/PresentingPainter')}
  0x000001eab80f36a4: 85c0 48ba | 20ac f311 | eb01 0000 | 48be f010 | 0000 0000 | 0000 740a | 48be 0011 | 0000 0000 
  0x000001eab80f36c4: 0000 488b | 3c32 488d | 7f01 4889 | 3c32 0f84 | 3c01 0000 | 4d85 c00f | 842a 0000 

  0x000001eab80f36e0: ;   {metadata('com/sun/prism/d3d/D3DResourceFactory')}
  0x000001eab80f36e0: 0048 bb50 | d102 d1ea | 0100 0041 | 8b78 0849 | ba00 0000 | d0ea 0100 | 0049 03fa | 483b 5f48 
  0x000001eab80f3700: 0f85 4337 | 0000 e900 | 0000 0049 | 8bd0 493b 

  0x000001eab80f3710: ;   {metadata(method data for {method} {0x000001eb119dcc38} 'run' '()V' in 'com/sun/javafx/tk/quantum/PresentingPainter')}
  0x000001eab80f3710: 0048 ba20 | acf3 11eb 

  0x000001eab80f3718: ;   {metadata('com/sun/prism/d3d/D3DResourceFactory')}
  0x000001eab80f3718: 0100 0049 | ba50 d102 | d1ea 0100 | 004c 8992 | 2011 0000 | 4883 8228 | 1100 0001 

  0x000001eab80f3734: ;   {metadata(method data for {method} {0x000001eb1150e910} 'getTextureResourcePool' '()Lcom/sun/prism/impl/TextureResourcePool;' in 'com/sun/prism/d3d/D3DResourceFactory')}
  0x000001eab80f3734: 49b8 5093 | f311 eb01 | 0000 418b | 90cc 0000 | 0083 c202 | 4189 90cc | 0000 0081 | e2fe ff1f 
  0x000001eab80f3754: 0085 d20f | 84f6 3600 

  0x000001eab80f375c: ;   {oop(a 'com/sun/prism/d3d/D3DVramPool'{0x0000000704d175f8})}
  0x000001eab80f375c: 0048 baf8 | 75d1 0407 | 0000 004c 

  0x000001eab80f3768: ;   {metadata(method data for {method} {0x000001eb119dcc38} 'run' '()V' in 'com/sun/javafx/tk/quantum/PresentingPainter')}
  0x000001eab80f3768: 8bc2 48be | 20ac f311 | eb01 0000 | 458b 4008 | 49ba 0000 | 00d0 ea01 | 0000 4d03 | c24c 3b86 
  0x000001eab80f3788: 5811 0000 | 750d 4883 | 8660 1100 | 0001 e960 | 0000 004c | 3b86 6811 | 0000 750d | 4883 8670 
  0x000001eab80f37a8: 1100 0001 | e94a 0000 | 0048 83be | 5811 0000 | 0075 174c | 8986 5811 | 0000 48c7 | 8660 1100 
  0x000001eab80f37c8: 0001 0000 | 00e9 2900 | 0000 4883 | be68 1100 | 0000 7517 | 4c89 8668 | 1100 0048 | c786 7011 
  0x000001eab80f37e8: 0000 0100 | 0000 e908 | 0000 0048 | 8386 4811 | 0000 0141 | b801 0000 | 0066 0f1f 

  0x000001eab80f3804: ;   {optimized virtual_call}
  0x000001eab80f3804: 4400 00e8 

  0x000001eab80f3808: ; ImmutableOopMap {}
                      ;*invokeinterface freeDisposalRequestedAndCheckResources {reexecute=0 rethrow=0 return_oop=0}
                      ; - com.sun.javafx.tk.quantum.PresentingPainter::run@599 (line 127)
  0x000001eab80f3808: 74b2 d106 

  0x000001eab80f380c: ;   {other}
  0x000001eab80f380c: 0f1f 8400 | 7cb0 0063 

  0x000001eab80f3814: ;   {oop(a 'java/util/concurrent/locks/ReentrantLock'{0x000000070494c798})}
  0x000001eab80f3814: 49b8 98c7 | 9404 0700 | 0000 498b 

  0x000001eab80f3820: ;   {metadata(method data for {method} {0x000001eb119dcc38} 'run' '()V' in 'com/sun/javafx/tk/quantum/PresentingPainter')}
  0x000001eab80f3820: d048 be20 | acf3 11eb | 0100 008b | 5208 49ba | 0000 00d0 | ea01 0000 | 4903 d248 | 3b96 9011 
  0x000001eab80f3840: 0000 750d | 4883 8698 | 1100 0001 | e960 0000 | 0048 3b96 | a011 0000 | 750d 4883 | 86a8 1100 
  0x000001eab80f3860: 0001 e94a | 0000 0048 | 83be 9011 | 0000 0075 | 1748 8996 | 9011 0000 | 48c7 8698 | 1100 0001 
  0x000001eab80f3880: 0000 00e9 | 2900 0000 | 4883 bea0 | 1100 0000 | 7517 4889 | 96a0 1100 | 0048 c786 | a811 0000 
  0x000001eab80f38a0: 0100 0000 | e908 0000 | 0048 8386 | 8011 0000 

  0x000001eab80f38b0: ;   {metadata(method data for {method} {0x000001ead017ee20} 'unlock' '()V' in 'java/util/concurrent/locks/ReentrantLock')}
  0x000001eab80f38b0: 0148 bae0 | 6113 11eb | 0100 008b | b2cc 0000 | 0083 c602 | 89b2 cc00 | 0000 81e6 | feff 1f00 
  0x000001eab80f38d0: 85f6 0f84 | 9c35 0000 | 418b 700c | 48c1 e603 

  0x000001eab80f38e0: ; implicit exception: dispatches to 0x000001eab80f6e95
  0x000001eab80f38e0: 483b 064c 

  0x000001eab80f38e4: ;   {metadata(method data for {method} {0x000001ead017ee20} 'unlock' '()V' in 'java/util/concurrent/locks/ReentrantLock')}
  0x000001eab80f38e4: 8bc6 48ba | e061 1311 | eb01 0000 | 4883 8210 | 0100 0001 

  0x000001eab80f38f8: ;   {metadata(method data for {method} {0x000001ead01b01a8} 'release' '(I)Z' in 'java/util/concurrent/locks/AbstractQueuedSynchronizer')}
  0x000001eab80f38f8: 49b8 6863 | 1311 eb01 | 0000 418b | 90cc 0000 | 0083 c202 | 4189 90cc | 0000 0081 | e2fe ff1f 
  0x000001eab80f3918: 0085 d20f | 8479 3500 | 004c 8bc6 

  0x000001eab80f3924: ;   {metadata(method data for {method} {0x000001ead01b01a8} 'release' '(I)Z' in 'java/util/concurrent/locks/AbstractQueuedSynchronizer')}
  0x000001eab80f3924: 48ba 6863 | 1311 eb01 | 0000 458b | 4008 49ba | 0000 00d0 | ea01 0000 | 4d03 c24c | 3b82 2001 
  0x000001eab80f3944: 0000 750d | 4883 8228 | 0100 0001 | e960 0000 | 004c 3b82 | 3001 0000 | 750d 4883 | 8238 0100 
  0x000001eab80f3964: 0001 e94a | 0000 0048 | 83ba 2001 | 0000 0075 | 174c 8982 | 2001 0000 | 48c7 8228 | 0100 0001 
  0x000001eab80f3984: 0000 00e9 | 2900 0000 | 4883 ba30 | 0100 0000 | 7517 4c89 | 8230 0100 | 0048 c782 | 3801 0000 
  0x000001eab80f39a4: 0100 0000 | e908 0000 | 0048 8382 | 1001 0000 | 0141 b801 | 0000 0048 | 8bd6 4889 | b424 6802 
  0x000001eab80f39c4: ;   {optimized virtual_call}
  0x000001eab80f39c4: 0000 90e8 

  0x000001eab80f39c8: ; ImmutableOopMap {[616]=Oop }
                      ;*invokevirtual tryRelease {reexecute=0 rethrow=0 return_oop=0}
                      ; - java.util.concurrent.locks.AbstractQueuedSynchronizer::release@2 (line 1059)
                      ; - java.util.concurrent.locks.ReentrantLock::unlock@5 (line 494)
                      ; - com.sun.javafx.tk.quantum.PresentingPainter::run@607 (line 130)
  0x000001eab80f39c8: b4b0 d106 

  0x000001eab80f39cc: ;   {other}
  0x000001eab80f39cc: 0f1f 8400 | 3cb2 0064 

  0x000001eab80f39d4: ;   {metadata(method data for {method} {0x000001ead01b01a8} 'release' '(I)Z' in 'java/util/concurrent/locks/AbstractQueuedSynchronizer')}
  0x000001eab80f39d4: 85c0 48ba | 6863 1311 | eb01 0000 | 48be 4801 | 0000 0000 | 0000 740a | 48be 5801 | 0000 0000 
  0x000001eab80f39f4: 0000 488b | 3c32 488d | 7f01 4889 | 3c32 0f84 | 3e00 0000 | 488b b424 | 6802 0000 | 8b56 1448 
  0x000001eab80f3a14: ;   {metadata(method data for {method} {0x000001ead01b01a8} 'release' '(I)Z' in 'java/util/concurrent/locks/AbstractQueuedSynchronizer')}
  0x000001eab80f3a14: c1e2 0348 | be68 6313 | 11eb 0100 | 0048 8386 | 6801 0000 | 0166 0f1f 

  0x000001eab80f3a2c: ;   {static_call}
  0x000001eab80f3a2c: 4400 00e8 

  0x000001eab80f3a30: ; ImmutableOopMap {}
                      ;*invokestatic signalNext {reexecute=0 rethrow=0 return_oop=0}
                      ; - java.util.concurrent.locks.AbstractQueuedSynchronizer::release@12 (line 1060)
                      ; - java.util.concurrent.locks.ReentrantLock::unlock@5 (line 494)
                      ; - com.sun.javafx.tk.quantum.PresentingPainter::run@607 (line 130)
  0x000001eab80f3a30: 4cb6 d106 

  0x000001eab80f3a34: ;   {other}
  0x000001eab80f3a34: 0f1f 8400 | a4b2 0065 | b801 0000 | 00e9 e212 | 0000 b800 | 0000 00e9 | d812 0000 | 488b 9424 
  0x000001eab80f3a54: e800 0000 | 498b 87f8 | 0400 004d | 33d2 4d89 | 97f8 0400 | 004d 33d2 | 4d89 9700 | 0500 0048 
  0x000001eab80f3a74: 8984 2480 

  0x000001eab80f3a78: ;   {metadata(method data for {method} {0x000001eb119dcc38} 'run' '()V' in 'com/sun/javafx/tk/quantum/PresentingPainter')}
  0x000001eab80f3a78: 0200 0048 | bb20 acf3 | 11eb 0100 | 0048 8383 | d011 0000 

  0x000001eab80f3a8c: ;   {metadata(method data for {method} {0x000001eb11d53d68} 'cleanUp' '()V' in 'com/sun/prism/impl/Disposer')}
  0x000001eab80f3a8c: 0148 bb38 | 89f3 11eb | 0100 008b | 8bcc 0000 | 0083 c102 | 898b cc00 | 0000 81e1 | feff 1f00 
  0x000001eab80f3aac: 85c9 0f84 | 0734 0000 

  0x000001eab80f3ab4: ;   {oop(a 'java/lang/Class'{0x0000000704d5c128} = 'com/sun/prism/impl/Disposer')}
  0x000001eab80f3ab4: 48bb 28c1 | d504 0700 | 0000 8b4b | 7048 c1e1 | 0348 3b01 

  0x000001eab80f3ac8: ;   {metadata(method data for {method} {0x000001eb11d53d68} 'cleanUp' '()V' in 'com/sun/prism/impl/Disposer')}
  0x000001eab80f3ac8: 4c8b c149 | b938 89f3 | 11eb 0100 | 0049 8381 | 1001 0000 | 0148 8bd1 | 4889 9c24 | 7002 0000 
  0x000001eab80f3ae8: 0f1f 8000 

  0x000001eab80f3aec: ;   {optimized virtual_call}
  0x000001eab80f3aec: 0000 00e8 

  0x000001eab80f3af0: ; ImmutableOopMap {[232]=Oop [624]=Oop [640]=Oop }
                      ;*invokevirtual disposeUnreachables {reexecute=0 rethrow=0 return_oop=0}
                      ; - com.sun.prism.impl.Disposer::cleanUp@3 (line 129)
                      ; - com.sun.javafx.tk.quantum.PresentingPainter::run@615 (line 117)
  0x000001eab80f3af0: 8caf d106 

  0x000001eab80f3af4: ;   {other}
  0x000001eab80f3af4: 0f1f 8400 | 64b3 0066 | 488b 9c24 | 7002 0000 | 8b73 7048 | c1e6 0348 | 89b4 2488 | 0200 0048 
  0x000001eab80f3b14: 3b06 488b 

  0x000001eab80f3b18: ;   {metadata(method data for {method} {0x000001eb11d53d68} 'cleanUp' '()V' in 'com/sun/prism/impl/Disposer')}
  0x000001eab80f3b18: c649 b838 | 89f3 11eb | 0100 0049 | 8380 4801 | 0000 014c | 8d84 24e8 | 0200 0049 | 8970 0848 
  0x000001eab80f3b38: 8b06 4883 | c801 4989 | 00f0 4c0f | b106 0f84 | 1200 0000 | 482b c448 | 2507 f0ff | ff49 8900 
  0x000001eab80f3b58: 0f85 8833 | 0000 49ff | 8748 0500 

  0x000001eab80f3b64: ;   {metadata(method data for {method} {0x000001eb11d540e0} 'processDisposalQueue' '()V' in 'com/sun/prism/impl/Disposer')}
  0x000001eab80f3b64: 0049 b880 | 8ef3 11eb | 0100 0041 | 8b90 cc00 | 0000 83c2 | 0241 8990 | cc00 0000 | 81e2 feff 
  0x000001eab80f3b84: 1f00 85d2 | 0f84 6b33 | 0000 6690 | 8b56 1448 | c1e2 0348 | 3b02 4c8b 

  0x000001eab80f3b9c: ;   {metadata(method data for {method} {0x000001eb11d540e0} 'processDisposalQueue' '()V' in 'com/sun/prism/impl/Disposer')}
  0x000001eab80f3b9c: c248 bf80 | 8ef3 11eb | 0100 0045 | 8b40 0849 | ba00 0000 | d0ea 0100 | 004d 03c2 | 4c3b 8720 
  0x000001eab80f3bbc: 0100 0075 | 0d48 8387 | 2801 0000 | 01e9 6000 | 0000 4c3b | 8730 0100 | 0075 0d48 | 8387 3801 
  0x000001eab80f3bdc: 0000 01e9 | 4a00 0000 | 4883 bf20 | 0100 0000 | 7517 4c89 | 8720 0100 | 0048 c787 | 2801 0000 
  0x000001eab80f3bfc: 0100 0000 | e929 0000 | 0048 83bf | 3001 0000 | 0075 174c | 8987 3001 | 0000 48c7 | 8738 0100 
  0x000001eab80f3c1c: 0001 0000 | 00e9 0800 | 0000 4883 | 8710 0100 

  0x000001eab80f3c2c: ;   {metadata(method data for {method} {0x000001ead005a568} 'isEmpty' '()Z' in 'java/util/AbstractCollection')}
  0x000001eab80f3c2c: 0001 49b8 | f0cd 3711 | eb01 0000 | 418b b8cc | 0000 0083 | c702 4189 | b8cc 0000 | 0081 e7fe 
  0x000001eab80f3c4c: ff1f 0085 | ff0f 84c8 | 3200 004c 

  0x000001eab80f3c58: ;   {metadata(method data for {method} {0x000001ead005a568} 'isEmpty' '()Z' in 'java/util/AbstractCollection')}
  0x000001eab80f3c58: 8bc2 48bf | f0cd 3711 | eb01 0000 | 448b 4210 

  0x000001eab80f3c68: ;   {metadata(method data for {method} {0x000001ead005a568} 'isEmpty' '()Z' in 'java/util/AbstractCollection')}
  0x000001eab80f3c68: 4585 c049 | b8f0 cd37 | 11eb 0100 | 0048 bf48 | 0100 0000 | 0000 0075 | 0a48 bf58 | 0100 0000 
  0x000001eab80f3c88: 0000 0049 | 8b1c 3848 | 8d5b 0149 | 891c 380f | 851c 0000 

  0x000001eab80f3c9c: ;   {metadata(method data for {method} {0x000001ead005a568} 'isEmpty' '()Z' in 'java/util/AbstractCollection')}
  0x000001eab80f3c9c: 0049 b8f0 | cd37 11eb | 0100 0041 | ff80 6801 | 0000 41b8 | 0100 0000 | e906 0000 | 0041 b800 
  0x000001eab80f3cbc: 0000 0041 | 83e0 0145 

  0x000001eab80f3cc4: ;   {metadata(method data for {method} {0x000001eb11d540e0} 'processDisposalQueue' '()V' in 'com/sun/prism/impl/Disposer')}
  0x000001eab80f3cc4: 85c0 49b8 | 808e f311 | eb01 0000 | 48bf 4801 | 0000 0000 | 0000 750a | 48bf 5801 | 0000 0000 
  0x000001eab80f3ce4: 0000 498b | 1c38 488d | 5b01 4989 | 1c38 0f85 | 0f03 0000 

  0x000001eab80f3cf8: ;   {metadata(method data for {method} {0x000001eb11d540e0} 'processDisposalQueue' '()V' in 'com/sun/prism/impl/Disposer')}
  0x000001eab80f3cf8: 4c8b c248 | bf80 8ef3 | 11eb 0100 

  0x000001eab80f3d04: ;   {metadata('java/util/LinkedList')}
  0x000001eab80f3d04: 0049 ba88 | d005 d1ea | 0100 004c | 8997 7801 | 0000 4883 | 8780 0100 

  0x000001eab80f3d1c: ;   {metadata(method data for {method} {0x000001eb1113e5d8} 'remove' '()Ljava/lang/Object;' in 'java/util/LinkedList')}
  0x000001eab80f3d1c: 0001 49b8 | 58fb bb11 | eb01 0000 | 418b b8cc | 0000 0083 | c702 4189 | b8cc 0000 | 0081 e7fe 
  0x000001eab80f3d3c: ff1f 0085 | ff0f 84f9 | 3100 004c 

  0x000001eab80f3d48: ;   {metadata(method data for {method} {0x000001eb1113e5d8} 'remove' '()Ljava/lang/Object;' in 'java/util/LinkedList')}
  0x000001eab80f3d48: 8bc2 48bf | 58fb bb11 | eb01 0000 

  0x000001eab80f3d54: ;   {metadata('java/util/LinkedList')}
  0x000001eab80f3d54: 49ba 88d0 | 05d1 ea01 | 0000 4c89 | 9720 0100 | 0048 8387 | 2801 0000 

  0x000001eab80f3d6c: ;   {metadata(method data for {method} {0x000001eb1113cd10} 'removeFirst' '()Ljava/lang/Object;' in 'java/util/LinkedList')}
  0x000001eab80f3d6c: 0149 b8e0 | fcbb 11eb | 0100 0041 | 8bb8 cc00 | 0000 83c7 | 0241 89b8 | cc00 0000 | 81e7 feff 
  0x000001eab80f3d8c: 1f00 85ff | 0f84 cb31 | 0000 448b | 4214 49c1 | e003 4d85 

  0x000001eab80f3da0: ;   {metadata(method data for {method} {0x000001eb1113cd10} 'removeFirst' '()Ljava/lang/Object;' in 'java/util/LinkedList')}
  0x000001eab80f3da0: c048 bfe0 | fcbb 11eb | 0100 0048 | bb20 0100 | 0000 0000 | 0074 0a48 | bb10 0100 | 0000 0000 
  0x000001eab80f3dc0: 0048 8b04 | 1f48 8d40 | 0148 8904 | 1f0f 84b6 | 1100 0048 

  0x000001eab80f3dd4: ;   {metadata(method data for {method} {0x000001eb1113cd10} 'removeFirst' '()Ljava/lang/Object;' in 'java/util/LinkedList')}
  0x000001eab80f3dd4: 8bfa 48bb | e0fc bb11 | eb01 0000 | 4883 8340 | 0100 0001 | 0f1f 8000 

  0x000001eab80f3dec: ;   {optimized virtual_call}
  0x000001eab80f3dec: 0000 00e8 

  0x000001eab80f3df0: ; ImmutableOopMap {[232]=Oop [640]=Oop [648]=Oop [752]=Oop }
                      ;*invokevirtual unlinkFirst {reexecute=0 rethrow=0 return_oop=0}
                      ; - java.util.LinkedList::removeFirst@19 (line 282)
                      ; - java.util.LinkedList::remove@1 (line 696)
                      ; - com.sun.prism.impl.Disposer::processDisposalQueue@14 (line 184)
                      ; - com.sun.prism.impl.Disposer::cleanUp@9 (line 130)
                      ; - com.sun.javafx.tk.quantum.PresentingPainter::run@615 (line 117)
  0x000001eab80f3df0: 8cac d106 

  0x000001eab80f3df4: ;   {other}
  0x000001eab80f3df4: 0f1f 8400 | 64b6 0067 | 4885 c075 

  0x000001eab80f3e00: ;   {metadata(method data for {method} {0x000001eb11d540e0} 'processDisposalQueue' '()V' in 'com/sun/prism/impl/Disposer')}
  0x000001eab80f3e00: 1648 bf80 | 8ef3 11eb | 0100 0080 | 8f99 0100 | 0001 e9e7 

  0x000001eab80f3e14: ;   {metadata('com/sun/prism/impl/Disposer$Record')}
  0x000001eab80f3e14: 0000 0048 | bb88 4924 | d1ea 0100 | 008b 7808 | 49ba 0000 | 00d0 ea01 | 0000 4903 | fa48 3b5f 
  0x000001eab80f3e34: 200f 841a | 0000 0048 | 3bfb 0f84 | 1100 0000 

  0x000001eab80f3e44: ;   {runtime_call slow_subtype_check Runtime1 stub}
  0x000001eab80f3e44: 5753 e835 | 39de 065f | 5f85 ff0f | 848d 0000 

  0x000001eab80f3e54: ;   {metadata(method data for {method} {0x000001eb11d540e0} 'processDisposalQueue' '()V' in 'com/sun/prism/impl/Disposer')}
  0x000001eab80f3e54: 0048 bf80 | 8ef3 11eb | 0100 008b | 5808 49ba | 0000 00d0 | ea01 0000 | 4903 da48 | 3b9f b001 
  0x000001eab80f3e74: 0000 750d | 4883 87b8 | 0100 0001 | e979 0000 | 0048 3b9f | c001 0000 | 750d 4883 | 87c8 0100 
  0x000001eab80f3e94: 0001 e963 | 0000 0048 | 83bf b001 | 0000 0075 | 1748 899f | b001 0000 | 48c7 87b8 | 0100 0001 
  0x000001eab80f3eb4: 0000 00e9 | 4200 0000 | 4883 bfc0 | 0100 0000 | 7517 4889 | 9fc0 0100 | 0048 c787 | c801 0000 
  0x000001eab80f3ed4: 0100 0000 | e921 0000 | 00e9 1c00 

  0x000001eab80f3ee0: ;   {metadata(method data for {method} {0x000001eb11d540e0} 'processDisposalQueue' '()V' in 'com/sun/prism/impl/Disposer')}
  0x000001eab80f3ee0: 0000 48bf | 808e f311 | eb01 0000 | 4883 afa0 | 0100 0001 | e989 3000 | 00e9 0000 | 0000 488b 
  0x000001eab80f3f00: d048 3b02 

  0x000001eab80f3f04: ;   {metadata(method data for {method} {0x000001eb11d540e0} 'processDisposalQueue' '()V' in 'com/sun/prism/impl/Disposer')}
  0x000001eab80f3f04: 488b f248 | bf80 8ef3 | 11eb 0100 | 008b 7608 | 49ba 0000 | 00d0 ea01 | 0000 4903 | f248 3bb7 
  0x000001eab80f3f24: e801 0000 | 750d 4883 | 87f0 0100 | 0001 e960 | 0000 0048 | 3bb7 f801 | 0000 750d | 4883 8700 
  0x000001eab80f3f44: 0200 0001 | e94a 0000 | 0048 83bf | e801 0000 | 0075 1748 | 89b7 e801 | 0000 48c7 | 87f0 0100 
  0x000001eab80f3f64: 0001 0000 | 00e9 2900 | 0000 4883 | bff8 0100 | 0000 7517 | 4889 b7f8 | 0100 0048 | c787 0002 
  0x000001eab80f3f84: 0000 0100 | 0000 e908 | 0000 0048 | 8387 d801 | 0000 0166 | 0f1f 4400 | 0048 b8ff | ffff ffff 
  0x000001eab80f3fa4: ;   {virtual_call}
  0x000001eab80f3fa4: ffff ffe8 

  0x000001eab80f3fa8: ; ImmutableOopMap {[232]=Oop [640]=Oop [648]=Oop [752]=Oop }
                      ;*invokeinterface dispose {reexecute=0 rethrow=0 return_oop=0}
                      ; - com.sun.prism.impl.Disposer::processDisposalQueue@20 (line 184)
                      ; - com.sun.prism.impl.Disposer::cleanUp@9 (line 130)
                      ; - com.sun.javafx.tk.quantum.PresentingPainter::run@615 (line 117)
  0x000001eab80f3fa8: d4ad d106 

  0x000001eab80f3fac: ;   {other}
  0x000001eab80f3fac: 0f1f 8400 | 1cb8 0068 

  0x000001eab80f3fb4: ;   {metadata(method data for {method} {0x000001eb11d540e0} 'processDisposalQueue' '()V' in 'com/sun/prism/impl/Disposer')}
  0x000001eab80f3fb4: 48b8 808e | f311 eb01 | 0000 448b | 80d0 0000 | 0041 83c0 | 0244 8980 | d000 0000 | 4181 e0fe 
  0x000001eab80f3fd4: 3f00 0045 | 85c0 0f84 | b02f 0000 | 4d8b 9750 

  0x000001eab80f3fe4: ; ImmutableOopMap {[232]=Oop [640]=Oop [648]=Oop [752]=Oop }
                      ;*goto {reexecute=1 rethrow=0 return_oop=0}
                      ; - (reexecute) com.sun.prism.impl.Disposer::processDisposalQueue@25 (line 184)
                      ; - com.sun.prism.impl.Disposer::cleanUp@9 (line 130)
                      ; - com.sun.javafx.tk.quantum.PresentingPainter::run@615 (line 117)
                      ;   {poll}
  0x000001eab80f3fe4: 0400 0041 

  0x000001eab80f3fe8: ;   {metadata(method data for {method} {0x000001eb11d540e0} 'processDisposalQueue' '()V' in 'com/sun/prism/impl/Disposer')}
  0x000001eab80f3fe8: 8502 48b8 | 808e f311 | eb01 0000 | ff80 1002 | 0000 488b | b424 8802 | 0000 e989 | fbff ff48 
  0x000001eab80f4008: 8d84 24e8 | 0200 004c | 8b00 4d85 | c00f 840f | 0000 0048 | 8b50 08f0 | 4c0f b102 | 0f85 872f 
  0x000001eab80f4028: 0000 49ff | 8f48 0500 | 008b 9c24 | 5402 0000 

  0x000001eab80f4038: ;   {metadata(method data for {method} {0x000001eb119dcc38} 'run' '()V' in 'com/sun/javafx/tk/quantum/PresentingPainter')}
  0x000001eab80f4038: 85db 49b8 | 20ac f311 | eb01 0000 | 48ba e011 | 0000 0000 | 0000 740a | 48ba f011 | 0000 0000 
  0x000001eab80f4058: 0000 498b | 3410 488d | 7601 4989 | 3410 0f84 | 7802 0000 | 488b 9424 | e800 0000 | 448b 4228 
  0x000001eab80f4078: 49c1 e003 

  0x000001eab80f407c: ; implicit exception: dispatches to 0x000001eab80f6fc7
  0x000001eab80f407c: 493b 0049 

  0x000001eab80f4080: ;   {metadata(method data for {method} {0x000001eb119dcc38} 'run' '()V' in 'com/sun/javafx/tk/quantum/PresentingPainter')}
  0x000001eab80f4080: 8bf0 48bf | 20ac f311 | eb01 0000 | 8b76 0849 | ba00 0000 | d0ea 0100 | 0049 03f2 | 483b b710 
  0x000001eab80f40a0: 1200 0075 | 0d48 8387 | 1812 0000 | 01e9 6000 | 0000 483b | b720 1200 | 0075 0d48 | 8387 2812 
  0x000001eab80f40c0: 0000 01e9 | 4a00 0000 | 4883 bf10 | 1200 0000 | 7517 4889 | b710 1200 | 0048 c787 | 1812 0000 
  0x000001eab80f40e0: 0100 0000 | e929 0000 | 0048 83bf | 2012 0000 | 0075 1748 | 89b7 2012 | 0000 48c7 | 8728 1200 
  0x000001eab80f4100: 0001 0000 | 00e9 0800 | 0000 4883 | 8700 1200 

  0x000001eab80f4110: ;   {metadata(method data for {method} {0x000001eb119e29e0} 'unlock' '()V' in 'com/sun/prism/PresentableState')}
  0x000001eab80f4110: 0001 48be | 5032 f411 | eb01 0000 | 8bbe cc00 | 0000 83c7 | 0289 becc | 0000 0081 | e7fe ff1f 
  0x000001eab80f4130: 0085 ff0f | 8493 2e00 | 0041 8b58 | 6848 c1e3 | 0348 85db 

  0x000001eab80f4144: ;   {metadata(method data for {method} {0x000001eb119e29e0} 'unlock' '()V' in 'com/sun/prism/PresentableState')}
  0x000001eab80f4144: 49b8 5032 | f411 eb01 | 0000 48be | 1001 0000 | 0000 0000 | 740a 48be | 2001 0000 | 0000 0000 
  0x000001eab80f4164: 498b 3c30 | 488d 7f01 | 4989 3c30 | 0f84 6e01 | 0000 483b | 034c 8bc3 

  0x000001eab80f417c: ;   {metadata(method data for {method} {0x000001eb119e29e0} 'unlock' '()V' in 'com/sun/prism/PresentableState')}
  0x000001eab80f417c: 48be 5032 | f411 eb01 | 0000 458b | 4008 49ba | 0000 00d0 | ea01 0000 | 4d03 c24c | 3b86 4001 
  0x000001eab80f419c: 0000 750d | 4883 8648 | 0100 0001 | e960 0000 | 004c 3b86 | 5001 0000 | 750d 4883 | 8658 0100 
  0x000001eab80f41bc: 0001 e94a | 0000 0048 | 83be 4001 | 0000 0075 | 174c 8986 | 4001 0000 | 48c7 8648 | 0100 0001 
  0x000001eab80f41dc: 0000 00e9 | 2900 0000 | 4883 be50 | 0100 0000 | 7517 4c89 | 8650 0100 | 0048 c786 | 5801 0000 
  0x000001eab80f41fc: 0100 0000 | e908 0000 | 0048 8386 | 3001 0000 

  0x000001eab80f420c: ;   {metadata(method data for {method} {0x000001eb1153f840} 'unlock' '()V' in 'com/sun/glass/ui/View')}
  0x000001eab80f420c: 0149 b8e8 | 90f3 11eb | 0100 0041 | 8bb0 cc00 | 0000 83c6 | 0241 89b0 | cc00 0000 | 81e6 feff 
  0x000001eab80f422c: 1f00 85f6 | 0f84 bc2d | 0000 4c8b 

  0x000001eab80f4238: ;   {metadata(method data for {method} {0x000001eb1153f840} 'unlock' '()V' in 'com/sun/glass/ui/View')}
  0x000001eab80f4238: c348 bee8 | 90f3 11eb | 0100 0048 | 8386 1001 

  0x000001eab80f4248: ;   {metadata(method data for {method} {0x000001eb1153d880} 'checkNotClosed' '()V' in 'com/sun/glass/ui/View')}
  0x000001eab80f4248: 0000 0149 | b8c0 d9e4 | 11eb 0100 | 0041 8bb0 | cc00 0000 | 83c6 0241 | 89b0 cc00 | 0000 81e6 
  0x000001eab80f4268: feff 1f00 | 85f6 0f84 | 9f2d 0000 | c5fb 1043 | 10c4 c1f9 | 7ec0 4983 

  0x000001eab80f4280: ;   {metadata(method data for {method} {0x000001eb1153d880} 'checkNotClosed' '()V' in 'com/sun/glass/ui/View')}
  0x000001eab80f4280: f800 49b8 | c0d9 e411 | eb01 0000 | 48be 2001 | 0000 0000 | 0000 740a | 48be 1001 | 0000 0000 
  0x000001eab80f42a0: 0000 498b | 3c30 488d | 7f01 4989 | 3c30 0f84 | 1d0c 0000 | c5fb 1043 | 10c4 c1f9 | 7ec0 488b 
  0x000001eab80f42c0: ;   {metadata(method data for {method} {0x000001eb1153f840} 'unlock' '()V' in 'com/sun/glass/ui/View')}
  0x000001eab80f42c0: f348 bfe8 | 90f3 11eb | 0100 0048 | 8387 6001 | 0000 0148 

  0x000001eab80f42d4: ;   {optimized virtual_call}
  0x000001eab80f42d4: 8bd3 90e8 

  0x000001eab80f42d8: ; ImmutableOopMap {[232]=Oop [640]=Oop }
                      ;*invokevirtual _end {reexecute=0 rethrow=0 return_oop=0}
                      ; - com.sun.glass.ui.View::unlock@9 (line 748)
                      ; - com.sun.prism.PresentableState::unlock@11 (line 296)
                      ; - com.sun.javafx.tk.quantum.PresentingPainter::run@626 (line 120)
  0x000001eab80f42d8: a4a7 d106 

  0x000001eab80f42dc: ;   {other}
  0x000001eab80f42dc: 0f1f 8400 | 4cbb 006a | 488b 9424 | e800 0000 | 448b 4228 | 49c1 e003 

  0x000001eab80f42f4: ; implicit exception: dispatches to 0x000001eab80f7034
  0x000001eab80f42f4: 493b 0049 

  0x000001eab80f42f8: ;   {metadata(method data for {method} {0x000001eb119dcc38} 'run' '()V' in 'com/sun/javafx/tk/quantum/PresentingPainter')}
  0x000001eab80f42f8: 8bf0 48bf | 20ac f311 | eb01 0000 

  0x000001eab80f4304: ;   {metadata('com/sun/javafx/tk/quantum/SceneState')}
  0x000001eab80f4304: 49ba 2030 | 1ad1 ea01 | 0000 4c89 | 9748 1200 | 0048 8387 | 5012 0000 | 0145 8b40 | 6c49 c1e0 
  0x000001eab80f4324: 034d 85c0 

  0x000001eab80f4328: ;   {metadata(method data for {method} {0x000001eb119dcc38} 'run' '()V' in 'com/sun/javafx/tk/quantum/PresentingPainter')}
  0x000001eab80f4328: 7516 48bf | 20ac f311 | eb01 0000 | 808f 6912 | 0000 01e9 | ce00 0000 

  0x000001eab80f4340: ;   {metadata('com/sun/javafx/tk/quantum/ViewScene')}
  0x000001eab80f4340: 48bb 08e4 | 19d1 ea01 | 0000 418b | 7008 49ba | 0000 00d0 | ea01 0000 | 4903 f248 | 3bde 0f85 
  0x000001eab80f4360: 8e00 0000 

  0x000001eab80f4364: ;   {metadata(method data for {method} {0x000001eb119dcc38} 'run' '()V' in 'com/sun/javafx/tk/quantum/PresentingPainter')}
  0x000001eab80f4364: 48bf 20ac | f311 eb01 | 0000 418b | 5808 49ba | 0000 00d0 | ea01 0000 | 4903 da48 | 3b9f 8012 
  0x000001eab80f4384: 0000 750d | 4883 8788 | 1200 0001 | e979 0000 | 0048 3b9f | 9012 0000 | 750d 4883 | 8798 1200 
  0x000001eab80f43a4: 0001 e963 | 0000 0048 | 83bf 8012 | 0000 0075 | 1748 899f | 8012 0000 | 48c7 8788 | 1200 0001 
  0x000001eab80f43c4: 0000 00e9 | 4200 0000 | 4883 bf90 | 1200 0000 | 7517 4889 | 9f90 1200 | 0048 c787 | 9812 0000 
  0x000001eab80f43e4: 0100 0000 | e921 0000 | 00e9 1c00 

  0x000001eab80f43f0: ;   {metadata(method data for {method} {0x000001eb119dcc38} 'run' '()V' in 'com/sun/javafx/tk/quantum/PresentingPainter')}
  0x000001eab80f43f0: 0000 48bf | 20ac f311 | eb01 0000 | 4883 af70 | 1200 0001 | e930 2c00 | 00e9 0000 | 0000 493b 
  0x000001eab80f4410: 0049 8bf0 

  0x000001eab80f4414: ;   {metadata(method data for {method} {0x000001eb119dcc38} 'run' '()V' in 'com/sun/javafx/tk/quantum/PresentingPainter')}
  0x000001eab80f4414: 48bf 20ac | f311 eb01 | 0000 8b76 | 0849 ba00 | 0000 d0ea | 0100 0049 | 03f2 483b | b7b8 1200 
  0x000001eab80f4434: 0075 0d48 | 8387 c012 | 0000 01e9 | 6000 0000 | 483b b7c8 | 1200 0075 | 0d48 8387 | d012 0000 
  0x000001eab80f4454: 01e9 4a00 | 0000 4883 | bfb8 1200 | 0000 7517 | 4889 b7b8 | 1200 0048 | c787 c012 | 0000 0100 
  0x000001eab80f4474: 0000 e929 | 0000 0048 | 83bf c812 | 0000 0075 | 1748 89b7 | c812 0000 | 48c7 87d0 | 1200 0001 
  0x000001eab80f4494: 0000 00e9 | 0800 0000 | 4883 87a8 | 1200 0001 

  0x000001eab80f44a4: ;   {metadata(method data for {method} {0x000001eb1151dd70} 'setPainting' '(Z)Z' in 'com/sun/javafx/tk/quantum/GlassScene')}
  0x000001eab80f44a4: 48be 5810 | e611 eb01 | 0000 8bbe | cc00 0000 | 83c7 0289 | becc 0000 | 0081 e7fe | ff1f 0085 
  0x000001eab80f44c4: ff0f 847c | 2b00 0041 | 8b58 3848 | c1e3 0348 | 3b03 4c8b 

  0x000001eab80f44d8: ;   {metadata(method data for {method} {0x000001eb1151dd70} 'setPainting' '(Z)Z' in 'com/sun/javafx/tk/quantum/GlassScene')}
  0x000001eab80f44d8: c348 be58 | 10e6 11eb | 0100 0048 | 8386 1001 

  0x000001eab80f44e8: ;   {metadata(method data for {method} {0x000001eb1112f1e0} 'getAndSet' '(Z)Z' in 'java/util/concurrent/atomic/AtomicBoolean')}
  0x000001eab80f44e8: 0000 0149 | b8b0 9eba | 11eb 0100 | 0041 8bb0 | cc00 0000 | 83c6 0241 | 89b0 cc00 | 0000 81e6 
  0x000001eab80f4508: feff 1f00 | 85f6 0f84 | 592b 0000 

  0x000001eab80f4514: ;   {metadata(method data for {method} {0x000001eb1112f1e0} 'getAndSet' '(Z)Z' in 'java/util/concurrent/atomic/AtomicBoolean')}
  0x000001eab80f4514: 49b8 b09e | ba11 eb01 | 0000 41ff | 8010 0100 

  0x000001eab80f4524: ;   {metadata(method data for {method} {0x000001ead0157d50} 'guard_LI_I' '(Ljava/lang/invoke/VarHandle;Ljava/lang/Object;ILjava/lang/invoke/VarHandle$AccessDescriptor;)I' in 'java/lang/invoke/VarHandleGuards')}
  0x000001eab80f4524: 0049 b8a8 | 5305 11eb | 0100 004d | 8d80 d803 

  0x000001eab80f4534: ;   {oop(a 'java/lang/invoke/VarHandleInts$FieldInstanceReadWrite'{0x000000070458d6d0})}
  0x000001eab80f4534: 0000 48be | d0d6 5804 | 0700 0000 | 4885 f675 | 0b41 f600 | 0175 05f0 | 4983 0801 

  0x000001eab80f4550: ;   {metadata(method data for {method} {0x000001eb1112f1e0} 'getAndSet' '(Z)Z' in 'java/util/concurrent/atomic/AtomicBoolean')}
  0x000001eab80f4550: 49b8 b09e | ba11 eb01 | 0000 4983 | 8048 0100 

  0x000001eab80f4560: ;   {metadata(method data for {method} {0x000001ead0157d50} 'guard_LI_I' '(Ljava/lang/invoke/VarHandle;Ljava/lang/Object;ILjava/lang/invoke/VarHandle$AccessDescriptor;)I' in 'java/lang/invoke/VarHandleGuards')}
  0x000001eab80f4560: 0001 49b8 | a853 0511 | eb01 0000 | 418b b8cc | 0000 0083 | c702 4189 | b8cc 0000 | 0081 e7fe 
  0x000001eab80f4580: ff1f 0085 | ff0f 8403 

  0x000001eab80f4588: ;   {metadata(method data for {method} {0x000001ead0157d50} 'guard_LI_I' '(Ljava/lang/invoke/VarHandle;Ljava/lang/Object;ILjava/lang/invoke/VarHandle$AccessDescriptor;)I' in 'java/lang/invoke/VarHandleGuards')}
  0x000001eab80f4588: 2b00 0049 | b8a8 5305 | 11eb 0100 | 004d 8d80 | 4801 0000 

  0x000001eab80f459c: ;   {oop(a 'java/lang/invoke/VarHandle$AccessDescriptor'{0x000000070444d1c0})}
  0x000001eab80f459c: 48bf c0d1 | 4404 0700 | 0000 4885 | ff75 0d41 | f640 0801 | 7506 f049 | 8348 0801 

  0x000001eab80f45b8: ;   {metadata(method data for {method} {0x000001ead0157d50} 'guard_LI_I' '(Ljava/lang/invoke/VarHandle;Ljava/lang/Object;ILjava/lang/invoke/VarHandle$AccessDescriptor;)I' in 'java/lang/invoke/VarHandleGuards')}
  0x000001eab80f45b8: 49b8 a853 | 0511 eb01 | 0000 8b76 | 0849 ba00 | 0000 d0ea | 0100 0049 | 03f2 493b | b020 0100 
  0x000001eab80f45d8: 0075 0d49 | 8380 2801 | 0000 01e9 | 6000 0000 | 493b b030 | 0100 0075 | 0d49 8380 | 3801 0000 
  0x000001eab80f45f8: 01e9 4a00 | 0000 4983 | b820 0100 | 0000 7517 | 4989 b020 | 0100 0049 | c780 2801 | 0000 0100 
  0x000001eab80f4618: 0000 e929 | 0000 0049 | 83b8 3001 | 0000 0075 | 1749 89b0 | 3001 0000 | 49c7 8038 | 0100 0001 
  0x000001eab80f4638: 0000 00e9 | 0800 0000 | 4983 8010 | 0100 0001 

  0x000001eab80f4648: ;   {metadata(method data for {method} {0x000001ead0093f08} 'checkAccessModeThenIsDirect' '(Ljava/lang/invoke/VarHandle$AccessDescriptor;)Z' in 'java/lang/invoke/VarHandle')}
  0x000001eab80f4648: 49b8 9857 | 0511 eb01 | 0000 418b | b0cc 0000 | 0083 c602 | 4189 b0cc | 0000 0081 | e6fe ff1f 
  0x000001eab80f4668: 0085 f60f | 843e 2a00 

  0x000001eab80f4670: ;   {metadata(method data for {method} {0x000001ead0093f08} 'checkAccessModeThenIsDirect' '(Ljava/lang/invoke/VarHandle$AccessDescriptor;)Z' in 'java/lang/invoke/VarHandle')}
  0x000001eab80f4670: 0049 b898 | 5705 11eb | 0100 0041 | ff80 1001 

  0x000001eab80f4680: ;   {metadata(method data for {method} {0x000001ead0157d50} 'guard_LI_I' '(Ljava/lang/invoke/VarHandle;Ljava/lang/Object;ILjava/lang/invoke/VarHandle$AccessDescriptor;)I' in 'java/lang/invoke/VarHandleGuards')}
  0x000001eab80f4680: 0000 49b8 | a853 0511 | eb01 0000 | 41ff 8070 

  0x000001eab80f4690: ;   {metadata(method data for {method} {0x000001ead0157d50} 'guard_LI_I' '(Ljava/lang/invoke/VarHandle;Ljava/lang/Object;ILjava/lang/invoke/VarHandle$AccessDescriptor;)I' in 'java/lang/invoke/VarHandleGuards')}
  0x000001eab80f4690: 0100 0049 | b8a8 5305 | 11eb 0100 | 0041 ff80 | 9001 0000 

  0x000001eab80f46a4: ;   {oop(a 'java/lang/invoke/VarForm'{0x00000007045949a0})}
  0x000001eab80f46a4: 49b8 a049 | 5904 0700 

  0x000001eab80f46ac: ;   {metadata(method data for {method} {0x000001ead0157d50} 'guard_LI_I' '(Ljava/lang/invoke/VarHandle;Ljava/lang/Object;ILjava/lang/invoke/VarHandle$AccessDescriptor;)I' in 'java/lang/invoke/VarHandleGuards')}
  0x000001eab80f46ac: 0000 48be | a853 0511 | eb01 0000 | 4883 86a0 | 0100 0001 

  0x000001eab80f46c0: ;   {metadata(method data for {method} {0x000001ead0155cf0} 'getMemberName' '(I)Ljava/lang/invoke/MemberName;' in 'java/lang/invoke/VarForm')}
  0x000001eab80f46c0: 49b8 c863 | 0511 eb01 | 0000 418b | b0cc 0000 | 0083 c602 | 4189 b0cc | 0000 0081 | e6fe ff1f 
  0x000001eab80f46e0: 0085 f60f | 84e7 2900 

  0x000001eab80f46e8: ;   {metadata(method data for {method} {0x000001ead0155cf0} 'getMemberName' '(I)Ljava/lang/invoke/MemberName;' in 'java/lang/invoke/VarForm')}
  0x000001eab80f46e8: 0049 b8c8 | 6305 11eb | 0100 0041 | ff80 1001 

  0x000001eab80f46f8: ;   {metadata(method data for {method} {0x000001ead0157d50} 'guard_LI_I' '(Ljava/lang/invoke/VarHandle;Ljava/lang/Object;ILjava/lang/invoke/VarHandle$AccessDescriptor;)I' in 'java/lang/invoke/VarHandleGuards')}
  0x000001eab80f46f8: 0000 49b8 | a853 0511 | eb01 0000 | 4d8d 80d8 

  0x000001eab80f4708: ;   {oop(a 'java/lang/invoke/MemberName'{0x0000000704594de0} = {method} {0x000001eb110e9768} 'getAndSet' '(Ljava/lang/invoke/VarHandle;Ljava/lang/Object;I)I' in 'java/lang/invoke/VarHandleInts$FieldInstanceReadWrite')}
  0x000001eab80f4708: 0100 0048 | bee0 4d59 | 0407 0000 | 0048 85f6 | 750b 41f6 | 0001 7505 | f049 8308 

  0x000001eab80f4724: ;   {metadata(method data for {method} {0x000001ead0157d50} 'guard_LI_I' '(Ljava/lang/invoke/VarHandle;Ljava/lang/Object;ILjava/lang/invoke/VarHandle$AccessDescriptor;)I' in 'java/lang/invoke/VarHandleGuards')}
  0x000001eab80f4724: 0149 b8a8 | 5305 11eb | 0100 004d | 8d80 f801 

  0x000001eab80f4734: ;   {oop(a 'java/lang/invoke/VarHandleInts$FieldInstanceReadWrite'{0x000000070458d6d0})}
  0x000001eab80f4734: 0000 48be | d0d6 5804 | 0700 0000 | 4885 f675 | 0d41 f640 | 0801 7506 | f049 8348 

  0x000001eab80f4750: ;   {metadata(method data for {method} {0x000001ead0157d50} 'guard_LI_I' '(Ljava/lang/invoke/VarHandle;Ljava/lang/Object;ILjava/lang/invoke/VarHandle$AccessDescriptor;)I' in 'java/lang/invoke/VarHandleGuards')}
  0x000001eab80f4750: 0801 49b8 | a853 0511 | eb01 0000 | 4983 80e8 | 0100 0001 

  0x000001eab80f4764: ;   {metadata(method data for {method} {0x000001eb110e9768} 'getAndSet' '(Ljava/lang/invoke/VarHandle;Ljava/lang/Object;I)I' in 'java/lang/invoke/VarHandleInts$FieldInstanceReadWrite')}
  0x000001eab80f4764: 49b8 c8a0 | ba11 eb01 | 0000 418b | b0cc 0000 | 0083 c602 | 4189 b0cc | 0000 0081 | e6fe ff1f 
  0x000001eab80f4784: 0085 f60f | 8464 2900 

  0x000001eab80f478c: ;   {oop(a 'java/lang/Class'{0x000000070458d6f8} = 'java/util/concurrent/atomic/AtomicBoolean')}
  0x000001eab80f478c: 0049 b8f8 | d658 0407 

  0x000001eab80f4794: ;   {metadata(method data for {method} {0x000001eb110e9768} 'getAndSet' '(Ljava/lang/invoke/VarHandle;Ljava/lang/Object;I)I' in 'java/lang/invoke/VarHandleInts$FieldInstanceReadWrite')}
  0x000001eab80f4794: 0000 0048 | bec8 a0ba | 11eb 0100 | 0048 8386 | 4801 0000 

  0x000001eab80f47a8: ;   {metadata(method data for {method} {0x000001ead046e870} 'cast' '(Ljava/lang/Object;)Ljava/lang/Object;' in 'java/lang/Class')}
  0x000001eab80f47a8: 0149 b8e8 | 7713 11eb | 0100 0041 | 8bb0 cc00 | 0000 83c6 | 0241 89b0 | cc00 0000 | 81e6 feff 
  0x000001eab80f47c8: 1f00 85f6 | 0f84 4029 | 0000 4885 

  0x000001eab80f47d4: ;   {metadata(method data for {method} {0x000001ead046e870} 'cast' '(Ljava/lang/Object;)Ljava/lang/Object;' in 'java/lang/Class')}
  0x000001eab80f47d4: db49 b8e8 | 7713 11eb | 0100 0048 | be10 0100 | 0000 0000 | 0074 0a48 | be20 0100 | 0000 0000 
  0x000001eab80f47f4: 0049 8b3c | 3048 8d7f | 0149 893c | 300f 8492 

  0x000001eab80f4804: ;   {oop(a 'java/lang/Class'{0x000000070458d6f8} = 'java/util/concurrent/atomic/AtomicBoolean')}
  0x000001eab80f4804: 0000 0049 | b8f8 d658 | 0407 0000 

  0x000001eab80f4810: ;   {metadata(method data for {method} {0x000001ead046e870} 'cast' '(Ljava/lang/Object;)Ljava/lang/Object;' in 'java/lang/Class')}
  0x000001eab80f4810: 0048 bee8 | 7713 11eb | 0100 0048 | 8386 3001 | 0000 0148 | 85db 0f84 | 2900 0000 

  0x000001eab80f482c: ;   {metadata('java/util/concurrent/atomic/AtomicBoolean')}
  0x000001eab80f482c: 48b8 50ac | 05d1 ea01 | 0000 8b7b | 0849 ba00 | 0000 d0ea | 0100 0049 | 03fa 483b | 4738 0f85 
  0x000001eab80f484c: 0500 0000 | e905 0000 | 004d 33c0 | eb0a 49b8 | 0100 0000 | 0000 0000 

  0x000001eab80f4864: ;   {metadata(method data for {method} {0x000001ead046e870} 'cast' '(Ljava/lang/Object;)Ljava/lang/Object;' in 'java/lang/Class')}
  0x000001eab80f4864: 4585 c049 | b8e8 7713 | 11eb 0100 | 0048 be78 | 0100 0000 | 0000 0074 | 0a48 be68 | 0100 0000 
  0x000001eab80f4884: 0000 0049 | 8b3c 3048 | 8d7f 0149 | 893c 300f | 8460 0500 

  0x000001eab80f4898: ;   {metadata(method data for {method} {0x000001eb110e9768} 'getAndSet' '(Ljava/lang/invoke/VarHandle;Ljava/lang/Object;I)I' in 'java/lang/invoke/VarHandleInts$FieldInstanceReadWrite')}
  0x000001eab80f4898: 0049 b8c8 | a0ba 11eb | 0100 0049 | 8380 8001 

  0x000001eab80f48a8: ;   {metadata(method data for {method} {0x000001ead00564a0} 'requireNonNull' '(Ljava/lang/Object;)Ljava/lang/Object;' in 'java/util/Objects')}
  0x000001eab80f48a8: 0000 0149 | b8e0 3b01 | 11eb 0100 | 0041 8bb0 | cc00 0000 | 83c6 0241 | 89b0 cc00 | 0000 81e6 
  0x000001eab80f48c8: feff 1f00 | 85f6 0f84 | 5f28 0000 

  0x000001eab80f48d4: ;   {metadata(method data for {method} {0x000001ead00564a0} 'requireNonNull' '(Ljava/lang/Object;)Ljava/lang/Object;' in 'java/util/Objects')}
  0x000001eab80f48d4: 4885 db49 | b8e0 3b01 | 11eb 0100 | 0048 be20 | 0100 0000 | 0000 0074 | 0a48 be10 | 0100 0000 
  0x000001eab80f48f4: 0000 0049 | 8b3c 3048 | 8d7f 0149 | 893c 300f | 8452 0400 | 004c 8d43 | 0cbe 0000 | 0000 4187 
  0x000001eab80f4914: ;   {metadata(method data for {method} {0x000001eb1112f1e0} 'getAndSet' '(Z)Z' in 'java/util/concurrent/atomic/AtomicBoolean')}
  0x000001eab80f4914: 3085 f649 | b8b0 9eba | 11eb 0100 | 0048 be98 | 0100 0000 | 0000 0074 | 0a48 bea8 | 0100 0000 
  0x000001eab80f4934: 0000 0049 | 8b3c 3048 | 8d7f 0149 | 893c 300f | 841c 0000 

  0x000001eab80f4948: ;   {metadata(method data for {method} {0x000001eb1112f1e0} 'getAndSet' '(Z)Z' in 'java/util/concurrent/atomic/AtomicBoolean')}
  0x000001eab80f4948: 0049 b8b0 | 9eba 11eb | 0100 0041 | ff80 b801 | 0000 41b8 | 0100 0000 | e906 0000 | 0041 b800 
  0x000001eab80f4968: 0000 0041 | 83e0 0141 | 83e0 0144 | 8b42 3049 | c1e0 034d 

  0x000001eab80f497c: ;   {metadata(method data for {method} {0x000001eb119dcc38} 'run' '()V' in 'com/sun/javafx/tk/quantum/PresentingPainter')}
  0x000001eab80f497c: 85c0 48ba | 20ac f311 | eb01 0000 | 48be e012 | 0000 0000 | 0000 740a | 48be f012 | 0000 0000 
  0x000001eab80f499c: 0000 488b | 3c32 488d | 7f01 4889 | 3c32 0f84 | 3c01 0000 | 4d85 c00f | 842a 0000 

  0x000001eab80f49b8: ;   {metadata('com/sun/prism/d3d/D3DResourceFactory')}
  0x000001eab80f49b8: 0048 bb50 | d102 d1ea | 0100 0041 | 8b78 0849 | ba00 0000 | d0ea 0100 | 0049 03fa | 483b 5f48 
  0x000001eab80f49d8: 0f85 7627 | 0000 e900 | 0000 0049 | 8bd0 493b 

  0x000001eab80f49e8: ;   {metadata(method data for {method} {0x000001eb119dcc38} 'run' '()V' in 'com/sun/javafx/tk/quantum/PresentingPainter')}
  0x000001eab80f49e8: 0048 ba20 | acf3 11eb 

  0x000001eab80f49f0: ;   {metadata('com/sun/prism/d3d/D3DResourceFactory')}
  0x000001eab80f49f0: 0100 0049 | ba50 d102 | d1ea 0100 | 004c 8992 | 1013 0000 | 4883 8218 | 1300 0001 

  0x000001eab80f4a0c: ;   {metadata(method data for {method} {0x000001eb1150e910} 'getTextureResourcePool' '()Lcom/sun/prism/impl/TextureResourcePool;' in 'com/sun/prism/d3d/D3DResourceFactory')}
  0x000001eab80f4a0c: 49b8 5093 | f311 eb01 | 0000 418b | 90cc 0000 | 0083 c202 | 4189 90cc | 0000 0081 | e2fe ff1f 
  0x000001eab80f4a2c: 0085 d20f | 8429 2700 

  0x000001eab80f4a34: ;   {oop(a 'com/sun/prism/d3d/D3DVramPool'{0x0000000704d175f8})}
  0x000001eab80f4a34: 0048 baf8 | 75d1 0407 | 0000 004c 

  0x000001eab80f4a40: ;   {metadata(method data for {method} {0x000001eb119dcc38} 'run' '()V' in 'com/sun/javafx/tk/quantum/PresentingPainter')}
  0x000001eab80f4a40: 8bc2 48be | 20ac f311 | eb01 0000 | 458b 4008 | 49ba 0000 | 00d0 ea01 | 0000 4d03 | c24c 3b86 
  0x000001eab80f4a60: 4813 0000 | 750d 4883 | 8650 1300 | 0001 e960 | 0000 004c | 3b86 5813 | 0000 750d | 4883 8660 
  0x000001eab80f4a80: 1300 0001 | e94a 0000 | 0048 83be | 4813 0000 | 0075 174c | 8986 4813 | 0000 48c7 | 8650 1300 
  0x000001eab80f4aa0: 0001 0000 | 00e9 2900 | 0000 4883 | be58 1300 | 0000 7517 | 4c89 8658 | 1300 0048 | c786 6013 
  0x000001eab80f4ac0: 0000 0100 | 0000 e908 | 0000 0048 | 8386 3813 | 0000 0144 | 8b84 2478 | 0200 000f 

  0x000001eab80f4adc: ;   {optimized virtual_call}
  0x000001eab80f4adc: 1f40 00e8 

  0x000001eab80f4ae0: ; ImmutableOopMap {[640]=Oop }
                      ;*invokeinterface freeDisposalRequestedAndCheckResources {reexecute=0 rethrow=0 return_oop=0}
                      ; - com.sun.javafx.tk.quantum.PresentingPainter::run@665 (line 127)
  0x000001eab80f4ae0: 9c9f d106 

  0x000001eab80f4ae4: ;   {other}
  0x000001eab80f4ae4: 0f1f 8400 | 54c3 006b 

  0x000001eab80f4aec: ;   {oop(a 'java/util/concurrent/locks/ReentrantLock'{0x000000070494c798})}
  0x000001eab80f4aec: 49b8 98c7 | 9404 0700 | 0000 498b 

  0x000001eab80f4af8: ;   {metadata(method data for {method} {0x000001eb119dcc38} 'run' '()V' in 'com/sun/javafx/tk/quantum/PresentingPainter')}
  0x000001eab80f4af8: d048 be20 | acf3 11eb | 0100 008b | 5208 49ba | 0000 00d0 | ea01 0000 | 4903 d248 | 3b96 8013 
  0x000001eab80f4b18: 0000 750d | 4883 8688 | 1300 0001 | e960 0000 | 0048 3b96 | 9013 0000 | 750d 4883 | 8698 1300 
  0x000001eab80f4b38: 0001 e94a | 0000 0048 | 83be 8013 | 0000 0075 | 1748 8996 | 8013 0000 | 48c7 8688 | 1300 0001 
  0x000001eab80f4b58: 0000 00e9 | 2900 0000 | 4883 be90 | 1300 0000 | 7517 4889 | 9690 1300 | 0048 c786 | 9813 0000 
  0x000001eab80f4b78: 0100 0000 | e908 0000 | 0048 8386 | 7013 0000 

  0x000001eab80f4b88: ;   {metadata(method data for {method} {0x000001ead017ee20} 'unlock' '()V' in 'java/util/concurrent/locks/ReentrantLock')}
  0x000001eab80f4b88: 0148 bae0 | 6113 11eb | 0100 008b | b2cc 0000 | 0083 c602 | 89b2 cc00 | 0000 81e6 | feff 1f00 
  0x000001eab80f4ba8: 85f6 0f84 | cf25 0000 | 418b 700c | 48c1 e603 

  0x000001eab80f4bb8: ; implicit exception: dispatches to 0x000001eab80f71a0
  0x000001eab80f4bb8: 483b 064c 

  0x000001eab80f4bbc: ;   {metadata(method data for {method} {0x000001ead017ee20} 'unlock' '()V' in 'java/util/concurrent/locks/ReentrantLock')}
  0x000001eab80f4bbc: 8bc6 48ba | e061 1311 | eb01 0000 | 4883 8210 | 0100 0001 

  0x000001eab80f4bd0: ;   {metadata(method data for {method} {0x000001ead01b01a8} 'release' '(I)Z' in 'java/util/concurrent/locks/AbstractQueuedSynchronizer')}
  0x000001eab80f4bd0: 49b8 6863 | 1311 eb01 | 0000 418b | 90cc 0000 | 0083 c202 | 4189 90cc | 0000 0081 | e2fe ff1f 
  0x000001eab80f4bf0: 0085 d20f | 84ac 2500 | 004c 8bc6 

  0x000001eab80f4bfc: ;   {metadata(method data for {method} {0x000001ead01b01a8} 'release' '(I)Z' in 'java/util/concurrent/locks/AbstractQueuedSynchronizer')}
  0x000001eab80f4bfc: 48ba 6863 | 1311 eb01 | 0000 458b | 4008 49ba | 0000 00d0 | ea01 0000 | 4d03 c24c | 3b82 2001 
  0x000001eab80f4c1c: 0000 750d | 4883 8228 | 0100 0001 | e960 0000 | 004c 3b82 | 3001 0000 | 750d 4883 | 8238 0100 
  0x000001eab80f4c3c: 0001 e94a | 0000 0048 | 83ba 2001 | 0000 0075 | 174c 8982 | 2001 0000 | 48c7 8228 | 0100 0001 
  0x000001eab80f4c5c: 0000 00e9 | 2900 0000 | 4883 ba30 | 0100 0000 | 7517 4c89 | 8230 0100 | 0048 c782 | 3801 0000 
  0x000001eab80f4c7c: 0100 0000 | e908 0000 | 0048 8382 | 1001 0000 | 0141 b801 | 0000 0048 | 8bd6 4889 | b424 9002 
  0x000001eab80f4c9c: ;   {optimized virtual_call}
  0x000001eab80f4c9c: 0000 90e8 

  0x000001eab80f4ca0: ; ImmutableOopMap {[640]=Oop [656]=Oop }
                      ;*invokevirtual tryRelease {reexecute=0 rethrow=0 return_oop=0}
                      ; - java.util.concurrent.locks.AbstractQueuedSynchronizer::release@2 (line 1059)
                      ; - java.util.concurrent.locks.ReentrantLock::unlock@5 (line 494)
                      ; - com.sun.javafx.tk.quantum.PresentingPainter::run@673 (line 130)
  0x000001eab80f4ca0: dc9d d106 

  0x000001eab80f4ca4: ;   {other}
  0x000001eab80f4ca4: 0f1f 8400 | 14c5 006c 

  0x000001eab80f4cac: ;   {metadata(method data for {method} {0x000001ead01b01a8} 'release' '(I)Z' in 'java/util/concurrent/locks/AbstractQueuedSynchronizer')}
  0x000001eab80f4cac: 85c0 48ba | 6863 1311 | eb01 0000 | 48be 4801 | 0000 0000 | 0000 740a | 48be 5801 | 0000 0000 
  0x000001eab80f4ccc: 0000 488b | 3c32 488d | 7f01 4889 | 3c32 0f84 | 3e00 0000 | 488b b424 | 9002 0000 | 8b56 1448 
  0x000001eab80f4cec: ;   {metadata(method data for {method} {0x000001ead01b01a8} 'release' '(I)Z' in 'java/util/concurrent/locks/AbstractQueuedSynchronizer')}
  0x000001eab80f4cec: c1e2 0348 | be68 6313 | 11eb 0100 | 0048 8386 | 6801 0000 | 0166 0f1f 

  0x000001eab80f4d04: ;   {static_call}
  0x000001eab80f4d04: 4400 00e8 

  0x000001eab80f4d08: ; ImmutableOopMap {[640]=Oop }
                      ;*invokestatic signalNext {reexecute=0 rethrow=0 return_oop=0}
                      ; - java.util.concurrent.locks.AbstractQueuedSynchronizer::release@12 (line 1060)
                      ; - java.util.concurrent.locks.ReentrantLock::unlock@5 (line 494)
                      ; - com.sun.javafx.tk.quantum.PresentingPainter::run@673 (line 130)
  0x000001eab80f4d08: 74a3 d106 

  0x000001eab80f4d0c: ;   {other}
  0x000001eab80f4d0c: 0f1f 8400 | 7cc5 006d | b801 0000 | 00e9 3000 | 0000 b800 | 0000 00e9 | 2600 0000 

  0x000001eab80f4d28: ;   {metadata(method data for {method} {0x000001eb119dcc38} 'run' '()V' in 'com/sun/javafx/tk/quantum/PresentingPainter')}
  0x000001eab80f4d28: 48b8 20ac | f311 eb01 | 0000 ff80 | b811 0000 | 4881 c400 | 0300 005d 

  0x000001eab80f4d40: ;   {poll_return}
  0x000001eab80f4d40: 493b a748 | 0400 000f | 8779 2400 | 00c3 488b | 8424 8002 | 0000 e9f9 | 3400 000f | 1f44 0000 
  0x000001eab80f4d60: ;   {no_reloc}
  0x000001eab80f4d60: e986 2400 | 0000 0000 | 0000 498b | 87b8 0100 | 0048 8d78 | 3049 3bbf | c801 0000 | 0f87 7324 
  0x000001eab80f4d80: 0000 4989 | bfb8 0100 | 0048 c700 | 0100 0000 | 488b ca49 | ba00 0000 | d0ea 0100 | 0049 2bca 
  0x000001eab80f4da0: 8948 0848 | 33c9 8948 | 0c48 33c9 | 4889 4810 | 4889 4818 | 4889 4820 | 4889 4828 

  0x000001eab80f4dbc: ;   {metadata(method data for {method} {0x000001ead00564a0} 'requireNonNull' '(Ljava/lang/Object;)Ljava/lang/Object;' in 'java/util/Objects')}
  0x000001eab80f4dbc: 488b d048 | bee0 3b01 | 11eb 0100 | 0048 8386 | 3001 0000 | 0148 8bd0 | 4889 8424 | 9802 0000 
  0x000001eab80f4ddc: ;   {optimized virtual_call}
  0x000001eab80f4ddc: 6666 90e8 

  0x000001eab80f4de0: ; ImmutableOopMap {[232]=Oop [640]=Oop [664]=Oop }
                      ;*invokespecial <init> {reexecute=0 rethrow=0 return_oop=0}
                      ; - java.util.Objects::requireNonNull@8 (line 233)
                      ; - java.lang.invoke.VarHandleInts$FieldInstanceReadWrite::getAndSet@16 (line 250)
                      ; - java.lang.invoke.VarHandleGuards::guard_LI_I@45 (line 163)
                      ; - java.util.concurrent.atomic.AtomicBoolean::getAndSet@13 (line 175)
                      ; - com.sun.javafx.tk.quantum.GlassScene::setPainting@5 (line 289)
                      ; - com.sun.javafx.tk.quantum.PresentingPainter::run@644 (line 124)
  0x000001eab80f4de0: 9c9c d106 

  0x000001eab80f4de4: ;   {other}
  0x000001eab80f4de4: 0f1f 8400 | 54c6 006e | 488b 8424 | 9802 0000 | e95b 3400 

  0x000001eab80f4df8: ;   {metadata('java/lang/ClassCastException')}
  0x000001eab80f4df8: 0048 bab0 | b606 d0ea | 0100 0049 | 8b87 b801 | 0000 488d | 7828 493b | bfc8 0100 | 000f 87e7 
  0x000001eab80f4e18: 2300 0049 | 89bf b801 | 0000 48c7 | 0001 0000 | 0048 8bca | 49ba 0000 | 00d0 ea01 | 0000 492b 
  0x000001eab80f4e38: ca89 4808 | 4833 c989 | 480c 4833 | c948 8948 | 1048 8948 | 1848 8948 

  0x000001eab80f4e50: ;   {oop(a 'java/lang/Class'{0x000000070458d6f8} = 'java/util/concurrent/atomic/AtomicBoolean')}
  0x000001eab80f4e50: 2048 baf8 | d658 0407 | 0000 004c 

  0x000001eab80f4e5c: ;   {metadata(method data for {method} {0x000001ead046e870} 'cast' '(Ljava/lang/Object;)Ljava/lang/Object;' in 'java/lang/Class')}
  0x000001eab80f4e5c: 8bc2 48be | e877 1311 | eb01 0000 | 4883 8688 | 0100 0001 | 4c8b c348 | 8984 24a0 | 0200 000f 
  0x000001eab80f4e7c: ;   {optimized virtual_call}
  0x000001eab80f4e7c: 1f40 00e8 

  0x000001eab80f4e80: ; ImmutableOopMap {[232]=Oop [640]=Oop [672]=Oop }
                      ;*invokevirtual cannotCastMsg {reexecute=0 rethrow=0 return_oop=0}
                      ; - java.lang.Class::cast@18 (line 4067)
                      ; - java.lang.invoke.VarHandleInts$FieldInstanceReadWrite::getAndSet@13 (line 250)
                      ; - java.lang.invoke.VarHandleGuards::guard_LI_I@45 (line 163)
                      ; - java.util.concurrent.atomic.AtomicBoolean::getAndSet@13 (line 175)
                      ; - com.sun.javafx.tk.quantum.GlassScene::setPainting@5 (line 289)
                      ; - com.sun.javafx.tk.quantum.PresentingPainter::run@644 (line 124)
  0x000001eab80f4e80: fc9b d106 

  0x000001eab80f4e84: ;   {other}
  0x000001eab80f4e84: 0f1f 8400 | f4c6 006f | 4c8b 8424 | a002 0000 

  0x000001eab80f4e94: ;   {metadata(method data for {method} {0x000001ead046e870} 'cast' '(Ljava/lang/Object;)Ljava/lang/Object;' in 'java/lang/Class')}
  0x000001eab80f4e94: 48ba e877 | 1311 eb01 | 0000 4883 | 82c0 0100 | 0001 4c8b | c048 8b94 | 24a0 0200 | 0066 0f1f 
  0x000001eab80f4eb4: ;   {optimized virtual_call}
  0x000001eab80f4eb4: 4400 00e8 

  0x000001eab80f4eb8: ; ImmutableOopMap {[232]=Oop [640]=Oop [672]=Oop }
                      ;*invokespecial <init> {reexecute=0 rethrow=0 return_oop=0}
                      ; - java.lang.Class::cast@21 (line 4067)
                      ; - java.lang.invoke.VarHandleInts$FieldInstanceReadWrite::getAndSet@13 (line 250)
                      ; - java.lang.invoke.VarHandleGuards::guard_LI_I@45 (line 163)
                      ; - java.util.concurrent.atomic.AtomicBoolean::getAndSet@13 (line 175)
                      ; - com.sun.javafx.tk.quantum.GlassScene::setPainting@5 (line 289)
                      ; - com.sun.javafx.tk.quantum.PresentingPainter::run@644 (line 124)
  0x000001eab80f4eb8: c49b d106 

  0x000001eab80f4ebc: ;   {other}
  0x000001eab80f4ebc: 0f1f 8400 | 2cc7 0070 | 488b 8424 | a002 0000 | e983 3300 | 0048 899c | 24b0 0200 | 000f 1f80 
  0x000001eab80f4edc: 0000 0000 

  0x000001eab80f4ee0: ;   {no_reloc}
  0x000001eab80f4ee0: e939 2300 | 0000 0000 | 0000 80ba | 2101 0000 | 040f 8536 | 2300 0049 | 8b87 b801 | 0000 488d 
  0x000001eab80f4f00: 7828 493b | bfc8 0100 | 000f 871e | 2300 0049 | 89bf b801 | 0000 48c7 | 0001 0000 | 0048 8bca 
  0x000001eab80f4f20: 49ba 0000 | 00d0 ea01 | 0000 492b | ca89 4808 | 4833 c989 | 480c 4833 | c948 8948 | 1048 8948 
  0x000001eab80f4f40: 1848 8948 | 204c 8bc0 

  0x000001eab80f4f48: ;   {metadata(method data for {method} {0x000001eb1153d880} 'checkNotClosed' '()V' in 'com/sun/glass/ui/View')}
  0x000001eab80f4f48: 48ba c0d9 | e411 eb01 | 0000 4883 | 8230 0100 

  0x000001eab80f4f58: ;   {oop("The view has already been closed"{0x0000000704f8c730})}
  0x000001eab80f4f58: 0001 49b8 | 30c7 f804 | 0700 0000 | 488b d048 | 8984 24a8 

  0x000001eab80f4f6c: ;   {optimized virtual_call}
  0x000001eab80f4f6c: 0200 00e8 

  0x000001eab80f4f70: ; ImmutableOopMap {[232]=Oop [640]=Oop [680]=Oop [688]=Oop }
                      ;*invokespecial <init> {reexecute=0 rethrow=0 return_oop=0}
                      ; - com.sun.glass.ui.View::checkNotClosed@15 (line 435)
                      ; - com.sun.glass.ui.View::unlock@1 (line 747)
                      ; - com.sun.prism.PresentableState::unlock@11 (line 296)
                      ; - com.sun.javafx.tk.quantum.PresentingPainter::run@626 (line 120)
  0x000001eab80f4f70: 0c9b d106 

  0x000001eab80f4f74: ;   {other}
  0x000001eab80f4f74: 0f1f 8400 | e4c7 0071 | 488b 8424 | a802 0000 | e9cb 3200 | 000f 1f80 | 0000 0000 

  0x000001eab80f4f90: ;   {no_reloc}
  0x000001eab80f4f90: e9b4 2200 | 0000 0000 | 0000 80ba | 2101 0000 | 040f 85b1 | 2200 0049 | 8b87 b801 | 0000 488d 
  0x000001eab80f4fb0: 7828 493b | bfc8 0100 | 000f 8799 | 2200 0049 | 89bf b801 | 0000 48c7 | 0001 0000 | 0048 8bca 
  0x000001eab80f4fd0: 49ba 0000 | 00d0 ea01 | 0000 492b | ca89 4808 | 4833 c989 | 480c 4833 | c948 8948 | 1048 8948 
  0x000001eab80f4ff0: 1848 8948 | 2048 8bd0 

  0x000001eab80f4ff8: ;   {metadata(method data for {method} {0x000001eb1113cd10} 'removeFirst' '()Ljava/lang/Object;' in 'java/util/LinkedList')}
  0x000001eab80f4ff8: 48be e0fc | bb11 eb01 | 0000 4883 | 8630 0100 | 0001 488b | d048 8984 | 24b8 0200 

  0x000001eab80f5014: ;   {optimized virtual_call}
  0x000001eab80f5014: 0066 90e8 

  0x000001eab80f5018: ; ImmutableOopMap {[232]=Oop [640]=Oop [648]=Oop [696]=Oop [752]=Oop }
                      ;*invokespecial <init> {reexecute=0 rethrow=0 return_oop=0}
                      ; - java.util.LinkedList::removeFirst@13 (line 281)
                      ; - java.util.LinkedList::remove@1 (line 696)
                      ; - com.sun.prism.impl.Disposer::processDisposalQueue@14 (line 184)
                      ; - com.sun.prism.impl.Disposer::cleanUp@9 (line 130)
                      ; - com.sun.javafx.tk.quantum.PresentingPainter::run@615 (line 117)
  0x000001eab80f5018: 649a d106 

  0x000001eab80f501c: ;   {other}
  0x000001eab80f501c: 0f1f 8400 | 8cc8 0072 | 488b 8424 

  0x000001eab80f5028: ; ImmutableOopMap {rax=Oop [232]=Oop [640]=Oop [648]=Oop [752]=Oop }
                      ;*athrow {reexecute=1 rethrow=0 return_oop=0}
                      ; - (reexecute) java.util.LinkedList::removeFirst@16 (line 281)
                      ; - java.util.LinkedList::remove@1 (line 696)
                      ; - com.sun.prism.impl.Disposer::processDisposalQueue@14 (line 184)
                      ; - com.sun.prism.impl.Disposer::cleanUp@9 (line 130)
                      ; - com.sun.javafx.tk.quantum.PresentingPainter::run@615 (line 117)
  0x000001eab80f5028: b802 0000 

  0x000001eab80f502c: ;   {section_word}
  0x000001eab80f502c: 48ba 2c50 | 0fb8 ea01 

  0x000001eab80f5034: ;   {runtime_call handle_exception Runtime1 stub}
  0x000001eab80f5034: 0000 e8c5 | 12de 0690 | 0f1f 4000 

  0x000001eab80f5040: ;   {no_reloc}
  0x000001eab80f5040: e92f 2200 | 0000 0000 | 0000 498b | 87b8 0100 | 0048 8d78 | 3049 3bbf | c801 0000 | 0f87 1c22 
  0x000001eab80f5060: 0000 4989 | bfb8 0100 | 0048 c700 | 0100 0000 | 488b ca49 | ba00 0000 | d0ea 0100 | 0049 2bca 
  0x000001eab80f5080: 8948 0848 | 33c9 8948 | 0c48 33c9 | 4889 4810 | 4889 4818 | 4889 4820 | 4889 4828 

  0x000001eab80f509c: ;   {metadata(method data for {method} {0x000001ead00564a0} 'requireNonNull' '(Ljava/lang/Object;)Ljava/lang/Object;' in 'java/util/Objects')}
  0x000001eab80f509c: 488b d048 | bee0 3b01 | 11eb 0100 | 0048 8386 | 3001 0000 | 0148 8bd0 | 4889 8424 | c002 0000 
  0x000001eab80f50bc: ;   {optimized virtual_call}
  0x000001eab80f50bc: 6666 90e8 

  0x000001eab80f50c0: ; ImmutableOopMap {[232]=Oop [704]=Oop }
                      ;*invokespecial <init> {reexecute=0 rethrow=0 return_oop=0}
                      ; - java.util.Objects::requireNonNull@8 (line 233)
                      ; - java.lang.invoke.VarHandleInts$FieldInstanceReadWrite::getAndSet@16 (line 250)
                      ; - java.lang.invoke.VarHandleGuards::guard_LI_I@45 (line 163)
                      ; - java.util.concurrent.atomic.AtomicBoolean::getAndSet@13 (line 175)
                      ; - com.sun.javafx.tk.quantum.GlassScene::setPainting@5 (line 289)
                      ; - com.sun.javafx.tk.quantum.PresentingPainter::run@578 (line 124)
  0x000001eab80f50c0: bc99 d106 

  0x000001eab80f50c4: ;   {other}
  0x000001eab80f50c4: 0f1f 8400 | 34c9 0074 | 488b 8424 | c002 0000 | e97b 3100 

  0x000001eab80f50d8: ;   {metadata('java/lang/ClassCastException')}
  0x000001eab80f50d8: 0048 bab0 | b606 d0ea | 0100 0049 | 8b87 b801 | 0000 488d | 7828 493b | bfc8 0100 | 000f 8790 
  0x000001eab80f50f8: 2100 0049 | 89bf b801 | 0000 48c7 | 0001 0000 | 0048 8bca | 49ba 0000 | 00d0 ea01 | 0000 492b 
  0x000001eab80f5118: ca89 4808 | 4833 c989 | 480c 4833 | c948 8948 | 1048 8948 | 1848 8948 

  0x000001eab80f5130: ;   {oop(a 'java/lang/Class'{0x000000070458d6f8} = 'java/util/concurrent/atomic/AtomicBoolean')}
  0x000001eab80f5130: 2048 baf8 | d658 0407 | 0000 004c 

  0x000001eab80f513c: ;   {metadata(method data for {method} {0x000001ead046e870} 'cast' '(Ljava/lang/Object;)Ljava/lang/Object;' in 'java/lang/Class')}
  0x000001eab80f513c: 8bc2 48be | e877 1311 | eb01 0000 | 4883 8688 | 0100 0001 | 4c8b c348 | 8984 24c8 | 0200 000f 
  0x000001eab80f515c: ;   {optimized virtual_call}
  0x000001eab80f515c: 1f40 00e8 

  0x000001eab80f5160: ; ImmutableOopMap {[232]=Oop [712]=Oop }
                      ;*invokevirtual cannotCastMsg {reexecute=0 rethrow=0 return_oop=0}
                      ; - java.lang.Class::cast@18 (line 4067)
                      ; - java.lang.invoke.VarHandleInts$FieldInstanceReadWrite::getAndSet@13 (line 250)
                      ; - java.lang.invoke.VarHandleGuards::guard_LI_I@45 (line 163)
                      ; - java.util.concurrent.atomic.AtomicBoolean::getAndSet@13 (line 175)
                      ; - com.sun.javafx.tk.quantum.GlassScene::setPainting@5 (line 289)
                      ; - com.sun.javafx.tk.quantum.PresentingPainter::run@578 (line 124)
  0x000001eab80f5160: 1c99 d106 

  0x000001eab80f5164: ;   {other}
  0x000001eab80f5164: 0f1f 8400 | d4c9 0075 | 4c8b 8424 | c802 0000 

  0x000001eab80f5174: ;   {metadata(method data for {method} {0x000001ead046e870} 'cast' '(Ljava/lang/Object;)Ljava/lang/Object;' in 'java/lang/Class')}
  0x000001eab80f5174: 48ba e877 | 1311 eb01 | 0000 4883 | 82c0 0100 | 0001 4c8b | c048 8b94 | 24c8 0200 | 0066 0f1f 
  0x000001eab80f5194: ;   {optimized virtual_call}
  0x000001eab80f5194: 4400 00e8 

  0x000001eab80f5198: ; ImmutableOopMap {[232]=Oop [712]=Oop }
                      ;*invokespecial <init> {reexecute=0 rethrow=0 return_oop=0}
                      ; - java.lang.Class::cast@21 (line 4067)
                      ; - java.lang.invoke.VarHandleInts$FieldInstanceReadWrite::getAndSet@13 (line 250)
                      ; - java.lang.invoke.VarHandleGuards::guard_LI_I@45 (line 163)
                      ; - java.util.concurrent.atomic.AtomicBoolean::getAndSet@13 (line 175)
                      ; - com.sun.javafx.tk.quantum.GlassScene::setPainting@5 (line 289)
                      ; - com.sun.javafx.tk.quantum.PresentingPainter::run@578 (line 124)
  0x000001eab80f5198: e498 d106 

  0x000001eab80f519c: ;   {other}
  0x000001eab80f519c: 0f1f 8400 | 0cca 0076 | 488b 8424 | c802 0000 | e9a3 3000 | 0048 899c | 24d8 0200 | 000f 1f80 
  0x000001eab80f51bc: 0000 0000 

  0x000001eab80f51c0: ;   {no_reloc}
  0x000001eab80f51c0: e9e2 2000 | 0000 0000 | 0000 80ba | 2101 0000 | 040f 85df | 2000 0049 | 8b87 b801 | 0000 488d 
  0x000001eab80f51e0: 7828 493b | bfc8 0100 | 000f 87c7 | 2000 0049 | 89bf b801 | 0000 48c7 | 0001 0000 | 0048 8bca 
  0x000001eab80f5200: 49ba 0000 | 00d0 ea01 | 0000 492b | ca89 4808 | 4833 c989 | 480c 4833 | c948 8948 | 1048 8948 
  0x000001eab80f5220: 1848 8948 | 204c 8bc0 

  0x000001eab80f5228: ;   {metadata(method data for {method} {0x000001eb1153d880} 'checkNotClosed' '()V' in 'com/sun/glass/ui/View')}
  0x000001eab80f5228: 48ba c0d9 | e411 eb01 | 0000 4883 | 8230 0100 

  0x000001eab80f5238: ;   {oop("The view has already been closed"{0x0000000704f8c730})}
  0x000001eab80f5238: 0001 49b8 | 30c7 f804 | 0700 0000 | 488b d048 | 8984 24d0 

  0x000001eab80f524c: ;   {optimized virtual_call}
  0x000001eab80f524c: 0200 00e8 

  0x000001eab80f5250: ; ImmutableOopMap {[232]=Oop [720]=Oop [728]=Oop }
                      ;*invokespecial <init> {reexecute=0 rethrow=0 return_oop=0}
                      ; - com.sun.glass.ui.View::checkNotClosed@15 (line 435)
                      ; - com.sun.glass.ui.View::unlock@1 (line 747)
                      ; - com.sun.prism.PresentableState::unlock@11 (line 296)
                      ; - com.sun.javafx.tk.quantum.PresentingPainter::run@560 (line 120)
  0x000001eab80f5250: 2c98 d106 

  0x000001eab80f5254: ;   {other}
  0x000001eab80f5254: 0f1f 8400 | c4ca 0077 | 488b 8424 | d002 0000 | e9eb 2f00 | 000f 1f80 | 0000 0000 

  0x000001eab80f5270: ;   {no_reloc}
  0x000001eab80f5270: e95d 2000 | 0000 0000 | 0000 80ba | 2101 0000 | 040f 855a | 2000 0049 | 8b87 b801 | 0000 488d 
  0x000001eab80f5290: 7828 493b | bfc8 0100 | 000f 8742 | 2000 0049 | 89bf b801 | 0000 48c7 | 0001 0000 | 0048 8bca 
  0x000001eab80f52b0: 49ba 0000 | 00d0 ea01 | 0000 492b | ca89 4808 | 4833 c989 | 480c 4833 | c948 8948 | 1048 8948 
  0x000001eab80f52d0: 1848 8948 | 2048 8bd0 

  0x000001eab80f52d8: ;   {metadata(method data for {method} {0x000001eb1113cd10} 'removeFirst' '()Ljava/lang/Object;' in 'java/util/LinkedList')}
  0x000001eab80f52d8: 48be e0fc | bb11 eb01 | 0000 4883 | 8630 0100 | 0001 488b | d048 8984 | 24e0 0200 

  0x000001eab80f52f4: ;   {optimized virtual_call}
  0x000001eab80f52f4: 0066 90e8 

  0x000001eab80f52f8: ; ImmutableOopMap {[232]=Oop [608]=Oop [736]=Oop [752]=Oop }
                      ;*invokespecial <init> {reexecute=0 rethrow=0 return_oop=0}
                      ; - java.util.LinkedList::removeFirst@13 (line 281)
                      ; - java.util.LinkedList::remove@1 (line 696)
                      ; - com.sun.prism.impl.Disposer::processDisposalQueue@14 (line 184)
                      ; - com.sun.prism.impl.Disposer::cleanUp@9 (line 130)
                      ; - com.sun.javafx.tk.quantum.PresentingPainter::run@549 (line 117)
  0x000001eab80f52f8: 8497 d106 

  0x000001eab80f52fc: ;   {other}
  0x000001eab80f52fc: 0f1f 8400 | 6ccb 0078 | 488b 8424 

  0x000001eab80f5308: ; ImmutableOopMap {rax=Oop [232]=Oop [608]=Oop [752]=Oop }
                      ;*athrow {reexecute=1 rethrow=0 return_oop=0}
                      ; - (reexecute) java.util.LinkedList::removeFirst@16 (line 281)
                      ; - java.util.LinkedList::remove@1 (line 696)
                      ; - com.sun.prism.impl.Disposer::processDisposalQueue@14 (line 184)
                      ; - com.sun.prism.impl.Disposer::cleanUp@9 (line 130)
                      ; - com.sun.javafx.tk.quantum.PresentingPainter::run@549 (line 117)
  0x000001eab80f5308: e002 0000 

  0x000001eab80f530c: ;   {section_word}
  0x000001eab80f530c: 48ba 0c53 | 0fb8 ea01 

  0x000001eab80f5314: ;   {runtime_call handle_exception Runtime1 stub}
  0x000001eab80f5314: 0000 e8e5 | 0fde 0690 | 498b 87f8 | 0400 004d | 33d2 4d89 | 97f8 0400 | 004d 33d2 | 4d89 9700 
  0x000001eab80f5334: 0500 0048 | 8bf0 488d | 8424 e802 | 0000 488b | 3848 85ff | 0f84 0f00 | 0000 488b | 5808 f048 
  0x000001eab80f5354: 0fb1 3b0f | 8591 1f00 | 0049 ff8f | 4805 0000 | 488b c6e9 | e82e 0000 | 498b 87f8 | 0400 004d 
  0x000001eab80f5374: 33d2 4d89 | 97f8 0400 | 004d 33d2 | 4d89 9700 | 0500 0048 | 8bf0 488d | 8424 e802 | 0000 488b 
  0x000001eab80f5394: 3848 85ff | 0f84 0f00 | 0000 488b | 5808 f048 | 0fb1 3b0f | 8557 1f00 | 0049 ff8f | 4805 0000 
  0x000001eab80f53b4: 488b c6e9 | 982e 0000 

  0x000001eab80f53bc: ;   {metadata({method} {0x000001eb119dcc38} 'run' '()V' in 'com/sun/javafx/tk/quantum/PresentingPainter')}
  0x000001eab80f53bc: 49ba 30cc | 9d11 eb01 | 0000 4c89 | 5424 0848 | c704 24ff 

  0x000001eab80f53d0: ;   {runtime_call counter_overflow Runtime1 stub}
  0x000001eab80f53d0: ffff ffe8 

  0x000001eab80f53d4: ; ImmutableOopMap {rdx=Oop [232]=Oop }
                      ;*synchronization entry
                      ; - com.sun.javafx.tk.quantum.PresentingPainter::run@-1 (line 45)
  0x000001eab80f53d4: a84f de06 | e9b1 47ff 

  0x000001eab80f53dc: ;   {metadata({method} {0x000001ead017edc8} 'lock' '()V' in 'java/util/concurrent/locks/ReentrantLock')}
  0x000001eab80f53dc: ff49 bac0 | ed17 d0ea | 0100 004c | 8954 2408 | 48c7 0424 | ffff ffff 

  0x000001eab80f53f4: ;   {runtime_call counter_overflow Runtime1 stub}
  0x000001eab80f53f4: e887 4fde 

  0x000001eab80f53f8: ; ImmutableOopMap {rsi=Oop [232]=Oop }
                      ;*synchronization entry
                      ; - java.util.concurrent.locks.ReentrantLock::lock@-1 (line 322)
                      ; - com.sun.javafx.tk.quantum.PresentingPainter::run@3 (line 45)
  0x000001eab80f53f8: 06e9 5448 

  0x000001eab80f53fc: ;   {runtime_call throw_null_pointer_exception Runtime1 stub}
  0x000001eab80f53fc: ffff e87d 

  0x000001eab80f5400: ; ImmutableOopMap {[232]=Oop }
                      ;*getfield sync {reexecute=1 rethrow=0 return_oop=0}
                      ; - (reexecute) java.util.concurrent.locks.ReentrantLock::lock@1 (line 322)
                      ; - com.sun.javafx.tk.quantum.PresentingPainter::run@3 (line 45)
                      ;   {runtime_call throw_null_pointer_exception Runtime1 stub}
  0x000001eab80f5400: efdd 06e8 

  0x000001eab80f5404: ; ImmutableOopMap {rsi=Oop [232]=Oop }
                      ;*invokevirtual lock {reexecute=0 rethrow=0 return_oop=0}
                      ; - java.util.concurrent.locks.ReentrantLock::lock@4 (line 322)
                      ; - com.sun.javafx.tk.quantum.PresentingPainter::run@3 (line 45)
  0x000001eab80f5404: 78ef dd06 

  0x000001eab80f5408: ;   {metadata({method} {0x000001ead01b0fb0} 'lock' '()V' in 'java/util/concurrent/locks/ReentrantLock$Sync')}
  0x000001eab80f5408: 49ba a80f | 1bd0 ea01 | 0000 4c89 | 5424 0848 | c704 24ff 

  0x000001eab80f541c: ;   {runtime_call counter_overflow Runtime1 stub}
  0x000001eab80f541c: ffff ffe8 

  0x000001eab80f5420: ; ImmutableOopMap {rsi=Oop [232]=Oop }
                      ;*synchronization entry
                      ; - java.util.concurrent.locks.ReentrantLock$Sync::lock@-1 (line 152)
                      ; - java.util.concurrent.locks.ReentrantLock::lock@4 (line 322)
                      ; - com.sun.javafx.tk.quantum.PresentingPainter::run@3 (line 45)
  0x000001eab80f5420: 5c4f de06 | e96f 48ff 

  0x000001eab80f5428: ;   {metadata({method} {0x000001eb11d53d68} 'cleanUp' '()V' in 'com/sun/prism/impl/Disposer')}
  0x000001eab80f5428: ff49 ba60 | 3dd5 11eb | 0100 004c | 8954 2408 | 48c7 0424 | ffff ffff 

  0x000001eab80f5440: ;   {runtime_call counter_overflow Runtime1 stub}
  0x000001eab80f5440: e83b 4fde 

  0x000001eab80f5444: ; ImmutableOopMap {[232]=Oop }
                      ;*synchronization entry
                      ; - com.sun.prism.impl.Disposer::cleanUp@-1 (line 129)
                      ; - com.sun.javafx.tk.quantum.PresentingPainter::run@40 (line 117)
  0x000001eab80f5444: 06e9 5b4b 

  0x000001eab80f5448: ;   {runtime_call throw_null_pointer_exception Runtime1 stub}
  0x000001eab80f5448: ffff e831 

  0x000001eab80f544c: ; ImmutableOopMap {rsi=Oop rdx=Oop [232]=Oop }
                      ;*invokevirtual disposeUnreachables {reexecute=0 rethrow=0 return_oop=0}
                      ; - com.sun.prism.impl.Disposer::cleanUp@3 (line 129)
                      ; - com.sun.javafx.tk.quantum.PresentingPainter::run@40 (line 117)
                      ;   {runtime_call throw_null_pointer_exception Runtime1 stub}
  0x000001eab80f544c: efdd 06e8 

  0x000001eab80f5450: ; ImmutableOopMap {rsi=Oop [232]=Oop [248]=Oop }
                      ;*invokevirtual processDisposalQueue {reexecute=0 rethrow=0 return_oop=0}
                      ; - com.sun.prism.impl.Disposer::cleanUp@9 (line 130)
                      ; - com.sun.javafx.tk.quantum.PresentingPainter::run@40 (line 117)
  0x000001eab80f5450: 2cef dd06 | 4889 7424 | 084c 8904 

  0x000001eab80f545c: ;   {runtime_call monitorenter Runtime1 stub}
  0x000001eab80f545c: 24e8 1e26 

  0x000001eab80f5460: ; ImmutableOopMap {rsi=Oop [232]=Oop [248]=Oop [752]=Oop }
                      ;*synchronization entry
                      ; - com.sun.prism.impl.Disposer::processDisposalQueue@-1 (line 183)
                      ; - com.sun.prism.impl.Disposer::cleanUp@9 (line 130)
                      ; - com.sun.javafx.tk.quantum.PresentingPainter::run@40 (line 117)
  0x000001eab80f5460: de06 e9e6 

  0x000001eab80f5464: ;   {metadata({method} {0x000001eb11d540e0} 'processDisposalQueue' '()V' in 'com/sun/prism/impl/Disposer')}
  0x000001eab80f5464: 4bff ff49 | bad8 40d5 | 11eb 0100 | 004c 8954 | 2408 48c7 | 0424 ffff 

  0x000001eab80f547c: ;   {runtime_call counter_overflow Runtime1 stub}
  0x000001eab80f547c: ffff e8fd 

  0x000001eab80f5480: ; ImmutableOopMap {rsi=Oop [232]=Oop [248]=Oop [752]=Oop }
                      ;*synchronization entry
                      ; - com.sun.prism.impl.Disposer::processDisposalQueue@-1 (line 183)
                      ; - com.sun.prism.impl.Disposer::cleanUp@9 (line 130)
                      ; - com.sun.javafx.tk.quantum.PresentingPainter::run@40 (line 117)
  0x000001eab80f5480: 4ede 06e9 | ee4b ffff 

  0x000001eab80f5488: ;   {runtime_call throw_null_pointer_exception Runtime1 stub}
  0x000001eab80f5488: e8f3 eedd 

  0x000001eab80f548c: ; ImmutableOopMap {rsi=Oop rdx=Oop [232]=Oop [248]=Oop [752]=Oop }
                      ;*invokevirtual isEmpty {reexecute=0 rethrow=0 return_oop=0}
                      ; - com.sun.prism.impl.Disposer::processDisposalQueue@4 (line 183)
                      ; - com.sun.prism.impl.Disposer::cleanUp@9 (line 130)
                      ; - com.sun.javafx.tk.quantum.PresentingPainter::run@40 (line 117)
                      ;   {metadata({method} {0x000001ead005a568} 'isEmpty' '()Z' in 'java/util/AbstractCollection')}
  0x000001eab80f548c: 0649 ba60 | a505 d0ea | 0100 004c | 8954 2408 | 48c7 0424 | ffff ffff 

  0x000001eab80f54a4: ;   {runtime_call counter_overflow Runtime1 stub}
  0x000001eab80f54a4: e8d7 4ede 

  0x000001eab80f54a8: ; ImmutableOopMap {rsi=Oop rdx=Oop [232]=Oop [248]=Oop [752]=Oop }
                      ;*synchronization entry
                      ; - java.util.AbstractCollection::isEmpty@-1 (line 91)
                      ; - com.sun.prism.impl.Disposer::processDisposalQueue@4 (line 183)
                      ; - com.sun.prism.impl.Disposer::cleanUp@9 (line 130)
                      ; - com.sun.javafx.tk.quantum.PresentingPainter::run@40 (line 117)
  0x000001eab80f54a8: 06e9 914c 

  0x000001eab80f54ac: ;   {metadata({method} {0x000001eb1113e5d8} 'remove' '()Ljava/lang/Object;' in 'java/util/LinkedList')}
  0x000001eab80f54ac: ffff 49ba | d0e5 1311 | eb01 0000 | 4c89 5424 | 0848 c704 | 24ff ffff 

  0x000001eab80f54c4: ;   {runtime_call counter_overflow Runtime1 stub}
  0x000001eab80f54c4: ffe8 b64e 

  0x000001eab80f54c8: ; ImmutableOopMap {rsi=Oop rdx=Oop [232]=Oop [248]=Oop [752]=Oop }
                      ;*synchronization entry
                      ; - java.util.LinkedList::remove@-1 (line 696)
                      ; - com.sun.prism.impl.Disposer::processDisposalQueue@14 (line 184)
                      ; - com.sun.prism.impl.Disposer::cleanUp@9 (line 130)
                      ; - com.sun.javafx.tk.quantum.PresentingPainter::run@40 (line 117)
  0x000001eab80f54c8: de06 e960 

  0x000001eab80f54cc: ;   {metadata({method} {0x000001eb1113cd10} 'removeFirst' '()Ljava/lang/Object;' in 'java/util/LinkedList')}
  0x000001eab80f54cc: 4dff ff49 | ba08 cd13 | 11eb 0100 | 004c 8954 | 2408 48c7 | 0424 ffff 

  0x000001eab80f54e4: ;   {runtime_call counter_overflow Runtime1 stub}
  0x000001eab80f54e4: ffff e895 

  0x000001eab80f54e8: ; ImmutableOopMap {rsi=Oop rdx=Oop [232]=Oop [248]=Oop [752]=Oop }
                      ;*synchronization entry
                      ; - java.util.LinkedList::removeFirst@-1 (line 279)
                      ; - java.util.LinkedList::remove@1 (line 696)
                      ; - com.sun.prism.impl.Disposer::processDisposalQueue@14 (line 184)
                      ; - com.sun.prism.impl.Disposer::cleanUp@9 (line 130)
                      ; - com.sun.javafx.tk.quantum.PresentingPainter::run@40 (line 117)
  0x000001eab80f54e8: 4ede 06e9 | 8e4d ffff | 4889 0424 

  0x000001eab80f54f4: ;   {runtime_call throw_class_cast_exception Runtime1 stub}
  0x000001eab80f54f4: e807 17de 

  0x000001eab80f54f8: ; ImmutableOopMap {[232]=Oop [248]=Oop [752]=Oop }
                      ;*checkcast {reexecute=0 rethrow=0 return_oop=0}
                      ; - com.sun.prism.impl.Disposer::processDisposalQueue@17 (line 184)
                      ; - com.sun.prism.impl.Disposer::cleanUp@9 (line 130)
                      ; - com.sun.javafx.tk.quantum.PresentingPainter::run@40 (line 117)
                      ;   {runtime_call throw_null_pointer_exception Runtime1 stub}
  0x000001eab80f54f8: 06e8 82ee 

  0x000001eab80f54fc: ; ImmutableOopMap {rdx=Oop [232]=Oop [248]=Oop [752]=Oop }
                      ;*invokeinterface dispose {reexecute=0 rethrow=0 return_oop=0}
                      ; - com.sun.prism.impl.Disposer::processDisposalQueue@20 (line 184)
                      ; - com.sun.prism.impl.Disposer::cleanUp@9 (line 130)
                      ; - com.sun.javafx.tk.quantum.PresentingPainter::run@40 (line 117)
                      ;   {metadata({method} {0x000001eb11d540e0} 'processDisposalQueue' '()V' in 'com/sun/prism/impl/Disposer')}
  0x000001eab80f54fc: dd06 49ba | d840 d511 | eb01 0000 | 4c89 5424 | 0848 c704 | 2419 0000 

  0x000001eab80f5514: ;   {runtime_call counter_overflow Runtime1 stub}
  0x000001eab80f5514: 00e8 664e 

  0x000001eab80f5518: ; ImmutableOopMap {[232]=Oop [248]=Oop [752]=Oop }
                      ;*goto {reexecute=1 rethrow=0 return_oop=0}
                      ; - (reexecute) com.sun.prism.impl.Disposer::processDisposalQueue@25 (line 184)
                      ; - com.sun.prism.impl.Disposer::cleanUp@9 (line 130)
                      ; - com.sun.javafx.tk.quantum.PresentingPainter::run@40 (line 117)
  0x000001eab80f5518: de06 e9a9 | 4fff ff48 | 8d84 24e8 | 0200 0048 

  0x000001eab80f5528: ;   {runtime_call monitorexit Runtime1 stub}
  0x000001eab80f5528: 8904 24e8 | 5030 de06 | e9e4 4fff 

  0x000001eab80f5534: ;   {runtime_call throw_null_pointer_exception Runtime1 stub}
  0x000001eab80f5534: ffe8 46ee 

  0x000001eab80f5538: ; ImmutableOopMap {rdx=Oop r8=Oop [232]=Oop }
                      ;*invokevirtual getScene {reexecute=0 rethrow=0 return_oop=0}
                      ; - com.sun.javafx.tk.quantum.PresentingPainter::run@58 (line 123)
  0x000001eab80f5538: dd06 4c89 

  0x000001eab80f553c: ;   {runtime_call throw_class_cast_exception Runtime1 stub}
  0x000001eab80f553c: 0424 e8bd 

  0x000001eab80f5540: ; ImmutableOopMap {rdx=Oop [232]=Oop }
                      ;*checkcast {reexecute=0 rethrow=0 return_oop=0}
                      ; - com.sun.javafx.tk.quantum.PresentingPainter::run@61 (line 123)
                      ;   {runtime_call throw_null_pointer_exception Runtime1 stub}
  0x000001eab80f5540: 16de 06e8 

  0x000001eab80f5544: ; ImmutableOopMap {rdx=Oop r8=Oop [232]=Oop }
                      ;*invokevirtual setPainting {reexecute=0 rethrow=0 return_oop=0}
                      ; - com.sun.javafx.tk.quantum.PresentingPainter::run@69 (line 124)
  0x000001eab80f5544: 38ee dd06 

  0x000001eab80f5548: ;   {metadata({method} {0x000001eb1151dd70} 'setPainting' '(Z)Z' in 'com/sun/javafx/tk/quantum/GlassScene')}
  0x000001eab80f5548: 49ba 68dd | 5111 eb01 | 0000 4c89 | 5424 0848 | c704 24ff 

  0x000001eab80f555c: ;   {runtime_call counter_overflow Runtime1 stub}
  0x000001eab80f555c: ffff ffe8 

  0x000001eab80f5560: ; ImmutableOopMap {rdx=Oop r8=Oop [232]=Oop }
                      ;*synchronization entry
                      ; - com.sun.javafx.tk.quantum.GlassScene::setPainting@-1 (line 289)
                      ; - com.sun.javafx.tk.quantum.PresentingPainter::run@69 (line 124)
  0x000001eab80f5560: 1c4e de06 | e9a8 51ff 

  0x000001eab80f5568: ;   {runtime_call throw_null_pointer_exception Runtime1 stub}
  0x000001eab80f5568: ffe8 12ee 

  0x000001eab80f556c: ; ImmutableOopMap {rdx=Oop rbx=Oop [232]=Oop }
                      ;*invokevirtual getAndSet {reexecute=0 rethrow=0 return_oop=0}
                      ; - com.sun.javafx.tk.quantum.GlassScene::setPainting@5 (line 289)
                      ; - com.sun.javafx.tk.quantum.PresentingPainter::run@69 (line 124)
                      ;   {metadata({method} {0x000001eb1112f1e0} 'getAndSet' '(Z)Z' in 'java/util/concurrent/atomic/AtomicBoolean')}
  0x000001eab80f556c: dd06 49ba | d8f1 1211 | eb01 0000 | 4c89 5424 | 0848 c704 | 24ff ffff 

  0x000001eab80f5584: ;   {runtime_call counter_overflow Runtime1 stub}
  0x000001eab80f5584: ffe8 f64d 

  0x000001eab80f5588: ; ImmutableOopMap {rdx=Oop rbx=Oop [232]=Oop }
                      ;*synchronization entry
                      ; - java.util.concurrent.atomic.AtomicBoolean::getAndSet@-1 (line 175)
                      ; - com.sun.javafx.tk.quantum.GlassScene::setPainting@5 (line 289)
                      ; - com.sun.javafx.tk.quantum.PresentingPainter::run@69 (line 124)
  0x000001eab80f5588: de06 e9cb 

  0x000001eab80f558c: ;   {metadata({method} {0x000001ead0157d50} 'guard_LI_I' '(Ljava/lang/invoke/VarHandle;Ljava/lang/Object;ILjava/lang/invoke/VarHandle$AccessDescriptor;)I' in 'java/lang/invoke/VarHandleGuards')}
  0x000001eab80f558c: 51ff ff49 | ba48 7d15 | d0ea 0100 | 004c 8954 | 2408 48c7 | 0424 ffff 

  0x000001eab80f55a4: ;   {runtime_call counter_overflow Runtime1 stub}
  0x000001eab80f55a4: ffff e8d5 

  0x000001eab80f55a8: ; ImmutableOopMap {rdx=Oop rbx=Oop rsi=Oop [232]=Oop }
                      ;*synchronization entry
                      ; - java.lang.invoke.VarHandleGuards::guard_LI_I@-1 (line 161)
                      ; - java.util.concurrent.atomic.AtomicBoolean::getAndSet@13 (line 175)
                      ; - com.sun.javafx.tk.quantum.GlassScene::setPainting@5 (line 289)
                      ; - com.sun.javafx.tk.quantum.PresentingPainter::run@69 (line 124)
  0x000001eab80f55a8: 4dde 06e9 | 2152 ffff 

  0x000001eab80f55b0: ;   {metadata({method} {0x000001ead0093f08} 'checkAccessModeThenIsDirect' '(Ljava/lang/invoke/VarHandle$AccessDescriptor;)Z' in 'java/lang/invoke/VarHandle')}
  0x000001eab80f55b0: 49ba 003f | 09d0 ea01 | 0000 4c89 | 5424 0848 | c704 24ff 

  0x000001eab80f55c4: ;   {runtime_call counter_overflow Runtime1 stub}
  0x000001eab80f55c4: ffff ffe8 

  0x000001eab80f55c8: ; ImmutableOopMap {rdx=Oop rbx=Oop [232]=Oop }
                      ;*synchronization entry
                      ; - java.lang.invoke.VarHandle::checkAccessModeThenIsDirect@-1 (line 2075)
                      ; - java.lang.invoke.VarHandleGuards::guard_LI_I@2 (line 161)
                      ; - java.util.concurrent.atomic.AtomicBoolean::getAndSet@13 (line 175)
                      ; - com.sun.javafx.tk.quantum.GlassScene::setPainting@5 (line 289)
                      ; - com.sun.javafx.tk.quantum.PresentingPainter::run@69 (line 124)
  0x000001eab80f55c8: b44d de06 | e9e6 52ff 

  0x000001eab80f55d0: ;   {metadata({method} {0x000001ead0155cf0} 'getMemberName' '(I)Ljava/lang/invoke/MemberName;' in 'java/lang/invoke/VarForm')}
  0x000001eab80f55d0: ff49 bae8 | 5c15 d0ea | 0100 004c | 8954 2408 | 48c7 0424 | ffff ffff 

  0x000001eab80f55e8: ;   {runtime_call counter_overflow Runtime1 stub}
  0x000001eab80f55e8: e893 4dde 

  0x000001eab80f55ec: ; ImmutableOopMap {rdx=Oop rbx=Oop [232]=Oop }
                      ;*synchronization entry
                      ; - java.lang.invoke.VarForm::getMemberName@-1 (line 114)
                      ; - java.lang.invoke.VarHandleGuards::guard_LI_I@42 (line 163)
                      ; - java.util.concurrent.atomic.AtomicBoolean::getAndSet@13 (line 175)
                      ; - com.sun.javafx.tk.quantum.GlassScene::setPainting@5 (line 289)
                      ; - com.sun.javafx.tk.quantum.PresentingPainter::run@69 (line 124)
  0x000001eab80f55ec: 06e9 3d53 

  0x000001eab80f55f0: ;   {metadata({method} {0x000001eb110e9768} 'getAndSet' '(Ljava/lang/invoke/VarHandle;Ljava/lang/Object;I)I' in 'java/lang/invoke/VarHandleInts$FieldInstanceReadWrite')}
  0x000001eab80f55f0: ffff 49ba | 6097 0e11 | eb01 0000 | 4c89 5424 | 0848 c704 | 24ff ffff 

  0x000001eab80f5608: ;   {runtime_call counter_overflow Runtime1 stub}
  0x000001eab80f5608: ffe8 724d 

  0x000001eab80f560c: ; ImmutableOopMap {rdx=Oop rbx=Oop [232]=Oop }
                      ;*synchronization entry
                      ; - java.lang.invoke.VarHandleInts$FieldInstanceReadWrite::getAndSet@-1 (line 249)
                      ; - java.lang.invoke.VarHandleGuards::guard_LI_I@45 (line 163)
                      ; - java.util.concurrent.atomic.AtomicBoolean::getAndSet@13 (line 175)
                      ; - com.sun.javafx.tk.quantum.GlassScene::setPainting@5 (line 289)
                      ; - com.sun.javafx.tk.quantum.PresentingPainter::run@69 (line 124)
  0x000001eab80f560c: de06 e9c0 

  0x000001eab80f5610: ;   {metadata({method} {0x000001ead046e870} 'cast' '(Ljava/lang/Object;)Ljava/lang/Object;' in 'java/lang/Class')}
  0x000001eab80f5610: 53ff ff49 | ba68 e846 | d0ea 0100 | 004c 8954 | 2408 48c7 | 0424 ffff 

  0x000001eab80f5628: ;   {runtime_call counter_overflow Runtime1 stub}
  0x000001eab80f5628: ffff e851 

  0x000001eab80f562c: ; ImmutableOopMap {rdx=Oop rbx=Oop [232]=Oop }
                      ;*synchronization entry
                      ; - java.lang.Class::cast@-1 (line 4066)
                      ; - java.lang.invoke.VarHandleInts$FieldInstanceReadWrite::getAndSet@13 (line 250)
                      ; - java.lang.invoke.VarHandleGuards::guard_LI_I@45 (line 163)
                      ; - java.util.concurrent.atomic.AtomicBoolean::getAndSet@13 (line 175)
                      ; - com.sun.javafx.tk.quantum.GlassScene::setPainting@5 (line 289)
                      ; - com.sun.javafx.tk.quantum.PresentingPainter::run@69 (line 124)
  0x000001eab80f562c: 4dde 06e9 | e453 ffff 

  0x000001eab80f5634: ;   {metadata({method} {0x000001ead00564a0} 'requireNonNull' '(Ljava/lang/Object;)Ljava/lang/Object;' in 'java/util/Objects')}
  0x000001eab80f5634: 49ba 9864 | 05d0 ea01 | 0000 4c89 | 5424 0848 | c704 24ff 

  0x000001eab80f5648: ;   {runtime_call counter_overflow Runtime1 stub}
  0x000001eab80f5648: ffff ffe8 

  0x000001eab80f564c: ; ImmutableOopMap {rdx=Oop rbx=Oop [232]=Oop }
                      ;*synchronization entry
                      ; - java.util.Objects::requireNonNull@-1 (line 232)
                      ; - java.lang.invoke.VarHandleInts$FieldInstanceReadWrite::getAndSet@16 (line 250)
                      ; - java.lang.invoke.VarHandleGuards::guard_LI_I@45 (line 163)
                      ; - java.util.concurrent.atomic.AtomicBoolean::getAndSet@13 (line 175)
                      ; - com.sun.javafx.tk.quantum.GlassScene::setPainting@5 (line 289)
                      ; - com.sun.javafx.tk.quantum.PresentingPainter::run@69 (line 124)
  0x000001eab80f564c: 304d de06 | e9c5 54ff 

  0x000001eab80f5654: ;   {runtime_call throw_incompatible_class_change_error Runtime1 stub}
  0x000001eab80f5654: ffe8 261e 

  0x000001eab80f5658: ; ImmutableOopMap {r8=Oop }
                      ;*invokeinterface getTextureResourcePool {reexecute=0 rethrow=0 return_oop=0}
                      ; - com.sun.javafx.tk.quantum.PresentingPainter::run@84 (line 127)
                      ;   {runtime_call throw_null_pointer_exception Runtime1 stub}
  0x000001eab80f5658: de06 e821 

  0x000001eab80f565c: ; ImmutableOopMap {r8=Oop }
                      ;*invokeinterface getTextureResourcePool {reexecute=0 rethrow=0 return_oop=0}
                      ; - com.sun.javafx.tk.quantum.PresentingPainter::run@84 (line 127)
                      ;   {metadata({method} {0x000001eb1150e910} 'getTextureResourcePool' '()Lcom/sun/prism/impl/TextureResourcePool;' in 'com/sun/prism/d3d/D3DResourceFactory')}
  0x000001eab80f565c: eddd 0649 | ba08 e950 | 11eb 0100 | 004c 8954 | 2408 48c7 | 0424 ffff 

  0x000001eab80f5674: ;   {runtime_call counter_overflow Runtime1 stub}
  0x000001eab80f5674: ffff e805 

  0x000001eab80f5678: ; ImmutableOopMap {}
                      ;*synchronization entry
                      ; - com.sun.prism.d3d.D3DResourceFactory::getTextureResourcePool@-1 (line 95)
                      ; - com.sun.javafx.tk.quantum.PresentingPainter::run@84 (line 127)
  0x000001eab80f5678: 4dde 06e9 | fb55 ffff 

  0x000001eab80f5680: ;   {metadata({method} {0x000001ead017ee20} 'unlock' '()V' in 'java/util/concurrent/locks/ReentrantLock')}
  0x000001eab80f5680: 49ba 18ee | 17d0 ea01 | 0000 4c89 | 5424 0848 | c704 24ff 

  0x000001eab80f5694: ;   {runtime_call counter_overflow Runtime1 stub}
  0x000001eab80f5694: ffff ffe8 

  0x000001eab80f5698: ; ImmutableOopMap {r8=Oop }
                      ;*synchronization entry
                      ; - java.util.concurrent.locks.ReentrantLock::unlock@-1 (line 494)
                      ; - com.sun.javafx.tk.quantum.PresentingPainter::run@98 (line 130)
  0x000001eab80f5698: e44c de06 | e94f 57ff 

  0x000001eab80f56a0: ;   {runtime_call throw_null_pointer_exception Runtime1 stub}
  0x000001eab80f56a0: ffe8 daec 

  0x000001eab80f56a4: ; ImmutableOopMap {rsi=Oop }
                      ;*invokevirtual release {reexecute=0 rethrow=0 return_oop=0}
                      ; - java.util.concurrent.locks.ReentrantLock::unlock@5 (line 494)
                      ; - com.sun.javafx.tk.quantum.PresentingPainter::run@98 (line 130)
                      ;   {metadata({method} {0x000001ead01b01a8} 'release' '(I)Z' in 'java/util/concurrent/locks/AbstractQueuedSynchronizer')}
  0x000001eab80f56a4: dd06 49ba | a001 1bd0 | ea01 0000 | 4c89 5424 | 0848 c704 | 24ff ffff 

  0x000001eab80f56bc: ;   {runtime_call counter_overflow Runtime1 stub}
  0x000001eab80f56bc: ffe8 be4c 

  0x000001eab80f56c0: ; ImmutableOopMap {rsi=Oop }
                      ;*synchronization entry
                      ; - java.util.concurrent.locks.AbstractQueuedSynchronizer::release@-1 (line 1059)
                      ; - java.util.concurrent.locks.ReentrantLock::unlock@5 (line 494)
                      ; - com.sun.javafx.tk.quantum.PresentingPainter::run@98 (line 130)
  0x000001eab80f56c0: de06 e972 

  0x000001eab80f56c4: ;   {internal_word}
  0x000001eab80f56c4: 57ff ff49 | ba62 af0e | b8ea 0100 | 004d 8997 | 6004 0000 

  0x000001eab80f56d8: ;   {runtime_call SafepointBlob}
  0x000001eab80f56d8: e923 00d2 

  0x000001eab80f56dc: ;   {internal_word}
  0x000001eab80f56dc: 0649 ba7e | af0e b8ea | 0100 004d | 8997 6004 

  0x000001eab80f56ec: ;   {runtime_call SafepointBlob}
  0x000001eab80f56ec: 0000 e90d 

  0x000001eab80f56f0: ;   {runtime_call throw_null_pointer_exception Runtime1 stub}
  0x000001eab80f56f0: 00d2 06e8 

  0x000001eab80f56f4: ; ImmutableOopMap {rdx=Oop rsi=Oop [232]=Oop [264]=Oop }
                      ;*invokevirtual lock {reexecute=0 rethrow=0 return_oop=0}
                      ; - com.sun.javafx.tk.quantum.PresentingPainter::run@106 (line 65)
  0x000001eab80f56f4: 88ec dd06 

  0x000001eab80f56f8: ;   {metadata({method} {0x000001eb119e2928} 'lock' '()V' in 'com/sun/prism/PresentableState')}
  0x000001eab80f56f8: 49ba 2029 | 9e11 eb01 | 0000 4c89 | 5424 0848 | c704 24ff 

  0x000001eab80f570c: ;   {runtime_call counter_overflow Runtime1 stub}
  0x000001eab80f570c: ffff ffe8 

  0x000001eab80f5710: ; ImmutableOopMap {rdx=Oop rsi=Oop [232]=Oop [264]=Oop }
                      ;*synchronization entry
                      ; - com.sun.prism.PresentableState::lock@-1 (line 284)
                      ; - com.sun.javafx.tk.quantum.PresentingPainter::run@106 (line 65)
  0x000001eab80f5710: 6c4c de06 | e94a 59ff 

  0x000001eab80f5718: ;   {runtime_call throw_null_pointer_exception Runtime1 stub}
  0x000001eab80f5718: ffe8 62ec 

  0x000001eab80f571c: ; ImmutableOopMap {rdx=Oop rbx=Oop rsi=Oop [232]=Oop [264]=Oop }
                      ;*invokevirtual lock {reexecute=0 rethrow=0 return_oop=0}
                      ; - com.sun.prism.PresentableState::lock@11 (line 285)
                      ; - com.sun.javafx.tk.quantum.PresentingPainter::run@106 (line 65)
                      ;   {metadata({method} {0x000001eb1153f708} 'lock' '()V' in 'com/sun/glass/ui/View')}
  0x000001eab80f571c: dd06 49ba | 00f7 5311 | eb01 0000 | 4c89 5424 | 0848 c704 | 24ff ffff 

  0x000001eab80f5734: ;   {runtime_call counter_overflow Runtime1 stub}
  0x000001eab80f5734: ffe8 464c 

  0x000001eab80f5738: ; ImmutableOopMap {rdx=Oop rbx=Oop rsi=Oop [232]=Oop [264]=Oop }
                      ;*synchronization entry
                      ; - com.sun.glass.ui.View::lock@-1 (line 736)
                      ; - com.sun.prism.PresentableState::lock@11 (line 285)
                      ; - com.sun.javafx.tk.quantum.PresentingPainter::run@106 (line 65)
  0x000001eab80f5738: de06 e920 

  0x000001eab80f573c: ;   {metadata({method} {0x000001eb1153d880} 'checkNotClosed' '()V' in 'com/sun/glass/ui/View')}
  0x000001eab80f573c: 5aff ff49 | ba78 d853 | 11eb 0100 | 004c 8954 | 2408 48c7 | 0424 ffff 

  0x000001eab80f5754: ;   {runtime_call counter_overflow Runtime1 stub}
  0x000001eab80f5754: ffff e825 

  0x000001eab80f5758: ; ImmutableOopMap {rdx=Oop rbx=Oop rsi=Oop [232]=Oop [264]=Oop }
                      ;*synchronization entry
                      ; - com.sun.glass.ui.View::checkNotClosed@-1 (line 434)
                      ; - com.sun.glass.ui.View::lock@1 (line 736)
                      ; - com.sun.prism.PresentableState::lock@11 (line 285)
                      ; - com.sun.javafx.tk.quantum.PresentingPainter::run@106 (line 65)
  0x000001eab80f5758: 4cde 06e9 | 3d5a ffff 

  0x000001eab80f5760: ;   {runtime_call throw_null_pointer_exception Runtime1 stub}
  0x000001eab80f5760: e81b ecdd 

  0x000001eab80f5764: ; ImmutableOopMap {rsi=Oop rdx=Oop [232]=Oop [264]=Oop }
                      ;*invokevirtual getNativeFrameBuffer {reexecute=0 rethrow=0 return_oop=0}
                      ; - com.sun.prism.PresentableState::lock@19 (line 286)
                      ; - com.sun.javafx.tk.quantum.PresentingPainter::run@106 (line 65)
                      ;   {metadata({method} {0x000001eb1153f970} 'getNativeFrameBuffer' '()I' in 'com/sun/glass/ui/View')}
  0x000001eab80f5764: 0649 ba68 | f953 11eb | 0100 004c | 8954 2408 | 48c7 0424 | ffff ffff 

  0x000001eab80f577c: ;   {runtime_call counter_overflow Runtime1 stub}
  0x000001eab80f577c: e8ff 4bde 

  0x000001eab80f5780: ; ImmutableOopMap {rsi=Oop rdx=Oop [232]=Oop [264]=Oop }
                      ;*synchronization entry
                      ; - com.sun.glass.ui.View::getNativeFrameBuffer@-1 (line 757)
                      ; - com.sun.prism.PresentableState::lock@19 (line 286)
                      ; - com.sun.javafx.tk.quantum.PresentingPainter::run@106 (line 65)
  0x000001eab80f5780: 06e9 525b 

  0x000001eab80f5784: ;   {metadata({method} {0x000001eb11541e40} '_getNativeFrameBuffer' '(J)I' in 'com/sun/glass/ui/win/WinView')}
  0x000001eab80f5784: ffff 49ba | 381e 5411 | eb01 0000 | 4c89 5424 | 0848 c704 | 24ff ffff 

  0x000001eab80f579c: ;   {runtime_call counter_overflow Runtime1 stub}
  0x000001eab80f579c: ffe8 de4b 

  0x000001eab80f57a0: ; ImmutableOopMap {rsi=Oop [232]=Oop [264]=Oop }
                      ;*synchronization entry
                      ; - com.sun.glass.ui.win.WinView::_getNativeFrameBuffer@-1 (line 75)
                      ; - com.sun.glass.ui.View::getNativeFrameBuffer@5 (line 757)
                      ; - com.sun.prism.PresentableState::lock@19 (line 286)
                      ; - com.sun.javafx.tk.quantum.PresentingPainter::run@106 (line 65)
  0x000001eab80f57a0: de06 e974 

  0x000001eab80f57a4: ;   {metadata({method} {0x000001eb11502770} 'getDefaultResourceFactory' '()Lcom/sun/prism/ResourceFactory;' in 'com/sun/prism/GraphicsPipeline')}
  0x000001eab80f57a4: 5bff ff49 | ba68 2750 | 11eb 0100 | 004c 8954 | 2408 48c7 | 0424 ffff 

  0x000001eab80f57bc: ;   {runtime_call counter_overflow Runtime1 stub}
  0x000001eab80f57bc: ffff e8bd 

  0x000001eab80f57c0: ; ImmutableOopMap {rdx=Oop [232]=Oop }
                      ;*synchronization entry
                      ; - com.sun.prism.GraphicsPipeline::getDefaultResourceFactory@-1 (line 150)
                      ; - com.sun.javafx.tk.quantum.PresentingPainter::run@119 (line 69)
  0x000001eab80f57c0: 4bde 06e9 | df5b ffff 

  0x000001eab80f57c8: ;   {metadata({method} {0x000001eb11514d30} 'getScreens' '()Ljava/util/List;' in 'com/sun/glass/ui/Screen')}
  0x000001eab80f57c8: 49ba 284d | 5111 eb01 | 0000 4c89 | 5424 0848 | c704 24ff 

  0x000001eab80f57dc: ;   {runtime_call counter_overflow Runtime1 stub}
  0x000001eab80f57dc: ffff ffe8 

  0x000001eab80f57e0: ; ImmutableOopMap {rdx=Oop [232]=Oop }
                      ;*synchronization entry
                      ; - com.sun.glass.ui.Screen::getScreens@-1 (line 67)
                      ; - com.sun.prism.GraphicsPipeline::getDefaultResourceFactory@0 (line 150)
                      ; - com.sun.javafx.tk.quantum.PresentingPainter::run@119 (line 69)
  0x000001eab80f57e0: 9c4b de06 | e9f7 5bff 

  0x000001eab80f57e8: ;   {metadata({method} {0x000001eb11502ce0} 'getPipeline' '()Lcom/sun/prism/GraphicsPipeline;' in 'com/sun/prism/GraphicsPipeline')}
  0x000001eab80f57e8: ff49 bad8 | 2c50 11eb | 0100 004c | 8954 2408 | 48c7 0424 | ffff ffff 

  0x000001eab80f5800: ;   {runtime_call counter_overflow Runtime1 stub}
  0x000001eab80f5800: e87b 4bde 

  0x000001eab80f5804: ; ImmutableOopMap {rdx=Oop rsi=Oop [232]=Oop }
                      ;*synchronization entry
                      ; - com.sun.prism.GraphicsPipeline::getPipeline@-1 (line 264)
                      ; - com.sun.prism.GraphicsPipeline::getDefaultResourceFactory@4 (line 151)
                      ; - com.sun.javafx.tk.quantum.PresentingPainter::run@119 (line 69)
  0x000001eab80f5804: 06e9 665c 

  0x000001eab80f5808: ;   {runtime_call throw_null_pointer_exception Runtime1 stub}
  0x000001eab80f5808: ffff e871 

  0x000001eab80f580c: ; ImmutableOopMap {rdx=Oop rsi=Oop rdi=Oop [232]=Oop }
                      ;*invokevirtual getDefaultResourceFactory {reexecute=0 rethrow=0 return_oop=0}
                      ; - com.sun.prism.GraphicsPipeline::getDefaultResourceFactory@8 (line 151)
                      ; - com.sun.javafx.tk.quantum.PresentingPainter::run@119 (line 69)
                      ;   {metadata({method} {0x000001eb11509ec0} 'getDefaultResourceFactory' '(Ljava/util/List;)Lcom/sun/prism/ResourceFactory;' in 'com/sun/prism/d3d/D3DPipeline')}
  0x000001eab80f580c: ebdd 0649 | bab8 9e50 | 11eb 0100 | 004c 8954 | 2408 48c7 | 0424 ffff 

  0x000001eab80f5824: ;   {runtime_call counter_overflow Runtime1 stub}
  0x000001eab80f5824: ffff e855 

  0x000001eab80f5828: ; ImmutableOopMap {rdx=Oop rsi=Oop rdi=Oop [232]=Oop }
                      ;*synchronization entry
                      ; - com.sun.prism.d3d.D3DPipeline::getDefaultResourceFactory@-1 (line 276)
                      ; - com.sun.prism.GraphicsPipeline::getDefaultResourceFactory@8 (line 151)
                      ; - com.sun.javafx.tk.quantum.PresentingPainter::run@119 (line 69)
  0x000001eab80f5828: 4bde 06e9 | 8f5c ffff | 8b57 1c48 | c1e2 0348 | 83fa 000f | 8400 5dff | ff48 8914 

  0x000001eab80f5844: ;   {runtime_call g1_pre_barrier_slow}
  0x000001eab80f5844: 24e8 3651 | de06 e9f2 | 5cff ff48 | 83f8 000f | 8407 5dff | ff48 893c 

  0x000001eab80f585c: ;   {runtime_call g1_post_barrier_slow}
  0x000001eab80f585c: 24e8 1e54 | de06 e9f9 | 5cff ff8b | 7e30 48c1 | e703 4883 | ff00 0f84 | 045d ffff | 4889 3c24 
  0x000001eab80f587c: ;   {runtime_call g1_pre_barrier_slow}
  0x000001eab80f587c: e8ff 50de | 06e9 f65c | ffff 4883 | fa00 0f84 | 0b5d ffff | 4889 3424 

  0x000001eab80f5894: ;   {runtime_call g1_post_barrier_slow}
  0x000001eab80f5894: e8e7 53de | 06e9 fd5c 

  0x000001eab80f589c: ;   {runtime_call throw_incompatible_class_change_error Runtime1 stub}
  0x000001eab80f589c: ffff e8dd 

  0x000001eab80f58a0: ; ImmutableOopMap {rsi=Oop rdi=Oop [232]=Oop }
                      ;*invokeinterface isDeviceReady {reexecute=0 rethrow=0 return_oop=0}
                      ; - com.sun.javafx.tk.quantum.PresentingPainter::run@136 (line 71)
                      ;   {runtime_call throw_null_pointer_exception Runtime1 stub}
  0x000001eab80f58a0: 1bde 06e8 

  0x000001eab80f58a4: ; ImmutableOopMap {rsi=Oop rdi=Oop [232]=Oop }
                      ;*invokeinterface isDeviceReady {reexecute=0 rethrow=0 return_oop=0}
                      ; - com.sun.javafx.tk.quantum.PresentingPainter::run@136 (line 71)
  0x000001eab80f58a4: d8ea dd06 

  0x000001eab80f58a8: ;   {metadata({method} {0x000001eb1150eab0} 'isDeviceReady' '()Z' in 'com/sun/prism/d3d/D3DResourceFactory')}
  0x000001eab80f58a8: 49ba a8ea | 5011 eb01 | 0000 4c89 | 5424 0848 | c704 24ff 

  0x000001eab80f58bc: ;   {runtime_call counter_overflow Runtime1 stub}
  0x000001eab80f58bc: ffff ffe8 

  0x000001eab80f58c0: ; ImmutableOopMap {rsi=Oop rdi=Oop [232]=Oop }
                      ;*synchronization entry
                      ; - com.sun.prism.d3d.D3DResourceFactory::isDeviceReady@-1 (line 116)
                      ; - com.sun.javafx.tk.quantum.PresentingPainter::run@136 (line 71)
  0x000001eab80f58c0: bc4a de06 | e99b 5dff 

  0x000001eab80f58c8: ;   {runtime_call throw_null_pointer_exception Runtime1 stub}
  0x000001eab80f58c8: ffe8 b2ea 

  0x000001eab80f58cc: ; ImmutableOopMap {rdx=Oop [232]=Oop }
                      ;*invokevirtual testLostStateAndReset {reexecute=0 rethrow=0 return_oop=0}
                      ; - com.sun.prism.d3d.D3DResourceFactory::isDeviceReady@17 (line 120)
                      ; - com.sun.javafx.tk.quantum.PresentingPainter::run@136 (line 71)
                      ;   {runtime_call throw_null_pointer_exception Runtime1 stub}
  0x000001eab80f58cc: dd06 e8ad 

  0x000001eab80f58d0: ; ImmutableOopMap {rdx=Oop rsi=Oop [232]=Oop }
                      ;*invokevirtual getScene {reexecute=0 rethrow=0 return_oop=0}
                      ; - com.sun.javafx.tk.quantum.PresentingPainter::run@148 (line 72)
                      ;   {runtime_call throw_null_pointer_exception Runtime1 stub}
  0x000001eab80f58d0: eadd 06e8 

  0x000001eab80f58d4: ; ImmutableOopMap {rdx=Oop rsi=Oop [232]=Oop }
                      ;*invokevirtual entireSceneNeedsRepaint {reexecute=0 rethrow=0 return_oop=0}
                      ; - com.sun.javafx.tk.quantum.PresentingPainter::run@151 (line 72)
  0x000001eab80f58d4: a8ea dd06 

  0x000001eab80f58d8: ;   {metadata({method} {0x000001eb1151d7b0} 'entireSceneNeedsRepaint' '()V' in 'com/sun/javafx/tk/quantum/GlassScene')}
  0x000001eab80f58d8: 49ba a8d7 | 5111 eb01 | 0000 4c89 | 5424 0848 | c704 24ff 

  0x000001eab80f58ec: ;   {runtime_call counter_overflow Runtime1 stub}
  0x000001eab80f58ec: ffff ffe8 

  0x000001eab80f58f0: ; ImmutableOopMap {rdx=Oop rsi=Oop [232]=Oop }
                      ;*synchronization entry
                      ; - com.sun.javafx.tk.quantum.GlassScene::entireSceneNeedsRepaint@-1 (line 224)
                      ; - com.sun.javafx.tk.quantum.PresentingPainter::run@151 (line 72)
  0x000001eab80f58f0: 8c4a de06 | e9e1 5fff 

  0x000001eab80f58f8: ;   {metadata({method} {0x000001eb11634248} 'isFxApplicationThread' '()Z' in 'javafx/application/Platform')}
  0x000001eab80f58f8: ff49 ba40 | 4263 11eb | 0100 004c | 8954 2408 | 48c7 0424 | ffff ffff 

  0x000001eab80f5910: ;   {runtime_call counter_overflow Runtime1 stub}
  0x000001eab80f5910: e86b 4ade 

  0x000001eab80f5914: ; ImmutableOopMap {rdx=Oop rsi=Oop [232]=Oop }
                      ;*synchronization entry
                      ; - javafx.application.Platform::isFxApplicationThread@-1 (line 194)
                      ; - com.sun.javafx.tk.quantum.GlassScene::entireSceneNeedsRepaint@0 (line 224)
                      ; - com.sun.javafx.tk.quantum.PresentingPainter::run@151 (line 72)
  0x000001eab80f5914: 06e9 f95f 

  0x000001eab80f5918: ;   {metadata({method} {0x000001eb1145ee00} 'isFxApplicationThread' '()Z' in 'com/sun/javafx/application/PlatformImpl')}
  0x000001eab80f5918: ffff 49ba | f8ed 4511 | eb01 0000 | 4c89 5424 | 0848 c704 | 24ff ffff 

  0x000001eab80f5930: ;   {runtime_call counter_overflow Runtime1 stub}
  0x000001eab80f5930: ffe8 4a4a 

  0x000001eab80f5934: ; ImmutableOopMap {rdx=Oop rsi=Oop [232]=Oop }
                      ;*synchronization entry
                      ; - com.sun.javafx.application.PlatformImpl::isFxApplicationThread@-1 (line 428)
                      ; - javafx.application.Platform::isFxApplicationThread@0 (line 194)
                      ; - com.sun.javafx.tk.quantum.GlassScene::entireSceneNeedsRepaint@0 (line 224)
                      ; - com.sun.javafx.tk.quantum.PresentingPainter::run@151 (line 72)
  0x000001eab80f5934: de06 e911 

  0x000001eab80f5938: ;   {runtime_call throw_null_pointer_exception Runtime1 stub}
  0x000001eab80f5938: 60ff ffe8 

  0x000001eab80f593c: ; ImmutableOopMap {rax=Oop [232]=Oop [288]=Oop }
                      ;*invokevirtual isFxUserThread {reexecute=0 rethrow=0 return_oop=0}
                      ; - com.sun.javafx.application.PlatformImpl::isFxApplicationThread@3 (line 428)
                      ; - javafx.application.Platform::isFxApplicationThread@0 (line 194)
                      ; - com.sun.javafx.tk.quantum.GlassScene::entireSceneNeedsRepaint@0 (line 224)
                      ; - com.sun.javafx.tk.quantum.PresentingPainter::run@151 (line 72)
  0x000001eab80f593c: 40ea dd06 

  0x000001eab80f5940: ;   {metadata({method} {0x000001eb114740c0} 'isFxUserThread' '()Z' in 'com/sun/javafx/tk/Toolkit')}
  0x000001eab80f5940: 49ba b840 | 4711 eb01 | 0000 4c89 | 5424 0848 | c704 24ff 

  0x000001eab80f5954: ;   {runtime_call counter_overflow Runtime1 stub}
  0x000001eab80f5954: ffff ffe8 

  0x000001eab80f5958: ; ImmutableOopMap {[232]=Oop [288]=Oop }
                      ;*synchronization entry
                      ; - com.sun.javafx.tk.Toolkit::isFxUserThread@-1 (line 301)
                      ; - com.sun.javafx.application.PlatformImpl::isFxApplicationThread@3 (line 428)
                      ; - javafx.application.Platform::isFxApplicationThread@0 (line 194)
                      ; - com.sun.javafx.tk.quantum.GlassScene::entireSceneNeedsRepaint@0 (line 224)
                      ; - com.sun.javafx.tk.quantum.PresentingPainter::run@151 (line 72)
  0x000001eab80f5958: 244a de06 | e9cf 60ff 

  0x000001eab80f5960: ;   {metadata({method} {0x000001eb1151df88} 'sceneChanged' '()V' in 'com/sun/javafx/tk/quantum/GlassScene')}
  0x000001eab80f5960: ff49 ba80 | df51 11eb | 0100 004c | 8954 2408 | 48c7 0424 | ffff ffff 

  0x000001eab80f5978: ;   {runtime_call counter_overflow Runtime1 stub}
  0x000001eab80f5978: e803 4ade 

  0x000001eab80f597c: ; ImmutableOopMap {rsi=Oop [232]=Oop }
                      ;*synchronization entry
                      ; - com.sun.javafx.tk.quantum.GlassScene::sceneChanged@-1 (line 309)
                      ; - com.sun.javafx.tk.quantum.GlassScene::entireSceneNeedsRepaint@12 (line 226)
                      ; - com.sun.javafx.tk.quantum.PresentingPainter::run@151 (line 72)
  0x000001eab80f597c: 06e9 4962 

  0x000001eab80f5980: ;   {metadata({method} {0x000001eb11519120} 'getInstance' '()Lcom/sun/javafx/tk/quantum/PaintCollector;' in 'com/sun/javafx/tk/quantum/PaintCollector')}
  0x000001eab80f5980: ffff 49ba | 1891 5111 | eb01 0000 | 4c89 5424 | 0848 c704 | 24ff ffff 

  0x000001eab80f5998: ;   {runtime_call counter_overflow Runtime1 stub}
  0x000001eab80f5998: ffe8 e249 

  0x000001eab80f599c: ; ImmutableOopMap {rsi=Oop [232]=Oop }
                      ;*synchronization entry
                      ; - com.sun.javafx.tk.quantum.PaintCollector::getInstance@-1 (line 76)
                      ; - com.sun.javafx.tk.quantum.GlassScene::sceneChanged@7 (line 313)
                      ; - com.sun.javafx.tk.quantum.GlassScene::entireSceneNeedsRepaint@12 (line 226)
                      ; - com.sun.javafx.tk.quantum.PresentingPainter::run@151 (line 72)
  0x000001eab80f599c: de06 e9a0 

  0x000001eab80f59a0: ;   {runtime_call throw_null_pointer_exception Runtime1 stub}
  0x000001eab80f59a0: 62ff ffe8 

  0x000001eab80f59a4: ; ImmutableOopMap {rsi=Oop rdx=Oop [232]=Oop }
                      ;*invokevirtual addDirtyScene {reexecute=0 rethrow=0 return_oop=0}
                      ; - com.sun.javafx.tk.quantum.GlassScene::sceneChanged@11 (line 313)
                      ; - com.sun.javafx.tk.quantum.GlassScene::entireSceneNeedsRepaint@12 (line 226)
                      ; - com.sun.javafx.tk.quantum.PresentingPainter::run@151 (line 72)
  0x000001eab80f59a4: d8e9 dd06 

  0x000001eab80f59a8: ;   {metadata({method} {0x000001eb11519120} 'getInstance' '()Lcom/sun/javafx/tk/quantum/PaintCollector;' in 'com/sun/javafx/tk/quantum/PaintCollector')}
  0x000001eab80f59a8: 49ba 1891 | 5111 eb01 | 0000 4c89 | 5424 0848 | c704 24ff 

  0x000001eab80f59bc: ;   {runtime_call counter_overflow Runtime1 stub}
  0x000001eab80f59bc: ffff ffe8 

  0x000001eab80f59c0: ; ImmutableOopMap {rsi=Oop [232]=Oop }
                      ;*synchronization entry
                      ; - com.sun.javafx.tk.quantum.PaintCollector::getInstance@-1 (line 76)
                      ; - com.sun.javafx.tk.quantum.GlassScene::sceneChanged@17 (line 318)
                      ; - com.sun.javafx.tk.quantum.GlassScene::entireSceneNeedsRepaint@12 (line 226)
                      ; - com.sun.javafx.tk.quantum.PresentingPainter::run@151 (line 72)
  0x000001eab80f59c0: bc49 de06 | e90c 63ff 

  0x000001eab80f59c8: ;   {runtime_call throw_null_pointer_exception Runtime1 stub}
  0x000001eab80f59c8: ffe8 b2e9 

  0x000001eab80f59cc: ; ImmutableOopMap {rsi=Oop rdx=Oop [232]=Oop }
                      ;*invokevirtual removeDirtyScene {reexecute=0 rethrow=0 return_oop=0}
                      ; - com.sun.javafx.tk.quantum.GlassScene::sceneChanged@21 (line 318)
                      ; - com.sun.javafx.tk.quantum.GlassScene::entireSceneNeedsRepaint@12 (line 226)
                      ; - com.sun.javafx.tk.quantum.PresentingPainter::run@151 (line 72)
  0x000001eab80f59cc: dd06 49b8 | 0000 0000 | 0000 0000 | b800 0f05 

  0x000001eab80f59dc: ;   {runtime_call load_appendix_patching Runtime1 stub}
  0x000001eab80f59dc: 0ae8 1e42 

  0x000001eab80f59e0: ; ImmutableOopMap {rsi=Oop [232]=Oop }
                      ;*invokedynamic {reexecute=1 rethrow=0 return_oop=0}
                      ; - (reexecute) com.sun.javafx.tk.quantum.GlassScene::entireSceneNeedsRepaint@19 (line 228)
                      ; - com.sun.javafx.tk.quantum.PresentingPainter::run@151 (line 72)
  0x000001eab80f59e0: de06 e949 

  0x000001eab80f59e4: ;   {metadata({method} {0x000001eb11634108} 'runLater' '(Ljava/lang/Runnable;)V' in 'javafx/application/Platform')}
  0x000001eab80f59e4: 63ff ff49 | ba00 4163 | 11eb 0100 | 004c 8954 | 2408 48c7 | 0424 ffff 

  0x000001eab80f59fc: ;   {runtime_call counter_overflow Runtime1 stub}
  0x000001eab80f59fc: ffff e87d 

  0x000001eab80f5a00: ; ImmutableOopMap {rax=Oop [232]=Oop }
                      ;*synchronization entry
                      ; - javafx.application.Platform::runLater@-1 (line 162)
                      ; - com.sun.javafx.tk.quantum.GlassScene::entireSceneNeedsRepaint@24 (line 228)
                      ; - com.sun.javafx.tk.quantum.PresentingPainter::run@151 (line 72)
  0x000001eab80f5a00: 49de 06e9 | eb63 ffff 

  0x000001eab80f5a08: ;   {metadata({method} {0x000001eb1145eea0} 'runLater' '(Ljava/lang/Runnable;)V' in 'com/sun/javafx/application/PlatformImpl')}
  0x000001eab80f5a08: 49ba 98ee | 4511 eb01 | 0000 4c89 | 5424 0848 | c704 24ff 

  0x000001eab80f5a1c: ;   {runtime_call counter_overflow Runtime1 stub}
  0x000001eab80f5a1c: ffff ffe8 

  0x000001eab80f5a20: ; ImmutableOopMap {rax=Oop [232]=Oop }
                      ;*synchronization entry
                      ; - com.sun.javafx.application.PlatformImpl::runLater@-1 (line 432)
                      ; - javafx.application.Platform::runLater@1 (line 162)
                      ; - com.sun.javafx.tk.quantum.GlassScene::entireSceneNeedsRepaint@24 (line 228)
                      ; - com.sun.javafx.tk.quantum.PresentingPainter::run@151 (line 72)
  0x000001eab80f5a20: 5c49 de06 | e908 64ff | ff8b 7230 | 48c1 e603 | 4883 fe00 | 0f84 3764 | ffff 4889 

  0x000001eab80f5a3c: ;   {runtime_call g1_pre_barrier_slow}
  0x000001eab80f5a3c: 3424 e83d | 4fde 06e9 | 2964 ffff 

  0x000001eab80f5a48: ;   {metadata({method} {0x000001eb11d53d68} 'cleanUp' '()V' in 'com/sun/prism/impl/Disposer')}
  0x000001eab80f5a48: 49ba 603d | d511 eb01 | 0000 4c89 | 5424 0848 | c704 24ff 

  0x000001eab80f5a5c: ;   {runtime_call counter_overflow Runtime1 stub}
  0x000001eab80f5a5c: ffff ffe8 

  0x000001eab80f5a60: ; ImmutableOopMap {[232]=Oop }
                      ;*synchronization entry
                      ; - com.sun.prism.impl.Disposer::cleanUp@-1 (line 129)
                      ; - com.sun.javafx.tk.quantum.PresentingPainter::run@159 (line 117)
  0x000001eab80f5a60: 1c49 de06 | e948 64ff 

  0x000001eab80f5a68: ;   {runtime_call throw_null_pointer_exception Runtime1 stub}
  0x000001eab80f5a68: ffe8 12e9 

  0x000001eab80f5a6c: ; ImmutableOopMap {rsi=Oop rdi=Oop [232]=Oop }
                      ;*invokevirtual disposeUnreachables {reexecute=0 rethrow=0 return_oop=0}
                      ; - com.sun.prism.impl.Disposer::cleanUp@3 (line 129)
                      ; - com.sun.javafx.tk.quantum.PresentingPainter::run@159 (line 117)
                      ;   {runtime_call throw_null_pointer_exception Runtime1 stub}
  0x000001eab80f5a6c: dd06 e80d 

  0x000001eab80f5a70: ; ImmutableOopMap {rsi=Oop [232]=Oop [304]=Oop }
                      ;*invokevirtual processDisposalQueue {reexecute=0 rethrow=0 return_oop=0}
                      ; - com.sun.prism.impl.Disposer::cleanUp@9 (line 130)
                      ; - com.sun.javafx.tk.quantum.PresentingPainter::run@159 (line 117)
  0x000001eab80f5a70: e9dd 0648 | 8974 2408 | 4c89 0424 

  0x000001eab80f5a7c: ;   {runtime_call monitorenter Runtime1 stub}
  0x000001eab80f5a7c: e8ff 1fde 

  0x000001eab80f5a80: ; ImmutableOopMap {rsi=Oop [232]=Oop [304]=Oop [752]=Oop }
                      ;*synchronization entry
                      ; - com.sun.prism.impl.Disposer::processDisposalQueue@-1 (line 183)
                      ; - com.sun.prism.impl.Disposer::cleanUp@9 (line 130)
                      ; - com.sun.javafx.tk.quantum.PresentingPainter::run@159 (line 117)
  0x000001eab80f5a80: 06e9 d764 

  0x000001eab80f5a84: ;   {metadata({method} {0x000001eb11d540e0} 'processDisposalQueue' '()V' in 'com/sun/prism/impl/Disposer')}
  0x000001eab80f5a84: ffff 49ba | d840 d511 | eb01 0000 | 4c89 5424 | 0848 c704 | 24ff ffff 

  0x000001eab80f5a9c: ;   {runtime_call counter_overflow Runtime1 stub}
  0x000001eab80f5a9c: ffe8 de48 

  0x000001eab80f5aa0: ; ImmutableOopMap {rsi=Oop [232]=Oop [304]=Oop [752]=Oop }
                      ;*synchronization entry
                      ; - com.sun.prism.impl.Disposer::processDisposalQueue@-1 (line 183)
                      ; - com.sun.prism.impl.Disposer::cleanUp@9 (line 130)
                      ; - com.sun.javafx.tk.quantum.PresentingPainter::run@159 (line 117)
  0x000001eab80f5aa0: de06 e9df 

  0x000001eab80f5aa4: ;   {runtime_call throw_null_pointer_exception Runtime1 stub}
  0x000001eab80f5aa4: 64ff ffe8 

  0x000001eab80f5aa8: ; ImmutableOopMap {rsi=Oop rdx=Oop [232]=Oop [304]=Oop [752]=Oop }
                      ;*invokevirtual isEmpty {reexecute=0 rethrow=0 return_oop=0}
                      ; - com.sun.prism.impl.Disposer::processDisposalQueue@4 (line 183)
                      ; - com.sun.prism.impl.Disposer::cleanUp@9 (line 130)
                      ; - com.sun.javafx.tk.quantum.PresentingPainter::run@159 (line 117)
  0x000001eab80f5aa8: d4e8 dd06 

  0x000001eab80f5aac: ;   {metadata({method} {0x000001ead005a568} 'isEmpty' '()Z' in 'java/util/AbstractCollection')}
  0x000001eab80f5aac: 49ba 60a5 | 05d0 ea01 | 0000 4c89 | 5424 0848 | c704 24ff 

  0x000001eab80f5ac0: ;   {runtime_call counter_overflow Runtime1 stub}
  0x000001eab80f5ac0: ffff ffe8 

  0x000001eab80f5ac4: ; ImmutableOopMap {rsi=Oop rdx=Oop [232]=Oop [304]=Oop [752]=Oop }
                      ;*synchronization entry
                      ; - java.util.AbstractCollection::isEmpty@-1 (line 91)
                      ; - com.sun.prism.impl.Disposer::processDisposalQueue@4 (line 183)
                      ; - com.sun.prism.impl.Disposer::cleanUp@9 (line 130)
                      ; - com.sun.javafx.tk.quantum.PresentingPainter::run@159 (line 117)
  0x000001eab80f5ac4: b848 de06 | e982 65ff 

  0x000001eab80f5acc: ;   {metadata({method} {0x000001eb1113e5d8} 'remove' '()Ljava/lang/Object;' in 'java/util/LinkedList')}
  0x000001eab80f5acc: ff49 bad0 | e513 11eb | 0100 004c | 8954 2408 | 48c7 0424 | ffff ffff 

  0x000001eab80f5ae4: ;   {runtime_call counter_overflow Runtime1 stub}
  0x000001eab80f5ae4: e897 48de 

  0x000001eab80f5ae8: ; ImmutableOopMap {rsi=Oop rdx=Oop [232]=Oop [304]=Oop [752]=Oop }
                      ;*synchronization entry
                      ; - java.util.LinkedList::remove@-1 (line 696)
                      ; - com.sun.prism.impl.Disposer::processDisposalQueue@14 (line 184)
                      ; - com.sun.prism.impl.Disposer::cleanUp@9 (line 130)
                      ; - com.sun.javafx.tk.quantum.PresentingPainter::run@159 (line 117)
  0x000001eab80f5ae8: 06e9 5166 

  0x000001eab80f5aec: ;   {metadata({method} {0x000001eb1113cd10} 'removeFirst' '()Ljava/lang/Object;' in 'java/util/LinkedList')}
  0x000001eab80f5aec: ffff 49ba | 08cd 1311 | eb01 0000 | 4c89 5424 | 0848 c704 | 24ff ffff 

  0x000001eab80f5b04: ;   {runtime_call counter_overflow Runtime1 stub}
  0x000001eab80f5b04: ffe8 7648 

  0x000001eab80f5b08: ; ImmutableOopMap {rsi=Oop rdx=Oop [232]=Oop [304]=Oop [752]=Oop }
                      ;*synchronization entry
                      ; - java.util.LinkedList::removeFirst@-1 (line 279)
                      ; - java.util.LinkedList::remove@1 (line 696)
                      ; - com.sun.prism.impl.Disposer::processDisposalQueue@14 (line 184)
                      ; - com.sun.prism.impl.Disposer::cleanUp@9 (line 130)
                      ; - com.sun.javafx.tk.quantum.PresentingPainter::run@159 (line 117)
  0x000001eab80f5b08: de06 e97f | 66ff ff48 

  0x000001eab80f5b10: ;   {runtime_call throw_class_cast_exception Runtime1 stub}
  0x000001eab80f5b10: 8904 24e8 

  0x000001eab80f5b14: ; ImmutableOopMap {[232]=Oop [304]=Oop [752]=Oop }
                      ;*checkcast {reexecute=0 rethrow=0 return_oop=0}
                      ; - com.sun.prism.impl.Disposer::processDisposalQueue@17 (line 184)
                      ; - com.sun.prism.impl.Disposer::cleanUp@9 (line 130)
                      ; - com.sun.javafx.tk.quantum.PresentingPainter::run@159 (line 117)
  0x000001eab80f5b14: e810 de06 

  0x000001eab80f5b18: ;   {runtime_call throw_null_pointer_exception Runtime1 stub}
  0x000001eab80f5b18: e863 e8dd 

  0x000001eab80f5b1c: ; ImmutableOopMap {rdx=Oop [232]=Oop [304]=Oop [752]=Oop }
                      ;*invokeinterface dispose {reexecute=0 rethrow=0 return_oop=0}
                      ; - com.sun.prism.impl.Disposer::processDisposalQueue@20 (line 184)
                      ; - com.sun.prism.impl.Disposer::cleanUp@9 (line 130)
                      ; - com.sun.javafx.tk.quantum.PresentingPainter::run@159 (line 117)
                      ;   {metadata({method} {0x000001eb11d540e0} 'processDisposalQueue' '()V' in 'com/sun/prism/impl/Disposer')}
  0x000001eab80f5b1c: 0649 bad8 | 40d5 11eb | 0100 004c | 8954 2408 | 48c7 0424 | 1900 0000 

  0x000001eab80f5b34: ;   {runtime_call counter_overflow Runtime1 stub}
  0x000001eab80f5b34: e847 48de 

  0x000001eab80f5b38: ; ImmutableOopMap {[232]=Oop [304]=Oop [752]=Oop }
                      ;*goto {reexecute=1 rethrow=0 return_oop=0}
                      ; - (reexecute) com.sun.prism.impl.Disposer::processDisposalQueue@25 (line 184)
                      ; - com.sun.prism.impl.Disposer::cleanUp@9 (line 130)
                      ; - com.sun.javafx.tk.quantum.PresentingPainter::run@159 (line 117)
  0x000001eab80f5b38: 06e9 9a68 | ffff 488d | 8424 e802 | 0000 4889 

  0x000001eab80f5b48: ;   {runtime_call monitorexit Runtime1 stub}
  0x000001eab80f5b48: 0424 e831 | 2ade 06e9 | d568 ffff 

  0x000001eab80f5b54: ;   {runtime_call throw_null_pointer_exception Runtime1 stub}
  0x000001eab80f5b54: e827 e8dd 

  0x000001eab80f5b58: ; ImmutableOopMap {rdx=Oop r8=Oop [232]=Oop }
                      ;*invokevirtual unlock {reexecute=0 rethrow=0 return_oop=0}
                      ; - com.sun.javafx.tk.quantum.PresentingPainter::run@170 (line 120)
                      ;   {metadata({method} {0x000001eb119e29e0} 'unlock' '()V' in 'com/sun/prism/PresentableState')}
  0x000001eab80f5b58: 0649 bad8 | 299e 11eb | 0100 004c | 8954 2408 | 48c7 0424 | ffff ffff 

  0x000001eab80f5b70: ;   {runtime_call counter_overflow Runtime1 stub}
  0x000001eab80f5b70: e80b 48de 

  0x000001eab80f5b74: ; ImmutableOopMap {rdx=Oop r8=Oop [232]=Oop }
                      ;*synchronization entry
                      ; - com.sun.prism.PresentableState::unlock@-1 (line 296)
                      ; - com.sun.javafx.tk.quantum.PresentingPainter::run@170 (line 120)
  0x000001eab80f5b74: 06e9 8d69 

  0x000001eab80f5b78: ;   {runtime_call throw_null_pointer_exception Runtime1 stub}
  0x000001eab80f5b78: ffff e801 

  0x000001eab80f5b7c: ; ImmutableOopMap {rdx=Oop rbx=Oop [232]=Oop }
                      ;*invokevirtual unlock {reexecute=0 rethrow=0 return_oop=0}
                      ; - com.sun.prism.PresentableState::unlock@11 (line 296)
                      ; - com.sun.javafx.tk.quantum.PresentingPainter::run@170 (line 120)
                      ;   {metadata({method} {0x000001eb1153f840} 'unlock' '()V' in 'com/sun/glass/ui/View')}
  0x000001eab80f5b7c: e8dd 0649 | ba38 f853 | 11eb 0100 | 004c 8954 | 2408 48c7 | 0424 ffff 

  0x000001eab80f5b94: ;   {runtime_call counter_overflow Runtime1 stub}
  0x000001eab80f5b94: ffff e8e5 

  0x000001eab80f5b98: ; ImmutableOopMap {rdx=Oop rbx=Oop [232]=Oop }
                      ;*synchronization entry
                      ; - com.sun.glass.ui.View::unlock@-1 (line 747)
                      ; - com.sun.prism.PresentableState::unlock@11 (line 296)
                      ; - com.sun.javafx.tk.quantum.PresentingPainter::run@170 (line 120)
  0x000001eab80f5b98: 47de 06e9 | 646a ffff 

  0x000001eab80f5ba0: ;   {metadata({method} {0x000001eb1153d880} 'checkNotClosed' '()V' in 'com/sun/glass/ui/View')}
  0x000001eab80f5ba0: 49ba 78d8 | 5311 eb01 | 0000 4c89 | 5424 0848 | c704 24ff 

  0x000001eab80f5bb4: ;   {runtime_call counter_overflow Runtime1 stub}
  0x000001eab80f5bb4: ffff ffe8 

  0x000001eab80f5bb8: ; ImmutableOopMap {rdx=Oop rbx=Oop [232]=Oop }
                      ;*synchronization entry
                      ; - com.sun.glass.ui.View::checkNotClosed@-1 (line 434)
                      ; - com.sun.glass.ui.View::unlock@1 (line 747)
                      ; - com.sun.prism.PresentableState::unlock@11 (line 296)
                      ; - com.sun.javafx.tk.quantum.PresentingPainter::run@170 (line 120)
  0x000001eab80f5bb8: c447 de06 | e981 6aff 

  0x000001eab80f5bc0: ;   {runtime_call throw_null_pointer_exception Runtime1 stub}
  0x000001eab80f5bc0: ffe8 bae7 

  0x000001eab80f5bc4: ; ImmutableOopMap {rdx=Oop r8=Oop [232]=Oop }
                      ;*invokevirtual getScene {reexecute=0 rethrow=0 return_oop=0}
                      ; - com.sun.javafx.tk.quantum.PresentingPainter::run@177 (line 123)
  0x000001eab80f5bc4: dd06 4c89 

  0x000001eab80f5bc8: ;   {runtime_call throw_class_cast_exception Runtime1 stub}
  0x000001eab80f5bc8: 0424 e831 

  0x000001eab80f5bcc: ; ImmutableOopMap {rdx=Oop [232]=Oop }
                      ;*checkcast {reexecute=0 rethrow=0 return_oop=0}
                      ; - com.sun.javafx.tk.quantum.PresentingPainter::run@180 (line 123)
                      ;   {runtime_call throw_null_pointer_exception Runtime1 stub}
  0x000001eab80f5bcc: 10de 06e8 

  0x000001eab80f5bd0: ; ImmutableOopMap {rdx=Oop r8=Oop [232]=Oop }
                      ;*invokevirtual setPainting {reexecute=0 rethrow=0 return_oop=0}
                      ; - com.sun.javafx.tk.quantum.PresentingPainter::run@188 (line 124)
  0x000001eab80f5bd0: ace7 dd06 

  0x000001eab80f5bd4: ;   {metadata({method} {0x000001eb1151dd70} 'setPainting' '(Z)Z' in 'com/sun/javafx/tk/quantum/GlassScene')}
  0x000001eab80f5bd4: 49ba 68dd | 5111 eb01 | 0000 4c89 | 5424 0848 | c704 24ff 

  0x000001eab80f5be8: ;   {runtime_call counter_overflow Runtime1 stub}
  0x000001eab80f5be8: ffff ffe8 

  0x000001eab80f5bec: ; ImmutableOopMap {rdx=Oop r8=Oop [232]=Oop }
                      ;*synchronization entry
                      ; - com.sun.javafx.tk.quantum.GlassScene::setPainting@-1 (line 289)
                      ; - com.sun.javafx.tk.quantum.PresentingPainter::run@188 (line 124)
  0x000001eab80f5bec: 9047 de06 | e9a6 6cff 

  0x000001eab80f5bf4: ;   {runtime_call throw_null_pointer_exception Runtime1 stub}
  0x000001eab80f5bf4: ffe8 86e7 

  0x000001eab80f5bf8: ; ImmutableOopMap {rdx=Oop rbx=Oop [232]=Oop }
                      ;*invokevirtual getAndSet {reexecute=0 rethrow=0 return_oop=0}
                      ; - com.sun.javafx.tk.quantum.GlassScene::setPainting@5 (line 289)
                      ; - com.sun.javafx.tk.quantum.PresentingPainter::run@188 (line 124)
                      ;   {metadata({method} {0x000001eb1112f1e0} 'getAndSet' '(Z)Z' in 'java/util/concurrent/atomic/AtomicBoolean')}
  0x000001eab80f5bf8: dd06 49ba | d8f1 1211 | eb01 0000 | 4c89 5424 | 0848 c704 | 24ff ffff 

  0x000001eab80f5c10: ;   {runtime_call counter_overflow Runtime1 stub}
  0x000001eab80f5c10: ffe8 6a47 

  0x000001eab80f5c14: ; ImmutableOopMap {rdx=Oop rbx=Oop [232]=Oop }
                      ;*synchronization entry
                      ; - java.util.concurrent.atomic.AtomicBoolean::getAndSet@-1 (line 175)
                      ; - com.sun.javafx.tk.quantum.GlassScene::setPainting@5 (line 289)
                      ; - com.sun.javafx.tk.quantum.PresentingPainter::run@188 (line 124)
  0x000001eab80f5c14: de06 e9c9 

  0x000001eab80f5c18: ;   {metadata({method} {0x000001ead0157d50} 'guard_LI_I' '(Ljava/lang/invoke/VarHandle;Ljava/lang/Object;ILjava/lang/invoke/VarHandle$AccessDescriptor;)I' in 'java/lang/invoke/VarHandleGuards')}
  0x000001eab80f5c18: 6cff ff49 | ba48 7d15 | d0ea 0100 | 004c 8954 | 2408 48c7 | 0424 ffff 

  0x000001eab80f5c30: ;   {runtime_call counter_overflow Runtime1 stub}
  0x000001eab80f5c30: ffff e849 

  0x000001eab80f5c34: ; ImmutableOopMap {rdx=Oop rbx=Oop rsi=Oop [232]=Oop }
                      ;*synchronization entry
                      ; - java.lang.invoke.VarHandleGuards::guard_LI_I@-1 (line 161)
                      ; - java.util.concurrent.atomic.AtomicBoolean::getAndSet@13 (line 175)
                      ; - com.sun.javafx.tk.quantum.GlassScene::setPainting@5 (line 289)
                      ; - com.sun.javafx.tk.quantum.PresentingPainter::run@188 (line 124)
  0x000001eab80f5c34: 47de 06e9 | 1f6d ffff 

  0x000001eab80f5c3c: ;   {metadata({method} {0x000001ead0093f08} 'checkAccessModeThenIsDirect' '(Ljava/lang/invoke/VarHandle$AccessDescriptor;)Z' in 'java/lang/invoke/VarHandle')}
  0x000001eab80f5c3c: 49ba 003f | 09d0 ea01 | 0000 4c89 | 5424 0848 | c704 24ff 

  0x000001eab80f5c50: ;   {runtime_call counter_overflow Runtime1 stub}
  0x000001eab80f5c50: ffff ffe8 

  0x000001eab80f5c54: ; ImmutableOopMap {rdx=Oop rbx=Oop [232]=Oop }
                      ;*synchronization entry
                      ; - java.lang.invoke.VarHandle::checkAccessModeThenIsDirect@-1 (line 2075)
                      ; - java.lang.invoke.VarHandleGuards::guard_LI_I@2 (line 161)
                      ; - java.util.concurrent.atomic.AtomicBoolean::getAndSet@13 (line 175)
                      ; - com.sun.javafx.tk.quantum.GlassScene::setPainting@5 (line 289)
                      ; - com.sun.javafx.tk.quantum.PresentingPainter::run@188 (line 124)
  0x000001eab80f5c54: 2847 de06 | e9e4 6dff 

  0x000001eab80f5c5c: ;   {metadata({method} {0x000001ead0155cf0} 'getMemberName' '(I)Ljava/lang/invoke/MemberName;' in 'java/lang/invoke/VarForm')}
  0x000001eab80f5c5c: ff49 bae8 | 5c15 d0ea | 0100 004c | 8954 2408 | 48c7 0424 | ffff ffff 

  0x000001eab80f5c74: ;   {runtime_call counter_overflow Runtime1 stub}
  0x000001eab80f5c74: e807 47de 

  0x000001eab80f5c78: ; ImmutableOopMap {rdx=Oop rbx=Oop [232]=Oop }
                      ;*synchronization entry
                      ; - java.lang.invoke.VarForm::getMemberName@-1 (line 114)
                      ; - java.lang.invoke.VarHandleGuards::guard_LI_I@42 (line 163)
                      ; - java.util.concurrent.atomic.AtomicBoolean::getAndSet@13 (line 175)
                      ; - com.sun.javafx.tk.quantum.GlassScene::setPainting@5 (line 289)
                      ; - com.sun.javafx.tk.quantum.PresentingPainter::run@188 (line 124)
  0x000001eab80f5c78: 06e9 3b6e 

  0x000001eab80f5c7c: ;   {metadata({method} {0x000001eb110e9768} 'getAndSet' '(Ljava/lang/invoke/VarHandle;Ljava/lang/Object;I)I' in 'java/lang/invoke/VarHandleInts$FieldInstanceReadWrite')}
  0x000001eab80f5c7c: ffff 49ba | 6097 0e11 | eb01 0000 | 4c89 5424 | 0848 c704 | 24ff ffff 

  0x000001eab80f5c94: ;   {runtime_call counter_overflow Runtime1 stub}
  0x000001eab80f5c94: ffe8 e646 

  0x000001eab80f5c98: ; ImmutableOopMap {rdx=Oop rbx=Oop [232]=Oop }
                      ;*synchronization entry
                      ; - java.lang.invoke.VarHandleInts$FieldInstanceReadWrite::getAndSet@-1 (line 249)
                      ; - java.lang.invoke.VarHandleGuards::guard_LI_I@45 (line 163)
                      ; - java.util.concurrent.atomic.AtomicBoolean::getAndSet@13 (line 175)
                      ; - com.sun.javafx.tk.quantum.GlassScene::setPainting@5 (line 289)
                      ; - com.sun.javafx.tk.quantum.PresentingPainter::run@188 (line 124)
  0x000001eab80f5c98: de06 e9be 

  0x000001eab80f5c9c: ;   {metadata({method} {0x000001ead046e870} 'cast' '(Ljava/lang/Object;)Ljava/lang/Object;' in 'java/lang/Class')}
  0x000001eab80f5c9c: 6eff ff49 | ba68 e846 | d0ea 0100 | 004c 8954 | 2408 48c7 | 0424 ffff 

  0x000001eab80f5cb4: ;   {runtime_call counter_overflow Runtime1 stub}
  0x000001eab80f5cb4: ffff e8c5 

  0x000001eab80f5cb8: ; ImmutableOopMap {rdx=Oop rbx=Oop [232]=Oop }
                      ;*synchronization entry
                      ; - java.lang.Class::cast@-1 (line 4066)
                      ; - java.lang.invoke.VarHandleInts$FieldInstanceReadWrite::getAndSet@13 (line 250)
                      ; - java.lang.invoke.VarHandleGuards::guard_LI_I@45 (line 163)
                      ; - java.util.concurrent.atomic.AtomicBoolean::getAndSet@13 (line 175)
                      ; - com.sun.javafx.tk.quantum.GlassScene::setPainting@5 (line 289)
                      ; - com.sun.javafx.tk.quantum.PresentingPainter::run@188 (line 124)
  0x000001eab80f5cb8: 46de 06e9 | e26e ffff 

  0x000001eab80f5cc0: ;   {metadata({method} {0x000001ead00564a0} 'requireNonNull' '(Ljava/lang/Object;)Ljava/lang/Object;' in 'java/util/Objects')}
  0x000001eab80f5cc0: 49ba 9864 | 05d0 ea01 | 0000 4c89 | 5424 0848 | c704 24ff 

  0x000001eab80f5cd4: ;   {runtime_call counter_overflow Runtime1 stub}
  0x000001eab80f5cd4: ffff ffe8 

  0x000001eab80f5cd8: ; ImmutableOopMap {rdx=Oop rbx=Oop [232]=Oop }
                      ;*synchronization entry
                      ; - java.util.Objects::requireNonNull@-1 (line 232)
                      ; - java.lang.invoke.VarHandleInts$FieldInstanceReadWrite::getAndSet@16 (line 250)
                      ; - java.lang.invoke.VarHandleGuards::guard_LI_I@45 (line 163)
                      ; - java.util.concurrent.atomic.AtomicBoolean::getAndSet@13 (line 175)
                      ; - com.sun.javafx.tk.quantum.GlassScene::setPainting@5 (line 289)
                      ; - com.sun.javafx.tk.quantum.PresentingPainter::run@188 (line 124)
  0x000001eab80f5cd8: a446 de06 | e9c3 6fff 

  0x000001eab80f5ce0: ;   {runtime_call throw_incompatible_class_change_error Runtime1 stub}
  0x000001eab80f5ce0: ffe8 9a17 

  0x000001eab80f5ce4: ; ImmutableOopMap {r8=Oop }
                      ;*invokeinterface getTextureResourcePool {reexecute=0 rethrow=0 return_oop=0}
                      ; - com.sun.javafx.tk.quantum.PresentingPainter::run@203 (line 127)
                      ;   {runtime_call throw_null_pointer_exception Runtime1 stub}
  0x000001eab80f5ce4: de06 e895 

  0x000001eab80f5ce8: ; ImmutableOopMap {r8=Oop }
                      ;*invokeinterface getTextureResourcePool {reexecute=0 rethrow=0 return_oop=0}
                      ; - com.sun.javafx.tk.quantum.PresentingPainter::run@203 (line 127)
                      ;   {metadata({method} {0x000001eb1150e910} 'getTextureResourcePool' '()Lcom/sun/prism/impl/TextureResourcePool;' in 'com/sun/prism/d3d/D3DResourceFactory')}
  0x000001eab80f5ce8: e6dd 0649 | ba08 e950 | 11eb 0100 | 004c 8954 | 2408 48c7 | 0424 ffff 

  0x000001eab80f5d00: ;   {runtime_call counter_overflow Runtime1 stub}
  0x000001eab80f5d00: ffff e879 

  0x000001eab80f5d04: ; ImmutableOopMap {}
                      ;*synchronization entry
                      ; - com.sun.prism.d3d.D3DResourceFactory::getTextureResourcePool@-1 (line 95)
                      ; - com.sun.javafx.tk.quantum.PresentingPainter::run@203 (line 127)
  0x000001eab80f5d04: 46de 06e9 | f970 ffff 

  0x000001eab80f5d0c: ;   {metadata({method} {0x000001ead017ee20} 'unlock' '()V' in 'java/util/concurrent/locks/ReentrantLock')}
  0x000001eab80f5d0c: 49ba 18ee | 17d0 ea01 | 0000 4c89 | 5424 0848 | c704 24ff 

  0x000001eab80f5d20: ;   {runtime_call counter_overflow Runtime1 stub}
  0x000001eab80f5d20: ffff ffe8 

  0x000001eab80f5d24: ; ImmutableOopMap {r8=Oop }
                      ;*synchronization entry
                      ; - java.util.concurrent.locks.ReentrantLock::unlock@-1 (line 494)
                      ; - com.sun.javafx.tk.quantum.PresentingPainter::run@217 (line 130)
  0x000001eab80f5d24: 5846 de06 | e953 72ff 

  0x000001eab80f5d2c: ;   {runtime_call throw_null_pointer_exception Runtime1 stub}
  0x000001eab80f5d2c: ffe8 4ee6 

  0x000001eab80f5d30: ; ImmutableOopMap {rsi=Oop }
                      ;*invokevirtual release {reexecute=0 rethrow=0 return_oop=0}
                      ; - java.util.concurrent.locks.ReentrantLock::unlock@5 (line 494)
                      ; - com.sun.javafx.tk.quantum.PresentingPainter::run@217 (line 130)
                      ;   {metadata({method} {0x000001ead01b01a8} 'release' '(I)Z' in 'java/util/concurrent/locks/AbstractQueuedSynchronizer')}
  0x000001eab80f5d30: dd06 49ba | a001 1bd0 | ea01 0000 | 4c89 5424 | 0848 c704 | 24ff ffff 

  0x000001eab80f5d48: ;   {runtime_call counter_overflow Runtime1 stub}
  0x000001eab80f5d48: ffe8 3246 

  0x000001eab80f5d4c: ; ImmutableOopMap {rsi=Oop }
                      ;*synchronization entry
                      ; - java.util.concurrent.locks.AbstractQueuedSynchronizer::release@-1 (line 1059)
                      ; - java.util.concurrent.locks.ReentrantLock::unlock@5 (line 494)
                      ; - com.sun.javafx.tk.quantum.PresentingPainter::run@217 (line 130)
  0x000001eab80f5d4c: de06 e976 

  0x000001eab80f5d50: ;   {internal_word}
  0x000001eab80f5d50: 72ff ff49 | baf2 d00e | b8ea 0100 | 004d 8997 | 6004 0000 

  0x000001eab80f5d64: ;   {runtime_call SafepointBlob}
  0x000001eab80f5d64: e997 f9d1 

  0x000001eab80f5d68: ;   {internal_word}
  0x000001eab80f5d68: 0649 ba0e | d10e b8ea | 0100 004d | 8997 6004 

  0x000001eab80f5d78: ;   {runtime_call SafepointBlob}
  0x000001eab80f5d78: 0000 e981 

  0x000001eab80f5d7c: ;   {runtime_call throw_incompatible_class_change_error Runtime1 stub}
  0x000001eab80f5d7c: f9d1 06e8 

  0x000001eab80f5d80: ; ImmutableOopMap {rdx=Oop rsi=Oop r8=Oop [232]=Oop }
                      ;*invokeinterface lockResources {reexecute=0 rethrow=0 return_oop=0}
                      ; - com.sun.javafx.tk.quantum.PresentingPainter::run@236 (line 77)
  0x000001eab80f5d80: fc16 de06 

  0x000001eab80f5d84: ;   {runtime_call throw_null_pointer_exception Runtime1 stub}
  0x000001eab80f5d84: e8f7 e5dd 

  0x000001eab80f5d88: ; ImmutableOopMap {rdx=Oop rsi=Oop r8=Oop [232]=Oop }
                      ;*invokeinterface lockResources {reexecute=0 rethrow=0 return_oop=0}
                      ; - com.sun.javafx.tk.quantum.PresentingPainter::run@236 (line 77)
                      ;   {metadata({method} {0x000001eb119da3a8} 'disposePresentable' '()V' in 'com/sun/javafx/tk/quantum/ViewPainter')}
  0x000001eab80f5d88: 0649 baa0 | a39d 11eb | 0100 004c | 8954 2408 | 48c7 0424 | ffff ffff 

  0x000001eab80f5da0: ;   {runtime_call counter_overflow Runtime1 stub}
  0x000001eab80f5da0: e8db 45de 

  0x000001eab80f5da4: ; ImmutableOopMap {rdx=Oop [232]=Oop }
                      ;*synchronization entry
                      ; - com.sun.javafx.tk.quantum.ViewPainter::disposePresentable@-1 (line 420)
                      ; - com.sun.javafx.tk.quantum.PresentingPainter::run@245 (line 78)
  0x000001eab80f5da4: 06e9 2075 | ffff 4889 

  0x000001eab80f5dac: ;   {runtime_call throw_class_cast_exception Runtime1 stub}
  0x000001eab80f5dac: 3424 e84d 

  0x000001eab80f5db0: ; ImmutableOopMap {[232]=Oop }
                      ;*checkcast {reexecute=0 rethrow=0 return_oop=0}
                      ; - com.sun.javafx.tk.quantum.ViewPainter::disposePresentable@14 (line 421)
                      ; - com.sun.javafx.tk.quantum.PresentingPainter::run@245 (line 78)
                      ;   {runtime_call throw_null_pointer_exception Runtime1 stub}
  0x000001eab80f5db0: 0ede 06e8 

  0x000001eab80f5db4: ; ImmutableOopMap {rsi=Oop [232]=Oop }
                      ;*invokeinterface dispose {reexecute=0 rethrow=0 return_oop=0}
                      ; - com.sun.javafx.tk.quantum.ViewPainter::disposePresentable@17 (line 421)
                      ; - com.sun.javafx.tk.quantum.PresentingPainter::run@245 (line 78)
  0x000001eab80f5db4: c8e5 dd06 | 448b 422c | 49c1 e003 | 4983 f800 | 0f84 1878 | ffff 4c89 

  0x000001eab80f5dcc: ;   {runtime_call g1_pre_barrier_slow}
  0x000001eab80f5dcc: 0424 e8ad | 4bde 06e9 | 0a78 ffff 

  0x000001eab80f5dd8: ;   {runtime_call throw_incompatible_class_change_error Runtime1 stub}
  0x000001eab80f5dd8: e8a3 16de 

  0x000001eab80f5ddc: ; ImmutableOopMap {rdx=Oop rsi=Oop r8=Oop [232]=Oop }
                      ;*invokeinterface createPresentable {reexecute=0 rethrow=0 return_oop=0}
                      ; - com.sun.javafx.tk.quantum.PresentingPainter::run@264 (line 81)
                      ;   {runtime_call throw_null_pointer_exception Runtime1 stub}
  0x000001eab80f5ddc: 06e8 9ee5 

  0x000001eab80f5de0: ; ImmutableOopMap {rdx=Oop rsi=Oop r8=Oop [232]=Oop }
                      ;*invokeinterface createPresentable {reexecute=0 rethrow=0 return_oop=0}
                      ; - com.sun.javafx.tk.quantum.PresentingPainter::run@264 (line 81)
  0x000001eab80f5de0: dd06 448b | 422c 49c1 | e003 4983 | f800 0f84 | c578 ffff | 4c89 0424 

  0x000001eab80f5df8: ;   {runtime_call g1_pre_barrier_slow}
  0x000001eab80f5df8: e883 4bde | 06e9 b778 | ffff 4883 | f800 0f84 | cc78 ffff | 4889 1424 

  0x000001eab80f5e10: ;   {runtime_call g1_post_barrier_slow}
  0x000001eab80f5e10: e86b 4ede | 06e9 be78 

  0x000001eab80f5e18: ;   {runtime_call throw_incompatible_class_change_error Runtime1 stub}
  0x000001eab80f5e18: ffff e861 

  0x000001eab80f5e1c: ; ImmutableOopMap {rsi=Oop [232]=Oop }
                      ;*invokeinterface createGraphics {reexecute=0 rethrow=0 return_oop=0}
                      ; - com.sun.javafx.tk.quantum.PresentingPainter::run@304 (line 88)
                      ;   {runtime_call throw_null_pointer_exception Runtime1 stub}
  0x000001eab80f5e1c: 16de 06e8 

  0x000001eab80f5e20: ; ImmutableOopMap {rsi=Oop [232]=Oop }
                      ;*invokeinterface createGraphics {reexecute=0 rethrow=0 return_oop=0}
                      ; - com.sun.javafx.tk.quantum.PresentingPainter::run@304 (line 88)
  0x000001eab80f5e20: 5ce5 dd06 

  0x000001eab80f5e24: ;   {metadata({method} {0x000001eb11d5e540} 'createGraphics' '()Lcom/sun/prism/Graphics;' in 'com/sun/prism/d3d/D3DSwapChain')}
  0x000001eab80f5e24: 49ba 38e5 | d511 eb01 | 0000 4c89 | 5424 0848 | c704 24ff 

  0x000001eab80f5e38: ;   {runtime_call counter_overflow Runtime1 stub}
  0x000001eab80f5e38: ffff ffe8 

  0x000001eab80f5e3c: ; ImmutableOopMap {rsi=Oop [232]=Oop }
                      ;*synchronization entry
                      ; - com.sun.prism.d3d.D3DSwapChain::createGraphics@-1 (line 148)
                      ; - com.sun.javafx.tk.quantum.PresentingPainter::run@304 (line 88)
  0x000001eab80f5e3c: 4045 de06 | e96a 79ff 

  0x000001eab80f5e44: ;   {metadata({method} {0x000001eb11d5e398} 'getContext' '()Lcom/sun/prism/d3d/D3DContext;' in 'com/sun/prism/d3d/D3DSwapChain')}
  0x000001eab80f5e44: ff49 ba90 | e3d5 11eb | 0100 004c | 8954 2408 | 48c7 0424 | ffff ffff 

  0x000001eab80f5e5c: ;   {runtime_call counter_overflow Runtime1 stub}
  0x000001eab80f5e5c: e81f 45de 

  0x000001eab80f5e60: ; ImmutableOopMap {rsi=Oop r8=Oop [232]=Oop }
                      ;*synchronization entry
                      ; - com.sun.prism.d3d.D3DSwapChain::getContext@-1 (line 130)
                      ; - com.sun.prism.d3d.D3DSwapChain::createGraphics@5 (line 148)
                      ; - com.sun.javafx.tk.quantum.PresentingPainter::run@304 (line 88)
  0x000001eab80f5e60: 06e9 9e79 

  0x000001eab80f5e64: ;   {runtime_call throw_null_pointer_exception Runtime1 stub}
  0x000001eab80f5e64: ffff e815 

  0x000001eab80f5e68: ; ImmutableOopMap {rsi=Oop r8=Oop rdi=Oop [232]=Oop }
                      ;*invokevirtual getContext {reexecute=0 rethrow=0 return_oop=0}
                      ; - com.sun.prism.d3d.D3DSwapChain::getContext@4 (line 130)
                      ; - com.sun.prism.d3d.D3DSwapChain::createGraphics@5 (line 148)
                      ; - com.sun.javafx.tk.quantum.PresentingPainter::run@304 (line 88)
                      ;   {runtime_call throw_incompatible_class_change_error Runtime1 stub}
  0x000001eab80f5e68: e5dd 06e8 

  0x000001eab80f5e6c: ; ImmutableOopMap {rax=Oop [232]=Oop }
                      ;*invokeinterface scale {reexecute=0 rethrow=0 return_oop=0}
                      ; - com.sun.prism.d3d.D3DSwapChain::createGraphics@21 (line 149)
                      ; - com.sun.javafx.tk.quantum.PresentingPainter::run@304 (line 88)
  0x000001eab80f5e6c: 1016 de06 

  0x000001eab80f5e70: ;   {runtime_call throw_null_pointer_exception Runtime1 stub}
  0x000001eab80f5e70: e80b e5dd 

  0x000001eab80f5e74: ; ImmutableOopMap {rax=Oop [232]=Oop }
                      ;*invokeinterface scale {reexecute=0 rethrow=0 return_oop=0}
                      ; - com.sun.prism.d3d.D3DSwapChain::createGraphics@21 (line 149)
                      ; - com.sun.javafx.tk.quantum.PresentingPainter::run@304 (line 88)
                      ;   {runtime_call throw_null_pointer_exception Runtime1 stub}
  0x000001eab80f5e74: 06e8 06e5 

  0x000001eab80f5e78: ; ImmutableOopMap {rdx=Oop r8=Oop [232]=Oop [328]=Oop }
                      ;*invokevirtual getScene {reexecute=0 rethrow=0 return_oop=0}
                      ; - com.sun.javafx.tk.quantum.PresentingPainter::run@315 (line 90)
  0x000001eab80f5e78: dd06 4c89 

  0x000001eab80f5e7c: ;   {runtime_call throw_class_cast_exception Runtime1 stub}
  0x000001eab80f5e7c: 0424 e87d 

  0x000001eab80f5e80: ; ImmutableOopMap {rdx=Oop [232]=Oop [328]=Oop }
                      ;*checkcast {reexecute=0 rethrow=0 return_oop=0}
                      ; - com.sun.javafx.tk.quantum.PresentingPainter::run@318 (line 90)
                      ;   {runtime_call throw_incompatible_class_change_error Runtime1 stub}
  0x000001eab80f5e80: 0dde 06e8 

  0x000001eab80f5e84: ; ImmutableOopMap {rdx=Oop rsi=Oop [232]=Oop [336]=Oop }
                      ;*invokeinterface prepare {reexecute=0 rethrow=0 return_oop=0}
                      ; - com.sun.javafx.tk.quantum.PresentingPainter::run@355 (line 99)
  0x000001eab80f5e84: f815 de06 

  0x000001eab80f5e88: ;   {runtime_call throw_null_pointer_exception Runtime1 stub}
  0x000001eab80f5e88: e8f3 e4dd 

  0x000001eab80f5e8c: ; ImmutableOopMap {rdx=Oop rsi=Oop [232]=Oop [336]=Oop }
                      ;*invokeinterface prepare {reexecute=0 rethrow=0 return_oop=0}
                      ; - com.sun.javafx.tk.quantum.PresentingPainter::run@355 (line 99)
                      ;   {metadata({method} {0x000001eb119da3a8} 'disposePresentable' '()V' in 'com/sun/javafx/tk/quantum/ViewPainter')}
  0x000001eab80f5e8c: 0649 baa0 | a39d 11eb | 0100 004c | 8954 2408 | 48c7 0424 | ffff ffff 

  0x000001eab80f5ea4: ;   {runtime_call counter_overflow Runtime1 stub}
  0x000001eab80f5ea4: e8d7 44de 

  0x000001eab80f5ea8: ; ImmutableOopMap {rdx=Oop [232]=Oop }
                      ;*synchronization entry
                      ; - com.sun.javafx.tk.quantum.ViewPainter::disposePresentable@-1 (line 420)
                      ; - com.sun.javafx.tk.quantum.PresentingPainter::run@364 (line 100)
  0x000001eab80f5ea8: 06e9 dc7e | ffff 4889 

  0x000001eab80f5eb0: ;   {runtime_call throw_class_cast_exception Runtime1 stub}
  0x000001eab80f5eb0: 3424 e849 

  0x000001eab80f5eb4: ; ImmutableOopMap {[232]=Oop }
                      ;*checkcast {reexecute=0 rethrow=0 return_oop=0}
                      ; - com.sun.javafx.tk.quantum.ViewPainter::disposePresentable@14 (line 421)
                      ; - com.sun.javafx.tk.quantum.PresentingPainter::run@364 (line 100)
                      ;   {runtime_call throw_null_pointer_exception Runtime1 stub}
  0x000001eab80f5eb4: 0dde 06e8 

  0x000001eab80f5eb8: ; ImmutableOopMap {rsi=Oop [232]=Oop }
                      ;*invokeinterface dispose {reexecute=0 rethrow=0 return_oop=0}
                      ; - com.sun.javafx.tk.quantum.ViewPainter::disposePresentable@17 (line 421)
                      ; - com.sun.javafx.tk.quantum.PresentingPainter::run@364 (line 100)
  0x000001eab80f5eb8: c4e4 dd06 | 8b72 2c48 | c1e6 0348 | 83fe 000f | 84d4 81ff | ff48 8934 

  0x000001eab80f5ed0: ;   {runtime_call g1_pre_barrier_slow}
  0x000001eab80f5ed0: 24e8 aa4a | de06 e9c6 

  0x000001eab80f5ed8: ;   {runtime_call throw_null_pointer_exception Runtime1 stub}
  0x000001eab80f5ed8: 81ff ffe8 

  0x000001eab80f5edc: ; ImmutableOopMap {rdx=Oop rsi=Oop [232]=Oop }
                      ;*invokevirtual getScene {reexecute=0 rethrow=0 return_oop=0}
                      ; - com.sun.javafx.tk.quantum.PresentingPainter::run@371 (line 101)
  0x000001eab80f5edc: a0e4 dd06 

  0x000001eab80f5ee0: ;   {runtime_call throw_null_pointer_exception Runtime1 stub}
  0x000001eab80f5ee0: e89b e4dd 

  0x000001eab80f5ee4: ; ImmutableOopMap {rdx=Oop rsi=Oop [232]=Oop }
                      ;*invokevirtual entireSceneNeedsRepaint {reexecute=0 rethrow=0 return_oop=0}
                      ; - com.sun.javafx.tk.quantum.PresentingPainter::run@374 (line 101)
                      ;   {metadata({method} {0x000001eb1151d7b0} 'entireSceneNeedsRepaint' '()V' in 'com/sun/javafx/tk/quantum/GlassScene')}
  0x000001eab80f5ee4: 0649 baa8 | d751 11eb | 0100 004c | 8954 2408 | 48c7 0424 | ffff ffff 

  0x000001eab80f5efc: ;   {runtime_call counter_overflow Runtime1 stub}
  0x000001eab80f5efc: e87f 44de 

  0x000001eab80f5f00: ; ImmutableOopMap {rdx=Oop rsi=Oop [232]=Oop }
                      ;*synchronization entry
                      ; - com.sun.javafx.tk.quantum.GlassScene::entireSceneNeedsRepaint@-1 (line 224)
                      ; - com.sun.javafx.tk.quantum.PresentingPainter::run@374 (line 101)
  0x000001eab80f5f00: 06e9 9682 

  0x000001eab80f5f04: ;   {metadata({method} {0x000001eb11634248} 'isFxApplicationThread' '()Z' in 'javafx/application/Platform')}
  0x000001eab80f5f04: ffff 49ba | 4042 6311 | eb01 0000 | 4c89 5424 | 0848 c704 | 24ff ffff 

  0x000001eab80f5f1c: ;   {runtime_call counter_overflow Runtime1 stub}
  0x000001eab80f5f1c: ffe8 5e44 

  0x000001eab80f5f20: ; ImmutableOopMap {rdx=Oop rsi=Oop [232]=Oop }
                      ;*synchronization entry
                      ; - javafx.application.Platform::isFxApplicationThread@-1 (line 194)
                      ; - com.sun.javafx.tk.quantum.GlassScene::entireSceneNeedsRepaint@0 (line 224)
                      ; - com.sun.javafx.tk.quantum.PresentingPainter::run@374 (line 101)
  0x000001eab80f5f20: de06 e9ae 

  0x000001eab80f5f24: ;   {metadata({method} {0x000001eb1145ee00} 'isFxApplicationThread' '()Z' in 'com/sun/javafx/application/PlatformImpl')}
  0x000001eab80f5f24: 82ff ff49 | baf8 ed45 | 11eb 0100 | 004c 8954 | 2408 48c7 | 0424 ffff 

  0x000001eab80f5f3c: ;   {runtime_call counter_overflow Runtime1 stub}
  0x000001eab80f5f3c: ffff e83d 

  0x000001eab80f5f40: ; ImmutableOopMap {rdx=Oop rsi=Oop [232]=Oop }
                      ;*synchronization entry
                      ; - com.sun.javafx.application.PlatformImpl::isFxApplicationThread@-1 (line 428)
                      ; - javafx.application.Platform::isFxApplicationThread@0 (line 194)
                      ; - com.sun.javafx.tk.quantum.GlassScene::entireSceneNeedsRepaint@0 (line 224)
                      ; - com.sun.javafx.tk.quantum.PresentingPainter::run@374 (line 101)
  0x000001eab80f5f40: 44de 06e9 | c682 ffff 

  0x000001eab80f5f48: ;   {runtime_call throw_null_pointer_exception Runtime1 stub}
  0x000001eab80f5f48: e833 e4dd 

  0x000001eab80f5f4c: ; ImmutableOopMap {rax=Oop [232]=Oop [344]=Oop }
                      ;*invokevirtual isFxUserThread {reexecute=0 rethrow=0 return_oop=0}
                      ; - com.sun.javafx.application.PlatformImpl::isFxApplicationThread@3 (line 428)
                      ; - javafx.application.Platform::isFxApplicationThread@0 (line 194)
                      ; - com.sun.javafx.tk.quantum.GlassScene::entireSceneNeedsRepaint@0 (line 224)
                      ; - com.sun.javafx.tk.quantum.PresentingPainter::run@374 (line 101)
                      ;   {metadata({method} {0x000001eb114740c0} 'isFxUserThread' '()Z' in 'com/sun/javafx/tk/Toolkit')}
  0x000001eab80f5f4c: 0649 bab8 | 4047 11eb | 0100 004c | 8954 2408 | 48c7 0424 | ffff ffff 

  0x000001eab80f5f64: ;   {runtime_call counter_overflow Runtime1 stub}
  0x000001eab80f5f64: e817 44de 

  0x000001eab80f5f68: ; ImmutableOopMap {[232]=Oop [344]=Oop }
                      ;*synchronization entry
                      ; - com.sun.javafx.tk.Toolkit::isFxUserThread@-1 (line 301)
                      ; - com.sun.javafx.application.PlatformImpl::isFxApplicationThread@3 (line 428)
                      ; - javafx.application.Platform::isFxApplicationThread@0 (line 194)
                      ; - com.sun.javafx.tk.quantum.GlassScene::entireSceneNeedsRepaint@0 (line 224)
                      ; - com.sun.javafx.tk.quantum.PresentingPainter::run@374 (line 101)
  0x000001eab80f5f68: 06e9 8a83 

  0x000001eab80f5f6c: ;   {metadata({method} {0x000001eb1151df88} 'sceneChanged' '()V' in 'com/sun/javafx/tk/quantum/GlassScene')}
  0x000001eab80f5f6c: ffff 49ba | 80df 5111 | eb01 0000 | 4c89 5424 | 0848 c704 | 24ff ffff 

  0x000001eab80f5f84: ;   {runtime_call counter_overflow Runtime1 stub}
  0x000001eab80f5f84: ffe8 f643 

  0x000001eab80f5f88: ; ImmutableOopMap {rsi=Oop [232]=Oop }
                      ;*synchronization entry
                      ; - com.sun.javafx.tk.quantum.GlassScene::sceneChanged@-1 (line 309)
                      ; - com.sun.javafx.tk.quantum.GlassScene::entireSceneNeedsRepaint@12 (line 226)
                      ; - com.sun.javafx.tk.quantum.PresentingPainter::run@374 (line 101)
  0x000001eab80f5f88: de06 e904 

  0x000001eab80f5f8c: ;   {metadata({method} {0x000001eb11519120} 'getInstance' '()Lcom/sun/javafx/tk/quantum/PaintCollector;' in 'com/sun/javafx/tk/quantum/PaintCollector')}
  0x000001eab80f5f8c: 85ff ff49 | ba18 9151 | 11eb 0100 | 004c 8954 | 2408 48c7 | 0424 ffff 

  0x000001eab80f5fa4: ;   {runtime_call counter_overflow Runtime1 stub}
  0x000001eab80f5fa4: ffff e8d5 

  0x000001eab80f5fa8: ; ImmutableOopMap {rsi=Oop [232]=Oop }
                      ;*synchronization entry
                      ; - com.sun.javafx.tk.quantum.PaintCollector::getInstance@-1 (line 76)
                      ; - com.sun.javafx.tk.quantum.GlassScene::sceneChanged@7 (line 313)
                      ; - com.sun.javafx.tk.quantum.GlassScene::entireSceneNeedsRepaint@12 (line 226)
                      ; - com.sun.javafx.tk.quantum.PresentingPainter::run@374 (line 101)
  0x000001eab80f5fa8: 43de 06e9 | 5b85 ffff 

  0x000001eab80f5fb0: ;   {runtime_call throw_null_pointer_exception Runtime1 stub}
  0x000001eab80f5fb0: e8cb e3dd 

  0x000001eab80f5fb4: ; ImmutableOopMap {rsi=Oop rdx=Oop [232]=Oop }
                      ;*invokevirtual addDirtyScene {reexecute=0 rethrow=0 return_oop=0}
                      ; - com.sun.javafx.tk.quantum.GlassScene::sceneChanged@11 (line 313)
                      ; - com.sun.javafx.tk.quantum.GlassScene::entireSceneNeedsRepaint@12 (line 226)
                      ; - com.sun.javafx.tk.quantum.PresentingPainter::run@374 (line 101)
                      ;   {metadata({method} {0x000001eb11519120} 'getInstance' '()Lcom/sun/javafx/tk/quantum/PaintCollector;' in 'com/sun/javafx/tk/quantum/PaintCollector')}
  0x000001eab80f5fb4: 0649 ba18 | 9151 11eb | 0100 004c | 8954 2408 | 48c7 0424 | ffff ffff 

  0x000001eab80f5fcc: ;   {runtime_call counter_overflow Runtime1 stub}
  0x000001eab80f5fcc: e8af 43de 

  0x000001eab80f5fd0: ; ImmutableOopMap {rsi=Oop [232]=Oop }
                      ;*synchronization entry
                      ; - com.sun.javafx.tk.quantum.PaintCollector::getInstance@-1 (line 76)
                      ; - com.sun.javafx.tk.quantum.GlassScene::sceneChanged@17 (line 318)
                      ; - com.sun.javafx.tk.quantum.GlassScene::entireSceneNeedsRepaint@12 (line 226)
                      ; - com.sun.javafx.tk.quantum.PresentingPainter::run@374 (line 101)
  0x000001eab80f5fd0: 06e9 c785 

  0x000001eab80f5fd4: ;   {runtime_call throw_null_pointer_exception Runtime1 stub}
  0x000001eab80f5fd4: ffff e8a5 

  0x000001eab80f5fd8: ; ImmutableOopMap {rsi=Oop rdx=Oop [232]=Oop }
                      ;*invokevirtual removeDirtyScene {reexecute=0 rethrow=0 return_oop=0}
                      ; - com.sun.javafx.tk.quantum.GlassScene::sceneChanged@21 (line 318)
                      ; - com.sun.javafx.tk.quantum.GlassScene::entireSceneNeedsRepaint@12 (line 226)
                      ; - com.sun.javafx.tk.quantum.PresentingPainter::run@374 (line 101)
  0x000001eab80f5fd8: e3dd 0649 | b800 0000 | 0000 0000 | 00b8 000f 

  0x000001eab80f5fe8: ;   {runtime_call load_appendix_patching Runtime1 stub}
  0x000001eab80f5fe8: 050a e811 

  0x000001eab80f5fec: ; ImmutableOopMap {rsi=Oop [232]=Oop }
                      ;*invokedynamic {reexecute=1 rethrow=0 return_oop=0}
                      ; - (reexecute) com.sun.javafx.tk.quantum.GlassScene::entireSceneNeedsRepaint@19 (line 228)
                      ; - com.sun.javafx.tk.quantum.PresentingPainter::run@374 (line 101)
  0x000001eab80f5fec: 3cde 06e9 | 0486 ffff 

  0x000001eab80f5ff4: ;   {metadata({method} {0x000001eb11634108} 'runLater' '(Ljava/lang/Runnable;)V' in 'javafx/application/Platform')}
  0x000001eab80f5ff4: 49ba 0041 | 6311 eb01 | 0000 4c89 | 5424 0848 | c704 24ff 

  0x000001eab80f6008: ;   {runtime_call counter_overflow Runtime1 stub}
  0x000001eab80f6008: ffff ffe8 

  0x000001eab80f600c: ; ImmutableOopMap {rax=Oop [232]=Oop }
                      ;*synchronization entry
                      ; - javafx.application.Platform::runLater@-1 (line 162)
                      ; - com.sun.javafx.tk.quantum.GlassScene::entireSceneNeedsRepaint@24 (line 228)
                      ; - com.sun.javafx.tk.quantum.PresentingPainter::run@374 (line 101)
  0x000001eab80f600c: 7043 de06 | e9a6 86ff 

  0x000001eab80f6014: ;   {metadata({method} {0x000001eb1145eea0} 'runLater' '(Ljava/lang/Runnable;)V' in 'com/sun/javafx/application/PlatformImpl')}
  0x000001eab80f6014: ff49 ba98 | ee45 11eb | 0100 004c | 8954 2408 | 48c7 0424 | ffff ffff 

  0x000001eab80f602c: ;   {runtime_call counter_overflow Runtime1 stub}
  0x000001eab80f602c: e84f 43de 

  0x000001eab80f6030: ; ImmutableOopMap {rax=Oop [232]=Oop }
                      ;*synchronization entry
                      ; - com.sun.javafx.application.PlatformImpl::runLater@-1 (line 432)
                      ; - javafx.application.Platform::runLater@1 (line 162)
                      ; - com.sun.javafx.tk.quantum.GlassScene::entireSceneNeedsRepaint@24 (line 228)
                      ; - com.sun.javafx.tk.quantum.PresentingPainter::run@374 (line 101)
  0x000001eab80f6030: 06e9 c386 

  0x000001eab80f6034: ;   {metadata({method} {0x000001eb11d53d68} 'cleanUp' '()V' in 'com/sun/prism/impl/Disposer')}
  0x000001eab80f6034: ffff 49ba | 603d d511 | eb01 0000 | 4c89 5424 | 0848 c704 | 24ff ffff 

  0x000001eab80f604c: ;   {runtime_call counter_overflow Runtime1 stub}
  0x000001eab80f604c: ffe8 2e43 

  0x000001eab80f6050: ; ImmutableOopMap {[232]=Oop }
                      ;*synchronization entry
                      ; - com.sun.prism.impl.Disposer::cleanUp@-1 (line 129)
                      ; - com.sun.javafx.tk.quantum.PresentingPainter::run@377 (line 117)
  0x000001eab80f6050: de06 e906 

  0x000001eab80f6054: ;   {runtime_call throw_null_pointer_exception Runtime1 stub}
  0x000001eab80f6054: 87ff ffe8 

  0x000001eab80f6058: ; ImmutableOopMap {rsi=Oop rdx=Oop [232]=Oop }
                      ;*invokevirtual disposeUnreachables {reexecute=0 rethrow=0 return_oop=0}
                      ; - com.sun.prism.impl.Disposer::cleanUp@3 (line 129)
                      ; - com.sun.javafx.tk.quantum.PresentingPainter::run@377 (line 117)
  0x000001eab80f6058: 24e3 dd06 

  0x000001eab80f605c: ;   {runtime_call throw_null_pointer_exception Runtime1 stub}
  0x000001eab80f605c: e81f e3dd 

  0x000001eab80f6060: ; ImmutableOopMap {rsi=Oop [232]=Oop [360]=Oop }
                      ;*invokevirtual processDisposalQueue {reexecute=0 rethrow=0 return_oop=0}
                      ; - com.sun.prism.impl.Disposer::cleanUp@9 (line 130)
                      ; - com.sun.javafx.tk.quantum.PresentingPainter::run@377 (line 117)
  0x000001eab80f6060: 0648 8974 | 2408 4c89 

  0x000001eab80f6068: ;   {runtime_call monitorenter Runtime1 stub}
  0x000001eab80f6068: 0424 e811 

  0x000001eab80f606c: ; ImmutableOopMap {rsi=Oop [232]=Oop [360]=Oop [752]=Oop }
                      ;*synchronization entry
                      ; - com.sun.prism.impl.Disposer::processDisposalQueue@-1 (line 183)
                      ; - com.sun.prism.impl.Disposer::cleanUp@9 (line 130)
                      ; - com.sun.javafx.tk.quantum.PresentingPainter::run@377 (line 117)
  0x000001eab80f606c: 1ade 06e9 | 9187 ffff 

  0x000001eab80f6074: ;   {metadata({method} {0x000001eb11d540e0} 'processDisposalQueue' '()V' in 'com/sun/prism/impl/Disposer')}
  0x000001eab80f6074: 49ba d840 | d511 eb01 | 0000 4c89 | 5424 0848 | c704 24ff 

  0x000001eab80f6088: ;   {runtime_call counter_overflow Runtime1 stub}
  0x000001eab80f6088: ffff ffe8 

  0x000001eab80f608c: ; ImmutableOopMap {rsi=Oop [232]=Oop [360]=Oop [752]=Oop }
                      ;*synchronization entry
                      ; - com.sun.prism.impl.Disposer::processDisposalQueue@-1 (line 183)
                      ; - com.sun.prism.impl.Disposer::cleanUp@9 (line 130)
                      ; - com.sun.javafx.tk.quantum.PresentingPainter::run@377 (line 117)
  0x000001eab80f608c: f042 de06 | e999 87ff 

  0x000001eab80f6094: ;   {runtime_call throw_null_pointer_exception Runtime1 stub}
  0x000001eab80f6094: ffe8 e6e2 

  0x000001eab80f6098: ; ImmutableOopMap {rsi=Oop rdx=Oop [232]=Oop [360]=Oop [752]=Oop }
                      ;*invokevirtual isEmpty {reexecute=0 rethrow=0 return_oop=0}
                      ; - com.sun.prism.impl.Disposer::processDisposalQueue@4 (line 183)
                      ; - com.sun.prism.impl.Disposer::cleanUp@9 (line 130)
                      ; - com.sun.javafx.tk.quantum.PresentingPainter::run@377 (line 117)
                      ;   {metadata({method} {0x000001ead005a568} 'isEmpty' '()Z' in 'java/util/AbstractCollection')}
  0x000001eab80f6098: dd06 49ba | 60a5 05d0 | ea01 0000 | 4c89 5424 | 0848 c704 | 24ff ffff 

  0x000001eab80f60b0: ;   {runtime_call counter_overflow Runtime1 stub}
  0x000001eab80f60b0: ffe8 ca42 

  0x000001eab80f60b4: ; ImmutableOopMap {rsi=Oop rdx=Oop [232]=Oop [360]=Oop [752]=Oop }
                      ;*synchronization entry
                      ; - java.util.AbstractCollection::isEmpty@-1 (line 91)
                      ; - com.sun.prism.impl.Disposer::processDisposalQueue@4 (line 183)
                      ; - com.sun.prism.impl.Disposer::cleanUp@9 (line 130)
                      ; - com.sun.javafx.tk.quantum.PresentingPainter::run@377 (line 117)
  0x000001eab80f60b4: de06 e93c 

  0x000001eab80f60b8: ;   {metadata({method} {0x000001eb1113e5d8} 'remove' '()Ljava/lang/Object;' in 'java/util/LinkedList')}
  0x000001eab80f60b8: 88ff ff49 | bad0 e513 | 11eb 0100 | 004c 8954 | 2408 48c7 | 0424 ffff 

  0x000001eab80f60d0: ;   {runtime_call counter_overflow Runtime1 stub}
  0x000001eab80f60d0: ffff e8a9 

  0x000001eab80f60d4: ; ImmutableOopMap {rsi=Oop rdx=Oop [232]=Oop [360]=Oop [752]=Oop }
                      ;*synchronization entry
                      ; - java.util.LinkedList::remove@-1 (line 696)
                      ; - com.sun.prism.impl.Disposer::processDisposalQueue@14 (line 184)
                      ; - com.sun.prism.impl.Disposer::cleanUp@9 (line 130)
                      ; - com.sun.javafx.tk.quantum.PresentingPainter::run@377 (line 117)
  0x000001eab80f60d4: 42de 06e9 | 0b89 ffff 

  0x000001eab80f60dc: ;   {metadata({method} {0x000001eb1113cd10} 'removeFirst' '()Ljava/lang/Object;' in 'java/util/LinkedList')}
  0x000001eab80f60dc: 49ba 08cd | 1311 eb01 | 0000 4c89 | 5424 0848 | c704 24ff 

  0x000001eab80f60f0: ;   {runtime_call counter_overflow Runtime1 stub}
  0x000001eab80f60f0: ffff ffe8 

  0x000001eab80f60f4: ; ImmutableOopMap {rsi=Oop rdx=Oop [232]=Oop [360]=Oop [752]=Oop }
                      ;*synchronization entry
                      ; - java.util.LinkedList::removeFirst@-1 (line 279)
                      ; - java.util.LinkedList::remove@1 (line 696)
                      ; - com.sun.prism.impl.Disposer::processDisposalQueue@14 (line 184)
                      ; - com.sun.prism.impl.Disposer::cleanUp@9 (line 130)
                      ; - com.sun.javafx.tk.quantum.PresentingPainter::run@377 (line 117)
  0x000001eab80f60f4: 8842 de06 | e939 89ff | ff48 8904 

  0x000001eab80f6100: ;   {runtime_call throw_class_cast_exception Runtime1 stub}
  0x000001eab80f6100: 24e8 fa0a 

  0x000001eab80f6104: ; ImmutableOopMap {[232]=Oop [360]=Oop [752]=Oop }
                      ;*checkcast {reexecute=0 rethrow=0 return_oop=0}
                      ; - com.sun.prism.impl.Disposer::processDisposalQueue@17 (line 184)
                      ; - com.sun.prism.impl.Disposer::cleanUp@9 (line 130)
                      ; - com.sun.javafx.tk.quantum.PresentingPainter::run@377 (line 117)
                      ;   {runtime_call throw_null_pointer_exception Runtime1 stub}
  0x000001eab80f6104: de06 e875 

  0x000001eab80f6108: ; ImmutableOopMap {rdx=Oop [232]=Oop [360]=Oop [752]=Oop }
                      ;*invokeinterface dispose {reexecute=0 rethrow=0 return_oop=0}
                      ; - com.sun.prism.impl.Disposer::processDisposalQueue@20 (line 184)
                      ; - com.sun.prism.impl.Disposer::cleanUp@9 (line 130)
                      ; - com.sun.javafx.tk.quantum.PresentingPainter::run@377 (line 117)
                      ;   {metadata({method} {0x000001eb11d540e0} 'processDisposalQueue' '()V' in 'com/sun/prism/impl/Disposer')}
  0x000001eab80f6108: e2dd 0649 | bad8 40d5 | 11eb 0100 | 004c 8954 | 2408 48c7 | 0424 1900 

  0x000001eab80f6120: ;   {runtime_call counter_overflow Runtime1 stub}
  0x000001eab80f6120: 0000 e859 

  0x000001eab80f6124: ; ImmutableOopMap {[232]=Oop [360]=Oop [752]=Oop }
                      ;*goto {reexecute=1 rethrow=0 return_oop=0}
                      ; - (reexecute) com.sun.prism.impl.Disposer::processDisposalQueue@25 (line 184)
                      ; - com.sun.prism.impl.Disposer::cleanUp@9 (line 130)
                      ; - com.sun.javafx.tk.quantum.PresentingPainter::run@377 (line 117)
  0x000001eab80f6124: 42de 06e9 | 548b ffff | 488d 8424 | e802 0000 | 4889 0424 

  0x000001eab80f6138: ;   {runtime_call monitorexit Runtime1 stub}
  0x000001eab80f6138: e843 24de | 06e9 8f8b 

  0x000001eab80f6140: ;   {runtime_call throw_null_pointer_exception Runtime1 stub}
  0x000001eab80f6140: ffff e839 

  0x000001eab80f6144: ; ImmutableOopMap {rdx=Oop r8=Oop [232]=Oop }
                      ;*invokevirtual unlock {reexecute=0 rethrow=0 return_oop=0}
                      ; - com.sun.javafx.tk.quantum.PresentingPainter::run@388 (line 120)
                      ;   {metadata({method} {0x000001eb119e29e0} 'unlock' '()V' in 'com/sun/prism/PresentableState')}
  0x000001eab80f6144: e2dd 0649 | bad8 299e | 11eb 0100 | 004c 8954 | 2408 48c7 | 0424 ffff 

  0x000001eab80f615c: ;   {runtime_call counter_overflow Runtime1 stub}
  0x000001eab80f615c: ffff e81d 

  0x000001eab80f6160: ; ImmutableOopMap {rdx=Oop r8=Oop [232]=Oop }
                      ;*synchronization entry
                      ; - com.sun.prism.PresentableState::unlock@-1 (line 296)
                      ; - com.sun.javafx.tk.quantum.PresentingPainter::run@388 (line 120)
  0x000001eab80f6160: 42de 06e9 | 478c ffff 

  0x000001eab80f6168: ;   {runtime_call throw_null_pointer_exception Runtime1 stub}
  0x000001eab80f6168: e813 e2dd 

  0x000001eab80f616c: ; ImmutableOopMap {rdx=Oop rbx=Oop [232]=Oop }
                      ;*invokevirtual unlock {reexecute=0 rethrow=0 return_oop=0}
                      ; - com.sun.prism.PresentableState::unlock@11 (line 296)
                      ; - com.sun.javafx.tk.quantum.PresentingPainter::run@388 (line 120)
                      ;   {metadata({method} {0x000001eb1153f840} 'unlock' '()V' in 'com/sun/glass/ui/View')}
  0x000001eab80f616c: 0649 ba38 | f853 11eb | 0100 004c | 8954 2408 | 48c7 0424 | ffff ffff 

  0x000001eab80f6184: ;   {runtime_call counter_overflow Runtime1 stub}
  0x000001eab80f6184: e8f7 41de 

  0x000001eab80f6188: ; ImmutableOopMap {rdx=Oop rbx=Oop [232]=Oop }
                      ;*synchronization entry
                      ; - com.sun.glass.ui.View::unlock@-1 (line 747)
                      ; - com.sun.prism.PresentableState::unlock@11 (line 296)
                      ; - com.sun.javafx.tk.quantum.PresentingPainter::run@388 (line 120)
  0x000001eab80f6188: 06e9 1e8d 

  0x000001eab80f618c: ;   {metadata({method} {0x000001eb1153d880} 'checkNotClosed' '()V' in 'com/sun/glass/ui/View')}
  0x000001eab80f618c: ffff 49ba | 78d8 5311 | eb01 0000 | 4c89 5424 | 0848 c704 | 24ff ffff 

  0x000001eab80f61a4: ;   {runtime_call counter_overflow Runtime1 stub}
  0x000001eab80f61a4: ffe8 d641 

  0x000001eab80f61a8: ; ImmutableOopMap {rdx=Oop rbx=Oop [232]=Oop }
                      ;*synchronization entry
                      ; - com.sun.glass.ui.View::checkNotClosed@-1 (line 434)
                      ; - com.sun.glass.ui.View::unlock@1 (line 747)
                      ; - com.sun.prism.PresentableState::unlock@11 (line 296)
                      ; - com.sun.javafx.tk.quantum.PresentingPainter::run@388 (line 120)
  0x000001eab80f61a8: de06 e93b 

  0x000001eab80f61ac: ;   {runtime_call throw_null_pointer_exception Runtime1 stub}
  0x000001eab80f61ac: 8dff ffe8 

  0x000001eab80f61b0: ; ImmutableOopMap {rdx=Oop r8=Oop [232]=Oop }
                      ;*invokevirtual getScene {reexecute=0 rethrow=0 return_oop=0}
                      ; - com.sun.javafx.tk.quantum.PresentingPainter::run@395 (line 123)
  0x000001eab80f61b0: cce1 dd06 | 4c89 0424 

  0x000001eab80f61b8: ;   {runtime_call throw_class_cast_exception Runtime1 stub}
  0x000001eab80f61b8: e843 0ade 

  0x000001eab80f61bc: ; ImmutableOopMap {rdx=Oop [232]=Oop }
                      ;*checkcast {reexecute=0 rethrow=0 return_oop=0}
                      ; - com.sun.javafx.tk.quantum.PresentingPainter::run@398 (line 123)
                      ;   {runtime_call throw_null_pointer_exception Runtime1 stub}
  0x000001eab80f61bc: 06e8 bee1 

  0x000001eab80f61c0: ; ImmutableOopMap {rdx=Oop r8=Oop [232]=Oop }
                      ;*invokevirtual setPainting {reexecute=0 rethrow=0 return_oop=0}
                      ; - com.sun.javafx.tk.quantum.PresentingPainter::run@406 (line 124)
                      ;   {metadata({method} {0x000001eb1151dd70} 'setPainting' '(Z)Z' in 'com/sun/javafx/tk/quantum/GlassScene')}
  0x000001eab80f61c0: dd06 49ba | 68dd 5111 | eb01 0000 | 4c89 5424 | 0848 c704 | 24ff ffff 

  0x000001eab80f61d8: ;   {runtime_call counter_overflow Runtime1 stub}
  0x000001eab80f61d8: ffe8 a241 

  0x000001eab80f61dc: ; ImmutableOopMap {rdx=Oop r8=Oop [232]=Oop }
                      ;*synchronization entry
                      ; - com.sun.javafx.tk.quantum.GlassScene::setPainting@-1 (line 289)
                      ; - com.sun.javafx.tk.quantum.PresentingPainter::run@406 (line 124)
  0x000001eab80f61dc: de06 e960 

  0x000001eab80f61e0: ;   {runtime_call throw_null_pointer_exception Runtime1 stub}
  0x000001eab80f61e0: 8fff ffe8 

  0x000001eab80f61e4: ; ImmutableOopMap {rdx=Oop rbx=Oop [232]=Oop }
                      ;*invokevirtual getAndSet {reexecute=0 rethrow=0 return_oop=0}
                      ; - com.sun.javafx.tk.quantum.GlassScene::setPainting@5 (line 289)
                      ; - com.sun.javafx.tk.quantum.PresentingPainter::run@406 (line 124)
  0x000001eab80f61e4: 98e1 dd06 

  0x000001eab80f61e8: ;   {metadata({method} {0x000001eb1112f1e0} 'getAndSet' '(Z)Z' in 'java/util/concurrent/atomic/AtomicBoolean')}
  0x000001eab80f61e8: 49ba d8f1 | 1211 eb01 | 0000 4c89 | 5424 0848 | c704 24ff 

  0x000001eab80f61fc: ;   {runtime_call counter_overflow Runtime1 stub}
  0x000001eab80f61fc: ffff ffe8 

  0x000001eab80f6200: ; ImmutableOopMap {rdx=Oop rbx=Oop [232]=Oop }
                      ;*synchronization entry
                      ; - java.util.concurrent.atomic.AtomicBoolean::getAndSet@-1 (line 175)
                      ; - com.sun.javafx.tk.quantum.GlassScene::setPainting@5 (line 289)
                      ; - com.sun.javafx.tk.quantum.PresentingPainter::run@406 (line 124)
  0x000001eab80f6200: 7c41 de06 | e983 8fff 

  0x000001eab80f6208: ;   {metadata({method} {0x000001ead0157d50} 'guard_LI_I' '(Ljava/lang/invoke/VarHandle;Ljava/lang/Object;ILjava/lang/invoke/VarHandle$AccessDescriptor;)I' in 'java/lang/invoke/VarHandleGuards')}
  0x000001eab80f6208: ff49 ba48 | 7d15 d0ea | 0100 004c | 8954 2408 | 48c7 0424 | ffff ffff 

  0x000001eab80f6220: ;   {runtime_call counter_overflow Runtime1 stub}
  0x000001eab80f6220: e85b 41de 

  0x000001eab80f6224: ; ImmutableOopMap {rdx=Oop rbx=Oop rsi=Oop [232]=Oop }
                      ;*synchronization entry
                      ; - java.lang.invoke.VarHandleGuards::guard_LI_I@-1 (line 161)
                      ; - java.util.concurrent.atomic.AtomicBoolean::getAndSet@13 (line 175)
                      ; - com.sun.javafx.tk.quantum.GlassScene::setPainting@5 (line 289)
                      ; - com.sun.javafx.tk.quantum.PresentingPainter::run@406 (line 124)
  0x000001eab80f6224: 06e9 d98f 

  0x000001eab80f6228: ;   {metadata({method} {0x000001ead0093f08} 'checkAccessModeThenIsDirect' '(Ljava/lang/invoke/VarHandle$AccessDescriptor;)Z' in 'java/lang/invoke/VarHandle')}
  0x000001eab80f6228: ffff 49ba | 003f 09d0 | ea01 0000 | 4c89 5424 | 0848 c704 | 24ff ffff 

  0x000001eab80f6240: ;   {runtime_call counter_overflow Runtime1 stub}
  0x000001eab80f6240: ffe8 3a41 

  0x000001eab80f6244: ; ImmutableOopMap {rdx=Oop rbx=Oop [232]=Oop }
                      ;*synchronization entry
                      ; - java.lang.invoke.VarHandle::checkAccessModeThenIsDirect@-1 (line 2075)
                      ; - java.lang.invoke.VarHandleGuards::guard_LI_I@2 (line 161)
                      ; - java.util.concurrent.atomic.AtomicBoolean::getAndSet@13 (line 175)
                      ; - com.sun.javafx.tk.quantum.GlassScene::setPainting@5 (line 289)
                      ; - com.sun.javafx.tk.quantum.PresentingPainter::run@406 (line 124)
  0x000001eab80f6244: de06 e99e 

  0x000001eab80f6248: ;   {metadata({method} {0x000001ead0155cf0} 'getMemberName' '(I)Ljava/lang/invoke/MemberName;' in 'java/lang/invoke/VarForm')}
  0x000001eab80f6248: 90ff ff49 | bae8 5c15 | d0ea 0100 | 004c 8954 | 2408 48c7 | 0424 ffff 

  0x000001eab80f6260: ;   {runtime_call counter_overflow Runtime1 stub}
  0x000001eab80f6260: ffff e819 

  0x000001eab80f6264: ; ImmutableOopMap {rdx=Oop rbx=Oop [232]=Oop }
                      ;*synchronization entry
                      ; - java.lang.invoke.VarForm::getMemberName@-1 (line 114)
                      ; - java.lang.invoke.VarHandleGuards::guard_LI_I@42 (line 163)
                      ; - java.util.concurrent.atomic.AtomicBoolean::getAndSet@13 (line 175)
                      ; - com.sun.javafx.tk.quantum.GlassScene::setPainting@5 (line 289)
                      ; - com.sun.javafx.tk.quantum.PresentingPainter::run@406 (line 124)
  0x000001eab80f6264: 41de 06e9 | f590 ffff 

  0x000001eab80f626c: ;   {metadata({method} {0x000001eb110e9768} 'getAndSet' '(Ljava/lang/invoke/VarHandle;Ljava/lang/Object;I)I' in 'java/lang/invoke/VarHandleInts$FieldInstanceReadWrite')}
  0x000001eab80f626c: 49ba 6097 | 0e11 eb01 | 0000 4c89 | 5424 0848 | c704 24ff 

  0x000001eab80f6280: ;   {runtime_call counter_overflow Runtime1 stub}
  0x000001eab80f6280: ffff ffe8 

  0x000001eab80f6284: ; ImmutableOopMap {rdx=Oop rbx=Oop [232]=Oop }
                      ;*synchronization entry
                      ; - java.lang.invoke.VarHandleInts$FieldInstanceReadWrite::getAndSet@-1 (line 249)
                      ; - java.lang.invoke.VarHandleGuards::guard_LI_I@45 (line 163)
                      ; - java.util.concurrent.atomic.AtomicBoolean::getAndSet@13 (line 175)
                      ; - com.sun.javafx.tk.quantum.GlassScene::setPainting@5 (line 289)
                      ; - com.sun.javafx.tk.quantum.PresentingPainter::run@406 (line 124)
  0x000001eab80f6284: f840 de06 | e978 91ff 

  0x000001eab80f628c: ;   {metadata({method} {0x000001ead046e870} 'cast' '(Ljava/lang/Object;)Ljava/lang/Object;' in 'java/lang/Class')}
  0x000001eab80f628c: ff49 ba68 | e846 d0ea | 0100 004c | 8954 2408 | 48c7 0424 | ffff ffff 

  0x000001eab80f62a4: ;   {runtime_call counter_overflow Runtime1 stub}
  0x000001eab80f62a4: e8d7 40de 

  0x000001eab80f62a8: ; ImmutableOopMap {rdx=Oop rbx=Oop [232]=Oop }
                      ;*synchronization entry
                      ; - java.lang.Class::cast@-1 (line 4066)
                      ; - java.lang.invoke.VarHandleInts$FieldInstanceReadWrite::getAndSet@13 (line 250)
                      ; - java.lang.invoke.VarHandleGuards::guard_LI_I@45 (line 163)
                      ; - java.util.concurrent.atomic.AtomicBoolean::getAndSet@13 (line 175)
                      ; - com.sun.javafx.tk.quantum.GlassScene::setPainting@5 (line 289)
                      ; - com.sun.javafx.tk.quantum.PresentingPainter::run@406 (line 124)
  0x000001eab80f62a8: 06e9 9c91 

  0x000001eab80f62ac: ;   {metadata({method} {0x000001ead00564a0} 'requireNonNull' '(Ljava/lang/Object;)Ljava/lang/Object;' in 'java/util/Objects')}
  0x000001eab80f62ac: ffff 49ba | 9864 05d0 | ea01 0000 | 4c89 5424 | 0848 c704 | 24ff ffff 

  0x000001eab80f62c4: ;   {runtime_call counter_overflow Runtime1 stub}
  0x000001eab80f62c4: ffe8 b640 

  0x000001eab80f62c8: ; ImmutableOopMap {rdx=Oop rbx=Oop [232]=Oop }
                      ;*synchronization entry
                      ; - java.util.Objects::requireNonNull@-1 (line 232)
                      ; - java.lang.invoke.VarHandleInts$FieldInstanceReadWrite::getAndSet@16 (line 250)
                      ; - java.lang.invoke.VarHandleGuards::guard_LI_I@45 (line 163)
                      ; - java.util.concurrent.atomic.AtomicBoolean::getAndSet@13 (line 175)
                      ; - com.sun.javafx.tk.quantum.GlassScene::setPainting@5 (line 289)
                      ; - com.sun.javafx.tk.quantum.PresentingPainter::run@406 (line 124)
  0x000001eab80f62c8: de06 e97d 

  0x000001eab80f62cc: ;   {runtime_call throw_incompatible_class_change_error Runtime1 stub}
  0x000001eab80f62cc: 92ff ffe8 

  0x000001eab80f62d0: ; ImmutableOopMap {r8=Oop }
                      ;*invokeinterface getTextureResourcePool {reexecute=0 rethrow=0 return_oop=0}
                      ; - com.sun.javafx.tk.quantum.PresentingPainter::run@421 (line 127)
  0x000001eab80f62d0: ac11 de06 

  0x000001eab80f62d4: ;   {runtime_call throw_null_pointer_exception Runtime1 stub}
  0x000001eab80f62d4: e8a7 e0dd 

  0x000001eab80f62d8: ; ImmutableOopMap {r8=Oop }
                      ;*invokeinterface getTextureResourcePool {reexecute=0 rethrow=0 return_oop=0}
                      ; - com.sun.javafx.tk.quantum.PresentingPainter::run@421 (line 127)
                      ;   {metadata({method} {0x000001eb1150e910} 'getTextureResourcePool' '()Lcom/sun/prism/impl/TextureResourcePool;' in 'com/sun/prism/d3d/D3DResourceFactory')}
  0x000001eab80f62d8: 0649 ba08 | e950 11eb | 0100 004c | 8954 2408 | 48c7 0424 | ffff ffff 

  0x000001eab80f62f0: ;   {runtime_call counter_overflow Runtime1 stub}
  0x000001eab80f62f0: e88b 40de 

  0x000001eab80f62f4: ; ImmutableOopMap {}
                      ;*synchronization entry
                      ; - com.sun.prism.d3d.D3DResourceFactory::getTextureResourcePool@-1 (line 95)
                      ; - com.sun.javafx.tk.quantum.PresentingPainter::run@421 (line 127)
  0x000001eab80f62f4: 06e9 b393 

  0x000001eab80f62f8: ;   {metadata({method} {0x000001ead017ee20} 'unlock' '()V' in 'java/util/concurrent/locks/ReentrantLock')}
  0x000001eab80f62f8: ffff 49ba | 18ee 17d0 | ea01 0000 | 4c89 5424 | 0848 c704 | 24ff ffff 

  0x000001eab80f6310: ;   {runtime_call counter_overflow Runtime1 stub}
  0x000001eab80f6310: ffe8 6a40 

  0x000001eab80f6314: ; ImmutableOopMap {r8=Oop }
                      ;*synchronization entry
                      ; - java.util.concurrent.locks.ReentrantLock::unlock@-1 (line 494)
                      ; - com.sun.javafx.tk.quantum.PresentingPainter::run@435 (line 130)
  0x000001eab80f6314: de06 e90d 

  0x000001eab80f6318: ;   {runtime_call throw_null_pointer_exception Runtime1 stub}
  0x000001eab80f6318: 95ff ffe8 

  0x000001eab80f631c: ; ImmutableOopMap {rsi=Oop }
                      ;*invokevirtual release {reexecute=0 rethrow=0 return_oop=0}
                      ; - java.util.concurrent.locks.ReentrantLock::unlock@5 (line 494)
                      ; - com.sun.javafx.tk.quantum.PresentingPainter::run@435 (line 130)
  0x000001eab80f631c: 60e0 dd06 

  0x000001eab80f6320: ;   {metadata({method} {0x000001ead01b01a8} 'release' '(I)Z' in 'java/util/concurrent/locks/AbstractQueuedSynchronizer')}
  0x000001eab80f6320: 49ba a001 | 1bd0 ea01 | 0000 4c89 | 5424 0848 | c704 24ff 

  0x000001eab80f6334: ;   {runtime_call counter_overflow Runtime1 stub}
  0x000001eab80f6334: ffff ffe8 

  0x000001eab80f6338: ; ImmutableOopMap {rsi=Oop }
                      ;*synchronization entry
                      ; - java.util.concurrent.locks.AbstractQueuedSynchronizer::release@-1 (line 1059)
                      ; - java.util.concurrent.locks.ReentrantLock::unlock@5 (line 494)
                      ; - com.sun.javafx.tk.quantum.PresentingPainter::run@435 (line 130)
  0x000001eab80f6338: 4440 de06 | e930 95ff 

  0x000001eab80f6340: ;   {internal_word}
  0x000001eab80f6340: ff49 ba99 | f90e b8ea | 0100 004d | 8997 6004 

  0x000001eab80f6350: ;   {runtime_call SafepointBlob}
  0x000001eab80f6350: 0000 e9a9 

  0x000001eab80f6354: ;   {internal_word}
  0x000001eab80f6354: f3d1 0649 | bab4 f90e | b8ea 0100 | 004d 8997 | 6004 0000 

  0x000001eab80f6368: ;   {runtime_call SafepointBlob}
  0x000001eab80f6368: e993 f3d1 

  0x000001eab80f636c: ;   {runtime_call throw_null_pointer_exception Runtime1 stub}
  0x000001eab80f636c: 06e8 0ee0 

  0x000001eab80f6370: ; ImmutableOopMap {rsi=Oop rdx=Oop [232]=Oop }
                      ;*invokevirtual getDoPresent {reexecute=0 rethrow=0 return_oop=0}
                      ; - com.sun.javafx.tk.quantum.PresentingPainter::run@441 (line 106)
  0x000001eab80f6370: dd06 4889 | 7424 0848 

  0x000001eab80f6378: ;   {runtime_call monitorenter Runtime1 stub}
  0x000001eab80f6378: 893c 24e8 

  0x000001eab80f637c: ; ImmutableOopMap {rsi=Oop rdx=Oop [232]=Oop [752]=Oop }
                      ;*synchronization entry
                      ; - com.sun.javafx.tk.quantum.GlassScene::getDoPresent@-1 (line 333)
                      ; - com.sun.javafx.tk.quantum.PresentingPainter::run@441 (line 106)
  0x000001eab80f637c: 0017 de06 | e99f 96ff | ff48 8d84 | 24e8 0200 | 0048 8904 

  0x000001eab80f6390: ;   {runtime_call monitorexit Runtime1 stub}
  0x000001eab80f6390: 24e8 ea21 | de06 e9b7 

  0x000001eab80f6398: ;   {runtime_call throw_incompatible_class_change_error Runtime1 stub}
  0x000001eab80f6398: 96ff ffe8 

  0x000001eab80f639c: ; ImmutableOopMap {rdx=Oop rsi=Oop [232]=Oop }
                      ;*invokeinterface present {reexecute=0 rethrow=0 return_oop=0}
                      ; - com.sun.javafx.tk.quantum.PresentingPainter::run@451 (line 107)
  0x000001eab80f639c: e010 de06 

  0x000001eab80f63a0: ;   {runtime_call throw_null_pointer_exception Runtime1 stub}
  0x000001eab80f63a0: e8db dfdd 

  0x000001eab80f63a4: ; ImmutableOopMap {rdx=Oop rsi=Oop [232]=Oop }
                      ;*invokeinterface present {reexecute=0 rethrow=0 return_oop=0}
                      ; - com.sun.javafx.tk.quantum.PresentingPainter::run@451 (line 107)
                      ;   {metadata({method} {0x000001eb119da3a8} 'disposePresentable' '()V' in 'com/sun/javafx/tk/quantum/ViewPainter')}
  0x000001eab80f63a4: 0649 baa0 | a39d 11eb | 0100 004c | 8954 2408 | 48c7 0424 | ffff ffff 

  0x000001eab80f63bc: ;   {runtime_call counter_overflow Runtime1 stub}
  0x000001eab80f63bc: e8bf 3fde 

  0x000001eab80f63c0: ; ImmutableOopMap {rdx=Oop [232]=Oop }
                      ;*synchronization entry
                      ; - com.sun.javafx.tk.quantum.ViewPainter::disposePresentable@-1 (line 420)
                      ; - com.sun.javafx.tk.quantum.PresentingPainter::run@460 (line 108)
  0x000001eab80f63c0: 06e9 3498 | ffff 4889 

  0x000001eab80f63c8: ;   {runtime_call throw_class_cast_exception Runtime1 stub}
  0x000001eab80f63c8: 3424 e831 

  0x000001eab80f63cc: ; ImmutableOopMap {[232]=Oop }
                      ;*checkcast {reexecute=0 rethrow=0 return_oop=0}
                      ; - com.sun.javafx.tk.quantum.ViewPainter::disposePresentable@14 (line 421)
                      ; - com.sun.javafx.tk.quantum.PresentingPainter::run@460 (line 108)
                      ;   {runtime_call throw_null_pointer_exception Runtime1 stub}
  0x000001eab80f63cc: 08de 06e8 

  0x000001eab80f63d0: ; ImmutableOopMap {rsi=Oop [232]=Oop }
                      ;*invokeinterface dispose {reexecute=0 rethrow=0 return_oop=0}
                      ; - com.sun.javafx.tk.quantum.ViewPainter::disposePresentable@17 (line 421)
                      ; - com.sun.javafx.tk.quantum.PresentingPainter::run@460 (line 108)
  0x000001eab80f63d0: acdf dd06 | 8b72 2c48 | c1e6 0348 | 83fe 000f | 842c 9bff | ff48 8934 

  0x000001eab80f63e8: ;   {runtime_call g1_pre_barrier_slow}
  0x000001eab80f63e8: 24e8 9245 | de06 e91e 

  0x000001eab80f63f0: ;   {runtime_call throw_null_pointer_exception Runtime1 stub}
  0x000001eab80f63f0: 9bff ffe8 

  0x000001eab80f63f4: ; ImmutableOopMap {rdx=Oop rsi=Oop [232]=Oop }
                      ;*invokevirtual getScene {reexecute=0 rethrow=0 return_oop=0}
                      ; - com.sun.javafx.tk.quantum.PresentingPainter::run@467 (line 109)
  0x000001eab80f63f4: 88df dd06 

  0x000001eab80f63f8: ;   {runtime_call throw_null_pointer_exception Runtime1 stub}
  0x000001eab80f63f8: e883 dfdd 

  0x000001eab80f63fc: ; ImmutableOopMap {rdx=Oop rsi=Oop [232]=Oop }
                      ;*invokevirtual entireSceneNeedsRepaint {reexecute=0 rethrow=0 return_oop=0}
                      ; - com.sun.javafx.tk.quantum.PresentingPainter::run@470 (line 109)
                      ;   {metadata({method} {0x000001eb1151d7b0} 'entireSceneNeedsRepaint' '()V' in 'com/sun/javafx/tk/quantum/GlassScene')}
  0x000001eab80f63fc: 0649 baa8 | d751 11eb | 0100 004c | 8954 2408 | 48c7 0424 | ffff ffff 

  0x000001eab80f6414: ;   {runtime_call counter_overflow Runtime1 stub}
  0x000001eab80f6414: e867 3fde 

  0x000001eab80f6418: ; ImmutableOopMap {rdx=Oop rsi=Oop [232]=Oop }
                      ;*synchronization entry
                      ; - com.sun.javafx.tk.quantum.GlassScene::entireSceneNeedsRepaint@-1 (line 224)
                      ; - com.sun.javafx.tk.quantum.PresentingPainter::run@470 (line 109)
  0x000001eab80f6418: 06e9 ee9b 

  0x000001eab80f641c: ;   {metadata({method} {0x000001eb11634248} 'isFxApplicationThread' '()Z' in 'javafx/application/Platform')}
  0x000001eab80f641c: ffff 49ba | 4042 6311 | eb01 0000 | 4c89 5424 | 0848 c704 | 24ff ffff 

  0x000001eab80f6434: ;   {runtime_call counter_overflow Runtime1 stub}
  0x000001eab80f6434: ffe8 463f 

  0x000001eab80f6438: ; ImmutableOopMap {rdx=Oop rsi=Oop [232]=Oop }
                      ;*synchronization entry
                      ; - javafx.application.Platform::isFxApplicationThread@-1 (line 194)
                      ; - com.sun.javafx.tk.quantum.GlassScene::entireSceneNeedsRepaint@0 (line 224)
                      ; - com.sun.javafx.tk.quantum.PresentingPainter::run@470 (line 109)
  0x000001eab80f6438: de06 e906 

  0x000001eab80f643c: ;   {metadata({method} {0x000001eb1145ee00} 'isFxApplicationThread' '()Z' in 'com/sun/javafx/application/PlatformImpl')}
  0x000001eab80f643c: 9cff ff49 | baf8 ed45 | 11eb 0100 | 004c 8954 | 2408 48c7 | 0424 ffff 

  0x000001eab80f6454: ;   {runtime_call counter_overflow Runtime1 stub}
  0x000001eab80f6454: ffff e825 

  0x000001eab80f6458: ; ImmutableOopMap {rdx=Oop rsi=Oop [232]=Oop }
                      ;*synchronization entry
                      ; - com.sun.javafx.application.PlatformImpl::isFxApplicationThread@-1 (line 428)
                      ; - javafx.application.Platform::isFxApplicationThread@0 (line 194)
                      ; - com.sun.javafx.tk.quantum.GlassScene::entireSceneNeedsRepaint@0 (line 224)
                      ; - com.sun.javafx.tk.quantum.PresentingPainter::run@470 (line 109)
  0x000001eab80f6458: 3fde 06e9 | 1e9c ffff 

  0x000001eab80f6460: ;   {runtime_call throw_null_pointer_exception Runtime1 stub}
  0x000001eab80f6460: e81b dfdd 

  0x000001eab80f6464: ; ImmutableOopMap {rax=Oop [232]=Oop [376]=Oop }
                      ;*invokevirtual isFxUserThread {reexecute=0 rethrow=0 return_oop=0}
                      ; - com.sun.javafx.application.PlatformImpl::isFxApplicationThread@3 (line 428)
                      ; - javafx.application.Platform::isFxApplicationThread@0 (line 194)
                      ; - com.sun.javafx.tk.quantum.GlassScene::entireSceneNeedsRepaint@0 (line 224)
                      ; - com.sun.javafx.tk.quantum.PresentingPainter::run@470 (line 109)
                      ;   {metadata({method} {0x000001eb114740c0} 'isFxUserThread' '()Z' in 'com/sun/javafx/tk/Toolkit')}
  0x000001eab80f6464: 0649 bab8 | 4047 11eb | 0100 004c | 8954 2408 | 48c7 0424 | ffff ffff 

  0x000001eab80f647c: ;   {runtime_call counter_overflow Runtime1 stub}
  0x000001eab80f647c: e8ff 3ede 

  0x000001eab80f6480: ; ImmutableOopMap {[232]=Oop [376]=Oop }
                      ;*synchronization entry
                      ; - com.sun.javafx.tk.Toolkit::isFxUserThread@-1 (line 301)
                      ; - com.sun.javafx.application.PlatformImpl::isFxApplicationThread@3 (line 428)
                      ; - javafx.application.Platform::isFxApplicationThread@0 (line 194)
                      ; - com.sun.javafx.tk.quantum.GlassScene::entireSceneNeedsRepaint@0 (line 224)
                      ; - com.sun.javafx.tk.quantum.PresentingPainter::run@470 (line 109)
  0x000001eab80f6480: 06e9 e29c 

  0x000001eab80f6484: ;   {metadata({method} {0x000001eb1151df88} 'sceneChanged' '()V' in 'com/sun/javafx/tk/quantum/GlassScene')}
  0x000001eab80f6484: ffff 49ba | 80df 5111 | eb01 0000 | 4c89 5424 | 0848 c704 | 24ff ffff 

  0x000001eab80f649c: ;   {runtime_call counter_overflow Runtime1 stub}
  0x000001eab80f649c: ffe8 de3e 

  0x000001eab80f64a0: ; ImmutableOopMap {rsi=Oop [232]=Oop }
                      ;*synchronization entry
                      ; - com.sun.javafx.tk.quantum.GlassScene::sceneChanged@-1 (line 309)
                      ; - com.sun.javafx.tk.quantum.GlassScene::entireSceneNeedsRepaint@12 (line 226)
                      ; - com.sun.javafx.tk.quantum.PresentingPainter::run@470 (line 109)
  0x000001eab80f64a0: de06 e95c 

  0x000001eab80f64a4: ;   {metadata({method} {0x000001eb11519120} 'getInstance' '()Lcom/sun/javafx/tk/quantum/PaintCollector;' in 'com/sun/javafx/tk/quantum/PaintCollector')}
  0x000001eab80f64a4: 9eff ff49 | ba18 9151 | 11eb 0100 | 004c 8954 | 2408 48c7 | 0424 ffff 

  0x000001eab80f64bc: ;   {runtime_call counter_overflow Runtime1 stub}
  0x000001eab80f64bc: ffff e8bd 

  0x000001eab80f64c0: ; ImmutableOopMap {rsi=Oop [232]=Oop }
                      ;*synchronization entry
                      ; - com.sun.javafx.tk.quantum.PaintCollector::getInstance@-1 (line 76)
                      ; - com.sun.javafx.tk.quantum.GlassScene::sceneChanged@7 (line 313)
                      ; - com.sun.javafx.tk.quantum.GlassScene::entireSceneNeedsRepaint@12 (line 226)
                      ; - com.sun.javafx.tk.quantum.PresentingPainter::run@470 (line 109)
  0x000001eab80f64c0: 3ede 06e9 | b39e ffff 

  0x000001eab80f64c8: ;   {runtime_call throw_null_pointer_exception Runtime1 stub}
  0x000001eab80f64c8: e8b3 dedd 

  0x000001eab80f64cc: ; ImmutableOopMap {rsi=Oop rdx=Oop [232]=Oop }
                      ;*invokevirtual addDirtyScene {reexecute=0 rethrow=0 return_oop=0}
                      ; - com.sun.javafx.tk.quantum.GlassScene::sceneChanged@11 (line 313)
                      ; - com.sun.javafx.tk.quantum.GlassScene::entireSceneNeedsRepaint@12 (line 226)
                      ; - com.sun.javafx.tk.quantum.PresentingPainter::run@470 (line 109)
                      ;   {metadata({method} {0x000001eb11519120} 'getInstance' '()Lcom/sun/javafx/tk/quantum/PaintCollector;' in 'com/sun/javafx/tk/quantum/PaintCollector')}
  0x000001eab80f64cc: 0649 ba18 | 9151 11eb | 0100 004c | 8954 2408 | 48c7 0424 | ffff ffff 

  0x000001eab80f64e4: ;   {runtime_call counter_overflow Runtime1 stub}
  0x000001eab80f64e4: e897 3ede 

  0x000001eab80f64e8: ; ImmutableOopMap {rsi=Oop [232]=Oop }
                      ;*synchronization entry
                      ; - com.sun.javafx.tk.quantum.PaintCollector::getInstance@-1 (line 76)
                      ; - com.sun.javafx.tk.quantum.GlassScene::sceneChanged@17 (line 318)
                      ; - com.sun.javafx.tk.quantum.GlassScene::entireSceneNeedsRepaint@12 (line 226)
                      ; - com.sun.javafx.tk.quantum.PresentingPainter::run@470 (line 109)
  0x000001eab80f64e8: 06e9 1f9f 

  0x000001eab80f64ec: ;   {runtime_call throw_null_pointer_exception Runtime1 stub}
  0x000001eab80f64ec: ffff e88d 

  0x000001eab80f64f0: ; ImmutableOopMap {rsi=Oop rdx=Oop [232]=Oop }
                      ;*invokevirtual removeDirtyScene {reexecute=0 rethrow=0 return_oop=0}
                      ; - com.sun.javafx.tk.quantum.GlassScene::sceneChanged@21 (line 318)
                      ; - com.sun.javafx.tk.quantum.GlassScene::entireSceneNeedsRepaint@12 (line 226)
                      ; - com.sun.javafx.tk.quantum.PresentingPainter::run@470 (line 109)
  0x000001eab80f64f0: dedd 0649 | b800 0000 | 0000 0000 | 00b8 000f 

  0x000001eab80f6500: ;   {runtime_call load_appendix_patching Runtime1 stub}
  0x000001eab80f6500: 050a e8f9 

  0x000001eab80f6504: ; ImmutableOopMap {rsi=Oop [232]=Oop }
                      ;*invokedynamic {reexecute=1 rethrow=0 return_oop=0}
                      ; - (reexecute) com.sun.javafx.tk.quantum.GlassScene::entireSceneNeedsRepaint@19 (line 228)
                      ; - com.sun.javafx.tk.quantum.PresentingPainter::run@470 (line 109)
  0x000001eab80f6504: 36de 06e9 | 5c9f ffff 

  0x000001eab80f650c: ;   {metadata({method} {0x000001eb11634108} 'runLater' '(Ljava/lang/Runnable;)V' in 'javafx/application/Platform')}
  0x000001eab80f650c: 49ba 0041 | 6311 eb01 | 0000 4c89 | 5424 0848 | c704 24ff 

  0x000001eab80f6520: ;   {runtime_call counter_overflow Runtime1 stub}
  0x000001eab80f6520: ffff ffe8 

  0x000001eab80f6524: ; ImmutableOopMap {rax=Oop [232]=Oop }
                      ;*synchronization entry
                      ; - javafx.application.Platform::runLater@-1 (line 162)
                      ; - com.sun.javafx.tk.quantum.GlassScene::entireSceneNeedsRepaint@24 (line 228)
                      ; - com.sun.javafx.tk.quantum.PresentingPainter::run@470 (line 109)
  0x000001eab80f6524: 583e de06 | e9fe 9fff 

  0x000001eab80f652c: ;   {metadata({method} {0x000001eb1145eea0} 'runLater' '(Ljava/lang/Runnable;)V' in 'com/sun/javafx/application/PlatformImpl')}
  0x000001eab80f652c: ff49 ba98 | ee45 11eb | 0100 004c | 8954 2408 | 48c7 0424 | ffff ffff 

  0x000001eab80f6544: ;   {runtime_call counter_overflow Runtime1 stub}
  0x000001eab80f6544: e837 3ede 

  0x000001eab80f6548: ; ImmutableOopMap {rax=Oop [232]=Oop }
                      ;*synchronization entry
                      ; - com.sun.javafx.application.PlatformImpl::runLater@-1 (line 432)
                      ; - javafx.application.Platform::runLater@1 (line 162)
                      ; - com.sun.javafx.tk.quantum.GlassScene::entireSceneNeedsRepaint@24 (line 228)
                      ; - com.sun.javafx.tk.quantum.PresentingPainter::run@470 (line 109)
  0x000001eab80f6548: 06e9 1ba0 

  0x000001eab80f654c: ;   {metadata({method} {0x000001eb11d53d68} 'cleanUp' '()V' in 'com/sun/prism/impl/Disposer')}
  0x000001eab80f654c: ffff 49ba | 603d d511 | eb01 0000 | 4c89 5424 | 0848 c704 | 24ff ffff 

  0x000001eab80f6564: ;   {runtime_call counter_overflow Runtime1 stub}
  0x000001eab80f6564: ffe8 163e 

  0x000001eab80f6568: ; ImmutableOopMap {[232]=Oop }
                      ;*synchronization entry
                      ; - com.sun.prism.impl.Disposer::cleanUp@-1 (line 129)
                      ; - com.sun.javafx.tk.quantum.PresentingPainter::run@473 (line 117)
  0x000001eab80f6568: de06 e95e 

  0x000001eab80f656c: ;   {runtime_call throw_null_pointer_exception Runtime1 stub}
  0x000001eab80f656c: a0ff ffe8 

  0x000001eab80f6570: ; ImmutableOopMap {rsi=Oop rdx=Oop [232]=Oop }
                      ;*invokevirtual disposeUnreachables {reexecute=0 rethrow=0 return_oop=0}
                      ; - com.sun.prism.impl.Disposer::cleanUp@3 (line 129)
                      ; - com.sun.javafx.tk.quantum.PresentingPainter::run@473 (line 117)
  0x000001eab80f6570: 0cde dd06 

  0x000001eab80f6574: ;   {runtime_call throw_null_pointer_exception Runtime1 stub}
  0x000001eab80f6574: e807 dedd 

  0x000001eab80f6578: ; ImmutableOopMap {rsi=Oop [232]=Oop [392]=Oop }
                      ;*invokevirtual processDisposalQueue {reexecute=0 rethrow=0 return_oop=0}
                      ; - com.sun.prism.impl.Disposer::cleanUp@9 (line 130)
                      ; - com.sun.javafx.tk.quantum.PresentingPainter::run@473 (line 117)
  0x000001eab80f6578: 0648 8974 | 2408 4c89 

  0x000001eab80f6580: ;   {runtime_call monitorenter Runtime1 stub}
  0x000001eab80f6580: 0424 e8f9 

  0x000001eab80f6584: ; ImmutableOopMap {rsi=Oop [232]=Oop [392]=Oop [752]=Oop }
                      ;*synchronization entry
                      ; - com.sun.prism.impl.Disposer::processDisposalQueue@-1 (line 183)
                      ; - com.sun.prism.impl.Disposer::cleanUp@9 (line 130)
                      ; - com.sun.javafx.tk.quantum.PresentingPainter::run@473 (line 117)
  0x000001eab80f6584: 14de 06e9 | e9a0 ffff 

  0x000001eab80f658c: ;   {metadata({method} {0x000001eb11d540e0} 'processDisposalQueue' '()V' in 'com/sun/prism/impl/Disposer')}
  0x000001eab80f658c: 49ba d840 | d511 eb01 | 0000 4c89 | 5424 0848 | c704 24ff 

  0x000001eab80f65a0: ;   {runtime_call counter_overflow Runtime1 stub}
  0x000001eab80f65a0: ffff ffe8 

  0x000001eab80f65a4: ; ImmutableOopMap {rsi=Oop [232]=Oop [392]=Oop [752]=Oop }
                      ;*synchronization entry
                      ; - com.sun.prism.impl.Disposer::processDisposalQueue@-1 (line 183)
                      ; - com.sun.prism.impl.Disposer::cleanUp@9 (line 130)
                      ; - com.sun.javafx.tk.quantum.PresentingPainter::run@473 (line 117)
  0x000001eab80f65a4: d83d de06 | e9f1 a0ff 

  0x000001eab80f65ac: ;   {runtime_call throw_null_pointer_exception Runtime1 stub}
  0x000001eab80f65ac: ffe8 cedd 

  0x000001eab80f65b0: ; ImmutableOopMap {rsi=Oop rdx=Oop [232]=Oop [392]=Oop [752]=Oop }
                      ;*invokevirtual isEmpty {reexecute=0 rethrow=0 return_oop=0}
                      ; - com.sun.prism.impl.Disposer::processDisposalQueue@4 (line 183)
                      ; - com.sun.prism.impl.Disposer::cleanUp@9 (line 130)
                      ; - com.sun.javafx.tk.quantum.PresentingPainter::run@473 (line 117)
                      ;   {metadata({method} {0x000001ead005a568} 'isEmpty' '()Z' in 'java/util/AbstractCollection')}
  0x000001eab80f65b0: dd06 49ba | 60a5 05d0 | ea01 0000 | 4c89 5424 | 0848 c704 | 24ff ffff 

  0x000001eab80f65c8: ;   {runtime_call counter_overflow Runtime1 stub}
  0x000001eab80f65c8: ffe8 b23d 

  0x000001eab80f65cc: ; ImmutableOopMap {rsi=Oop rdx=Oop [232]=Oop [392]=Oop [752]=Oop }
                      ;*synchronization entry
                      ; - java.util.AbstractCollection::isEmpty@-1 (line 91)
                      ; - com.sun.prism.impl.Disposer::processDisposalQueue@4 (line 183)
                      ; - com.sun.prism.impl.Disposer::cleanUp@9 (line 130)
                      ; - com.sun.javafx.tk.quantum.PresentingPainter::run@473 (line 117)
  0x000001eab80f65cc: de06 e994 

  0x000001eab80f65d0: ;   {metadata({method} {0x000001eb1113e5d8} 'remove' '()Ljava/lang/Object;' in 'java/util/LinkedList')}
  0x000001eab80f65d0: a1ff ff49 | bad0 e513 | 11eb 0100 | 004c 8954 | 2408 48c7 | 0424 ffff 

  0x000001eab80f65e8: ;   {runtime_call counter_overflow Runtime1 stub}
  0x000001eab80f65e8: ffff e891 

  0x000001eab80f65ec: ; ImmutableOopMap {rsi=Oop rdx=Oop [232]=Oop [392]=Oop [752]=Oop }
                      ;*synchronization entry
                      ; - java.util.LinkedList::remove@-1 (line 696)
                      ; - com.sun.prism.impl.Disposer::processDisposalQueue@14 (line 184)
                      ; - com.sun.prism.impl.Disposer::cleanUp@9 (line 130)
                      ; - com.sun.javafx.tk.quantum.PresentingPainter::run@473 (line 117)
  0x000001eab80f65ec: 3dde 06e9 | 63a2 ffff 

  0x000001eab80f65f4: ;   {metadata({method} {0x000001eb1113cd10} 'removeFirst' '()Ljava/lang/Object;' in 'java/util/LinkedList')}
  0x000001eab80f65f4: 49ba 08cd | 1311 eb01 | 0000 4c89 | 5424 0848 | c704 24ff 

  0x000001eab80f6608: ;   {runtime_call counter_overflow Runtime1 stub}
  0x000001eab80f6608: ffff ffe8 

  0x000001eab80f660c: ; ImmutableOopMap {rsi=Oop rdx=Oop [232]=Oop [392]=Oop [752]=Oop }
                      ;*synchronization entry
                      ; - java.util.LinkedList::removeFirst@-1 (line 279)
                      ; - java.util.LinkedList::remove@1 (line 696)
                      ; - com.sun.prism.impl.Disposer::processDisposalQueue@14 (line 184)
                      ; - com.sun.prism.impl.Disposer::cleanUp@9 (line 130)
                      ; - com.sun.javafx.tk.quantum.PresentingPainter::run@473 (line 117)
  0x000001eab80f660c: 703d de06 | e991 a2ff | ff48 8904 

  0x000001eab80f6618: ;   {runtime_call throw_class_cast_exception Runtime1 stub}
  0x000001eab80f6618: 24e8 e205 

  0x000001eab80f661c: ; ImmutableOopMap {[232]=Oop [392]=Oop [752]=Oop }
                      ;*checkcast {reexecute=0 rethrow=0 return_oop=0}
                      ; - com.sun.prism.impl.Disposer::processDisposalQueue@17 (line 184)
                      ; - com.sun.prism.impl.Disposer::cleanUp@9 (line 130)
                      ; - com.sun.javafx.tk.quantum.PresentingPainter::run@473 (line 117)
                      ;   {runtime_call throw_null_pointer_exception Runtime1 stub}
  0x000001eab80f661c: de06 e85d 

  0x000001eab80f6620: ; ImmutableOopMap {rdx=Oop [232]=Oop [392]=Oop [752]=Oop }
                      ;*invokeinterface dispose {reexecute=0 rethrow=0 return_oop=0}
                      ; - com.sun.prism.impl.Disposer::processDisposalQueue@20 (line 184)
                      ; - com.sun.prism.impl.Disposer::cleanUp@9 (line 130)
                      ; - com.sun.javafx.tk.quantum.PresentingPainter::run@473 (line 117)
                      ;   {metadata({method} {0x000001eb11d540e0} 'processDisposalQueue' '()V' in 'com/sun/prism/impl/Disposer')}
  0x000001eab80f6620: dddd 0649 | bad8 40d5 | 11eb 0100 | 004c 8954 | 2408 48c7 | 0424 1900 

  0x000001eab80f6638: ;   {runtime_call counter_overflow Runtime1 stub}
  0x000001eab80f6638: 0000 e841 

  0x000001eab80f663c: ; ImmutableOopMap {[232]=Oop [392]=Oop [752]=Oop }
                      ;*goto {reexecute=1 rethrow=0 return_oop=0}
                      ; - (reexecute) com.sun.prism.impl.Disposer::processDisposalQueue@25 (line 184)
                      ; - com.sun.prism.impl.Disposer::cleanUp@9 (line 130)
                      ; - com.sun.javafx.tk.quantum.PresentingPainter::run@473 (line 117)
  0x000001eab80f663c: 3dde 06e9 | aca4 ffff | 488d 8424 | e802 0000 | 4889 0424 

  0x000001eab80f6650: ;   {runtime_call monitorexit Runtime1 stub}
  0x000001eab80f6650: e82b 1fde | 06e9 e7a4 

  0x000001eab80f6658: ;   {runtime_call throw_null_pointer_exception Runtime1 stub}
  0x000001eab80f6658: ffff e821 

  0x000001eab80f665c: ; ImmutableOopMap {rdx=Oop r8=Oop [232]=Oop }
                      ;*invokevirtual unlock {reexecute=0 rethrow=0 return_oop=0}
                      ; - com.sun.javafx.tk.quantum.PresentingPainter::run@484 (line 120)
                      ;   {metadata({method} {0x000001eb119e29e0} 'unlock' '()V' in 'com/sun/prism/PresentableState')}
  0x000001eab80f665c: dddd 0649 | bad8 299e | 11eb 0100 | 004c 8954 | 2408 48c7 | 0424 ffff 

  0x000001eab80f6674: ;   {runtime_call counter_overflow Runtime1 stub}
  0x000001eab80f6674: ffff e805 

  0x000001eab80f6678: ; ImmutableOopMap {rdx=Oop r8=Oop [232]=Oop }
                      ;*synchronization entry
                      ; - com.sun.prism.PresentableState::unlock@-1 (line 296)
                      ; - com.sun.javafx.tk.quantum.PresentingPainter::run@484 (line 120)
  0x000001eab80f6678: 3dde 06e9 | 9fa5 ffff 

  0x000001eab80f6680: ;   {runtime_call throw_null_pointer_exception Runtime1 stub}
  0x000001eab80f6680: e8fb dcdd 

  0x000001eab80f6684: ; ImmutableOopMap {rdx=Oop rbx=Oop [232]=Oop }
                      ;*invokevirtual unlock {reexecute=0 rethrow=0 return_oop=0}
                      ; - com.sun.prism.PresentableState::unlock@11 (line 296)
                      ; - com.sun.javafx.tk.quantum.PresentingPainter::run@484 (line 120)
                      ;   {metadata({method} {0x000001eb1153f840} 'unlock' '()V' in 'com/sun/glass/ui/View')}
  0x000001eab80f6684: 0649 ba38 | f853 11eb | 0100 004c | 8954 2408 | 48c7 0424 | ffff ffff 

  0x000001eab80f669c: ;   {runtime_call counter_overflow Runtime1 stub}
  0x000001eab80f669c: e8df 3cde 

  0x000001eab80f66a0: ; ImmutableOopMap {rdx=Oop rbx=Oop [232]=Oop }
                      ;*synchronization entry
                      ; - com.sun.glass.ui.View::unlock@-1 (line 747)
                      ; - com.sun.prism.PresentableState::unlock@11 (line 296)
                      ; - com.sun.javafx.tk.quantum.PresentingPainter::run@484 (line 120)
  0x000001eab80f66a0: 06e9 76a6 

  0x000001eab80f66a4: ;   {metadata({method} {0x000001eb1153d880} 'checkNotClosed' '()V' in 'com/sun/glass/ui/View')}
  0x000001eab80f66a4: ffff 49ba | 78d8 5311 | eb01 0000 | 4c89 5424 | 0848 c704 | 24ff ffff 

  0x000001eab80f66bc: ;   {runtime_call counter_overflow Runtime1 stub}
  0x000001eab80f66bc: ffe8 be3c 

  0x000001eab80f66c0: ; ImmutableOopMap {rdx=Oop rbx=Oop [232]=Oop }
                      ;*synchronization entry
                      ; - com.sun.glass.ui.View::checkNotClosed@-1 (line 434)
                      ; - com.sun.glass.ui.View::unlock@1 (line 747)
                      ; - com.sun.prism.PresentableState::unlock@11 (line 296)
                      ; - com.sun.javafx.tk.quantum.PresentingPainter::run@484 (line 120)
  0x000001eab80f66c0: de06 e993 

  0x000001eab80f66c4: ;   {runtime_call throw_null_pointer_exception Runtime1 stub}
  0x000001eab80f66c4: a6ff ffe8 

  0x000001eab80f66c8: ; ImmutableOopMap {rdx=Oop r8=Oop [232]=Oop }
                      ;*invokevirtual getScene {reexecute=0 rethrow=0 return_oop=0}
                      ; - com.sun.javafx.tk.quantum.PresentingPainter::run@491 (line 123)
  0x000001eab80f66c8: b4dc dd06 | 4c89 0424 

  0x000001eab80f66d0: ;   {runtime_call throw_class_cast_exception Runtime1 stub}
  0x000001eab80f66d0: e82b 05de 

  0x000001eab80f66d4: ; ImmutableOopMap {rdx=Oop [232]=Oop }
                      ;*checkcast {reexecute=0 rethrow=0 return_oop=0}
                      ; - com.sun.javafx.tk.quantum.PresentingPainter::run@494 (line 123)
                      ;   {runtime_call throw_null_pointer_exception Runtime1 stub}
  0x000001eab80f66d4: 06e8 a6dc 

  0x000001eab80f66d8: ; ImmutableOopMap {rdx=Oop r8=Oop [232]=Oop }
                      ;*invokevirtual setPainting {reexecute=0 rethrow=0 return_oop=0}
                      ; - com.sun.javafx.tk.quantum.PresentingPainter::run@502 (line 124)
                      ;   {metadata({method} {0x000001eb1151dd70} 'setPainting' '(Z)Z' in 'com/sun/javafx/tk/quantum/GlassScene')}
  0x000001eab80f66d8: dd06 49ba | 68dd 5111 | eb01 0000 | 4c89 5424 | 0848 c704 | 24ff ffff 

  0x000001eab80f66f0: ;   {runtime_call counter_overflow Runtime1 stub}
  0x000001eab80f66f0: ffe8 8a3c 

  0x000001eab80f66f4: ; ImmutableOopMap {rdx=Oop r8=Oop [232]=Oop }
                      ;*synchronization entry
                      ; - com.sun.javafx.tk.quantum.GlassScene::setPainting@-1 (line 289)
                      ; - com.sun.javafx.tk.quantum.PresentingPainter::run@502 (line 124)
  0x000001eab80f66f4: de06 e9b8 

  0x000001eab80f66f8: ;   {runtime_call throw_null_pointer_exception Runtime1 stub}
  0x000001eab80f66f8: a8ff ffe8 

  0x000001eab80f66fc: ; ImmutableOopMap {rdx=Oop rbx=Oop [232]=Oop }
                      ;*invokevirtual getAndSet {reexecute=0 rethrow=0 return_oop=0}
                      ; - com.sun.javafx.tk.quantum.GlassScene::setPainting@5 (line 289)
                      ; - com.sun.javafx.tk.quantum.PresentingPainter::run@502 (line 124)
  0x000001eab80f66fc: 80dc dd06 

  0x000001eab80f6700: ;   {metadata({method} {0x000001eb1112f1e0} 'getAndSet' '(Z)Z' in 'java/util/concurrent/atomic/AtomicBoolean')}
  0x000001eab80f6700: 49ba d8f1 | 1211 eb01 | 0000 4c89 | 5424 0848 | c704 24ff 

  0x000001eab80f6714: ;   {runtime_call counter_overflow Runtime1 stub}
  0x000001eab80f6714: ffff ffe8 

  0x000001eab80f6718: ; ImmutableOopMap {rdx=Oop rbx=Oop [232]=Oop }
                      ;*synchronization entry
                      ; - java.util.concurrent.atomic.AtomicBoolean::getAndSet@-1 (line 175)
                      ; - com.sun.javafx.tk.quantum.GlassScene::setPainting@5 (line 289)
                      ; - com.sun.javafx.tk.quantum.PresentingPainter::run@502 (line 124)
  0x000001eab80f6718: 643c de06 | e9db a8ff 

  0x000001eab80f6720: ;   {metadata({method} {0x000001ead0157d50} 'guard_LI_I' '(Ljava/lang/invoke/VarHandle;Ljava/lang/Object;ILjava/lang/invoke/VarHandle$AccessDescriptor;)I' in 'java/lang/invoke/VarHandleGuards')}
  0x000001eab80f6720: ff49 ba48 | 7d15 d0ea | 0100 004c | 8954 2408 | 48c7 0424 | ffff ffff 

  0x000001eab80f6738: ;   {runtime_call counter_overflow Runtime1 stub}
  0x000001eab80f6738: e843 3cde 

  0x000001eab80f673c: ; ImmutableOopMap {rdx=Oop rbx=Oop rsi=Oop [232]=Oop }
                      ;*synchronization entry
                      ; - java.lang.invoke.VarHandleGuards::guard_LI_I@-1 (line 161)
                      ; - java.util.concurrent.atomic.AtomicBoolean::getAndSet@13 (line 175)
                      ; - com.sun.javafx.tk.quantum.GlassScene::setPainting@5 (line 289)
                      ; - com.sun.javafx.tk.quantum.PresentingPainter::run@502 (line 124)
  0x000001eab80f673c: 06e9 31a9 

  0x000001eab80f6740: ;   {metadata({method} {0x000001ead0093f08} 'checkAccessModeThenIsDirect' '(Ljava/lang/invoke/VarHandle$AccessDescriptor;)Z' in 'java/lang/invoke/VarHandle')}
  0x000001eab80f6740: ffff 49ba | 003f 09d0 | ea01 0000 | 4c89 5424 | 0848 c704 | 24ff ffff 

  0x000001eab80f6758: ;   {runtime_call counter_overflow Runtime1 stub}
  0x000001eab80f6758: ffe8 223c 

  0x000001eab80f675c: ; ImmutableOopMap {rdx=Oop rbx=Oop [232]=Oop }
                      ;*synchronization entry
                      ; - java.lang.invoke.VarHandle::checkAccessModeThenIsDirect@-1 (line 2075)
                      ; - java.lang.invoke.VarHandleGuards::guard_LI_I@2 (line 161)
                      ; - java.util.concurrent.atomic.AtomicBoolean::getAndSet@13 (line 175)
                      ; - com.sun.javafx.tk.quantum.GlassScene::setPainting@5 (line 289)
                      ; - com.sun.javafx.tk.quantum.PresentingPainter::run@502 (line 124)
  0x000001eab80f675c: de06 e9f6 

  0x000001eab80f6760: ;   {metadata({method} {0x000001ead0155cf0} 'getMemberName' '(I)Ljava/lang/invoke/MemberName;' in 'java/lang/invoke/VarForm')}
  0x000001eab80f6760: a9ff ff49 | bae8 5c15 | d0ea 0100 | 004c 8954 | 2408 48c7 | 0424 ffff 

  0x000001eab80f6778: ;   {runtime_call counter_overflow Runtime1 stub}
  0x000001eab80f6778: ffff e801 

  0x000001eab80f677c: ; ImmutableOopMap {rdx=Oop rbx=Oop [232]=Oop }
                      ;*synchronization entry
                      ; - java.lang.invoke.VarForm::getMemberName@-1 (line 114)
                      ; - java.lang.invoke.VarHandleGuards::guard_LI_I@42 (line 163)
                      ; - java.util.concurrent.atomic.AtomicBoolean::getAndSet@13 (line 175)
                      ; - com.sun.javafx.tk.quantum.GlassScene::setPainting@5 (line 289)
                      ; - com.sun.javafx.tk.quantum.PresentingPainter::run@502 (line 124)
  0x000001eab80f677c: 3cde 06e9 | 4daa ffff 

  0x000001eab80f6784: ;   {metadata({method} {0x000001eb110e9768} 'getAndSet' '(Ljava/lang/invoke/VarHandle;Ljava/lang/Object;I)I' in 'java/lang/invoke/VarHandleInts$FieldInstanceReadWrite')}
  0x000001eab80f6784: 49ba 6097 | 0e11 eb01 | 0000 4c89 | 5424 0848 | c704 24ff 

  0x000001eab80f6798: ;   {runtime_call counter_overflow Runtime1 stub}
  0x000001eab80f6798: ffff ffe8 

  0x000001eab80f679c: ; ImmutableOopMap {rdx=Oop rbx=Oop [232]=Oop }
                      ;*synchronization entry
                      ; - java.lang.invoke.VarHandleInts$FieldInstanceReadWrite::getAndSet@-1 (line 249)
                      ; - java.lang.invoke.VarHandleGuards::guard_LI_I@45 (line 163)
                      ; - java.util.concurrent.atomic.AtomicBoolean::getAndSet@13 (line 175)
                      ; - com.sun.javafx.tk.quantum.GlassScene::setPainting@5 (line 289)
                      ; - com.sun.javafx.tk.quantum.PresentingPainter::run@502 (line 124)
  0x000001eab80f679c: e03b de06 | e9d0 aaff 

  0x000001eab80f67a4: ;   {metadata({method} {0x000001ead046e870} 'cast' '(Ljava/lang/Object;)Ljava/lang/Object;' in 'java/lang/Class')}
  0x000001eab80f67a4: ff49 ba68 | e846 d0ea | 0100 004c | 8954 2408 | 48c7 0424 | ffff ffff 

  0x000001eab80f67bc: ;   {runtime_call counter_overflow Runtime1 stub}
  0x000001eab80f67bc: e8bf 3bde 

  0x000001eab80f67c0: ; ImmutableOopMap {rdx=Oop rbx=Oop [232]=Oop }
                      ;*synchronization entry
                      ; - java.lang.Class::cast@-1 (line 4066)
                      ; - java.lang.invoke.VarHandleInts$FieldInstanceReadWrite::getAndSet@13 (line 250)
                      ; - java.lang.invoke.VarHandleGuards::guard_LI_I@45 (line 163)
                      ; - java.util.concurrent.atomic.AtomicBoolean::getAndSet@13 (line 175)
                      ; - com.sun.javafx.tk.quantum.GlassScene::setPainting@5 (line 289)
                      ; - com.sun.javafx.tk.quantum.PresentingPainter::run@502 (line 124)
  0x000001eab80f67c0: 06e9 f4aa 

  0x000001eab80f67c4: ;   {metadata({method} {0x000001ead00564a0} 'requireNonNull' '(Ljava/lang/Object;)Ljava/lang/Object;' in 'java/util/Objects')}
  0x000001eab80f67c4: ffff 49ba | 9864 05d0 | ea01 0000 | 4c89 5424 | 0848 c704 | 24ff ffff 

  0x000001eab80f67dc: ;   {runtime_call counter_overflow Runtime1 stub}
  0x000001eab80f67dc: ffe8 9e3b 

  0x000001eab80f67e0: ; ImmutableOopMap {rdx=Oop rbx=Oop [232]=Oop }
                      ;*synchronization entry
                      ; - java.util.Objects::requireNonNull@-1 (line 232)
                      ; - java.lang.invoke.VarHandleInts$FieldInstanceReadWrite::getAndSet@16 (line 250)
                      ; - java.lang.invoke.VarHandleGuards::guard_LI_I@45 (line 163)
                      ; - java.util.concurrent.atomic.AtomicBoolean::getAndSet@13 (line 175)
                      ; - com.sun.javafx.tk.quantum.GlassScene::setPainting@5 (line 289)
                      ; - com.sun.javafx.tk.quantum.PresentingPainter::run@502 (line 124)
  0x000001eab80f67e0: de06 e9d5 

  0x000001eab80f67e4: ;   {runtime_call throw_incompatible_class_change_error Runtime1 stub}
  0x000001eab80f67e4: abff ffe8 

  0x000001eab80f67e8: ; ImmutableOopMap {r8=Oop }
                      ;*invokeinterface getTextureResourcePool {reexecute=0 rethrow=0 return_oop=0}
                      ; - com.sun.javafx.tk.quantum.PresentingPainter::run@517 (line 127)
  0x000001eab80f67e8: 940c de06 

  0x000001eab80f67ec: ;   {runtime_call throw_null_pointer_exception Runtime1 stub}
  0x000001eab80f67ec: e88f dbdd 

  0x000001eab80f67f0: ; ImmutableOopMap {r8=Oop }
                      ;*invokeinterface getTextureResourcePool {reexecute=0 rethrow=0 return_oop=0}
                      ; - com.sun.javafx.tk.quantum.PresentingPainter::run@517 (line 127)
                      ;   {metadata({method} {0x000001eb1150e910} 'getTextureResourcePool' '()Lcom/sun/prism/impl/TextureResourcePool;' in 'com/sun/prism/d3d/D3DResourceFactory')}
  0x000001eab80f67f0: 0649 ba08 | e950 11eb | 0100 004c | 8954 2408 | 48c7 0424 | ffff ffff 

  0x000001eab80f6808: ;   {runtime_call counter_overflow Runtime1 stub}
  0x000001eab80f6808: e873 3bde 

  0x000001eab80f680c: ; ImmutableOopMap {}
                      ;*synchronization entry
                      ; - com.sun.prism.d3d.D3DResourceFactory::getTextureResourcePool@-1 (line 95)
                      ; - com.sun.javafx.tk.quantum.PresentingPainter::run@517 (line 127)
  0x000001eab80f680c: 06e9 0bad 

  0x000001eab80f6810: ;   {metadata({method} {0x000001ead017ee20} 'unlock' '()V' in 'java/util/concurrent/locks/ReentrantLock')}
  0x000001eab80f6810: ffff 49ba | 18ee 17d0 | ea01 0000 | 4c89 5424 | 0848 c704 | 24ff ffff 

  0x000001eab80f6828: ;   {runtime_call counter_overflow Runtime1 stub}
  0x000001eab80f6828: ffe8 523b 

  0x000001eab80f682c: ; ImmutableOopMap {r8=Oop }
                      ;*synchronization entry
                      ; - java.util.concurrent.locks.ReentrantLock::unlock@-1 (line 494)
                      ; - com.sun.javafx.tk.quantum.PresentingPainter::run@531 (line 130)
  0x000001eab80f682c: de06 e965 

  0x000001eab80f6830: ;   {runtime_call throw_null_pointer_exception Runtime1 stub}
  0x000001eab80f6830: aeff ffe8 

  0x000001eab80f6834: ; ImmutableOopMap {rsi=Oop }
                      ;*invokevirtual release {reexecute=0 rethrow=0 return_oop=0}
                      ; - java.util.concurrent.locks.ReentrantLock::unlock@5 (line 494)
                      ; - com.sun.javafx.tk.quantum.PresentingPainter::run@531 (line 130)
  0x000001eab80f6834: 48db dd06 

  0x000001eab80f6838: ;   {metadata({method} {0x000001ead01b01a8} 'release' '(I)Z' in 'java/util/concurrent/locks/AbstractQueuedSynchronizer')}
  0x000001eab80f6838: 49ba a001 | 1bd0 ea01 | 0000 4c89 | 5424 0848 | c704 24ff 

  0x000001eab80f684c: ;   {runtime_call counter_overflow Runtime1 stub}
  0x000001eab80f684c: ffff ffe8 

  0x000001eab80f6850: ; ImmutableOopMap {rsi=Oop }
                      ;*synchronization entry
                      ; - java.util.concurrent.locks.AbstractQueuedSynchronizer::release@-1 (line 1059)
                      ; - java.util.concurrent.locks.ReentrantLock::unlock@5 (line 494)
                      ; - com.sun.javafx.tk.quantum.PresentingPainter::run@531 (line 130)
  0x000001eab80f6850: 2c3b de06 | e988 aeff 

  0x000001eab80f6858: ;   {internal_word}
  0x000001eab80f6858: ff49 ba23 | 180f b8ea | 0100 004d | 8997 6004 

  0x000001eab80f6868: ;   {runtime_call SafepointBlob}
  0x000001eab80f6868: 0000 e991 

  0x000001eab80f686c: ;   {internal_word}
  0x000001eab80f686c: eed1 0649 | ba39 180f | b8ea 0100 | 004d 8997 | 6004 0000 

  0x000001eab80f6880: ;   {runtime_call SafepointBlob}
  0x000001eab80f6880: e97b eed1 

  0x000001eab80f6884: ;   {internal_word}
  0x000001eab80f6884: 0649 ba4f | 180f b8ea | 0100 004d | 8997 6004 

  0x000001eab80f6894: ;   {runtime_call SafepointBlob}
  0x000001eab80f6894: 0000 e965 

  0x000001eab80f6898: ;   {internal_word}
  0x000001eab80f6898: eed1 0649 | ba65 180f | b8ea 0100 | 004d 8997 | 6004 0000 

  0x000001eab80f68ac: ;   {runtime_call SafepointBlob}
  0x000001eab80f68ac: e94f eed1 

  0x000001eab80f68b0: ;   {metadata(nullptr)}
  0x000001eab80f68b0: 0648 ba00 | 0000 0000 | 0000 00b8 | 000f 050a 

  0x000001eab80f68c0: ;   {runtime_call load_klass_patching Runtime1 stub}
  0x000001eab80f68c0: e83b 2ade 

  0x000001eab80f68c4: ; ImmutableOopMap {[232]=Oop }
                      ;*new {reexecute=1 rethrow=0 return_oop=0}
                      ; - (reexecute) java.util.Objects::requireNonNull@4 (line 233)
                      ; - java.lang.invoke.VarHandleInts$FieldInstanceReadWrite::getAndSet@16 (line 250)
                      ; - java.lang.invoke.VarHandleGuards::guard_LI_I@45 (line 163)
                      ; - java.util.concurrent.atomic.AtomicBoolean::getAndSet@13 (line 175)
                      ; - com.sun.javafx.tk.quantum.GlassScene::setPainting@5 (line 289)
                      ; - com.sun.javafx.tk.quantum.PresentingPainter::run@502 (line 124)
  0x000001eab80f68c4: 06e9 aeaf | ffff 488b 

  0x000001eab80f68cc: ;   {runtime_call fast_new_instance Runtime1 stub}
  0x000001eab80f68cc: d2e8 aee3 

  0x000001eab80f68d0: ; ImmutableOopMap {[232]=Oop }
                      ;*new {reexecute=0 rethrow=0 return_oop=0}
                      ; - java.util.Objects::requireNonNull@4 (line 233)
                      ; - java.lang.invoke.VarHandleInts$FieldInstanceReadWrite::getAndSet@16 (line 250)
                      ; - java.lang.invoke.VarHandleGuards::guard_LI_I@45 (line 163)
                      ; - java.util.concurrent.atomic.AtomicBoolean::getAndSet@13 (line 175)
                      ; - com.sun.javafx.tk.quantum.GlassScene::setPainting@5 (line 289)
                      ; - com.sun.javafx.tk.quantum.PresentingPainter::run@502 (line 124)
  0x000001eab80f68d0: dd06 e9fd | afff ff48 

  0x000001eab80f68d8: ;   {runtime_call fast_new_instance Runtime1 stub}
  0x000001eab80f68d8: 8bd2 e8a1 

  0x000001eab80f68dc: ; ImmutableOopMap {rbx=Oop [232]=Oop }
                      ;*new {reexecute=0 rethrow=0 return_oop=0}
                      ; - java.lang.Class::cast@12 (line 4067)
                      ; - java.lang.invoke.VarHandleInts$FieldInstanceReadWrite::getAndSet@13 (line 250)
                      ; - java.lang.invoke.VarHandleGuards::guard_LI_I@45 (line 163)
                      ; - java.util.concurrent.atomic.AtomicBoolean::getAndSet@13 (line 175)
                      ; - com.sun.javafx.tk.quantum.GlassScene::setPainting@5 (line 289)
                      ; - com.sun.javafx.tk.quantum.PresentingPainter::run@502 (line 124)
  0x000001eab80f68dc: e3dd 06e9 | 85b0 ffff 

  0x000001eab80f68e4: ;   {metadata(nullptr)}
  0x000001eab80f68e4: 48ba 0000 | 0000 0000 | 0000 b800 

  0x000001eab80f68f0: ;   {runtime_call load_klass_patching Runtime1 stub}
  0x000001eab80f68f0: 0f05 0ae8 

  0x000001eab80f68f4: ; ImmutableOopMap {[232]=Oop [432]=Oop }
                      ;*new {reexecute=1 rethrow=0 return_oop=0}
                      ; - (reexecute) com.sun.glass.ui.View::checkNotClosed@9 (line 435)
                      ; - com.sun.glass.ui.View::unlock@1 (line 747)
                      ; - com.sun.prism.PresentableState::unlock@11 (line 296)
                      ; - com.sun.javafx.tk.quantum.PresentingPainter::run@484 (line 120)
  0x000001eab80f68f4: 082a de06 | e9fb b0ff 

  0x000001eab80f68fc: ;   {runtime_call throw_null_pointer_exception Runtime1 stub}
  0x000001eab80f68fc: ffe8 7eda 

  0x000001eab80f6900: ; ImmutableOopMap {[232]=Oop [432]=Oop }
                      ;*new {reexecute=0 rethrow=0 return_oop=0}
                      ; - com.sun.glass.ui.View::checkNotClosed@9 (line 435)
                      ; - com.sun.glass.ui.View::unlock@1 (line 747)
                      ; - com.sun.prism.PresentableState::unlock@11 (line 296)
                      ; - com.sun.javafx.tk.quantum.PresentingPainter::run@484 (line 120)
  0x000001eab80f6900: dd06 488b 

  0x000001eab80f6904: ;   {runtime_call fast_new_instance_init_check Runtime1 stub}
  0x000001eab80f6904: d2e8 76e6 

  0x000001eab80f6908: ; ImmutableOopMap {[232]=Oop [432]=Oop }
                      ;*new {reexecute=0 rethrow=0 return_oop=0}
                      ; - com.sun.glass.ui.View::checkNotClosed@9 (line 435)
                      ; - com.sun.glass.ui.View::unlock@1 (line 747)
                      ; - com.sun.prism.PresentableState::unlock@11 (line 296)
                      ; - com.sun.javafx.tk.quantum.PresentingPainter::run@484 (line 120)
  0x000001eab80f6908: dd06 e94e 

  0x000001eab80f690c: ;   {metadata(nullptr)}
  0x000001eab80f690c: b1ff ff48 | ba00 0000 | 0000 0000 | 00b8 000f 

  0x000001eab80f691c: ;   {runtime_call load_klass_patching Runtime1 stub}
  0x000001eab80f691c: 050a e8dd 

  0x000001eab80f6920: ; ImmutableOopMap {[232]=Oop [392]=Oop [752]=Oop }
                      ;*new {reexecute=1 rethrow=0 return_oop=0}
                      ; - (reexecute) java.util.LinkedList::removeFirst@9 (line 281)
                      ; - java.util.LinkedList::remove@1 (line 696)
                      ; - com.sun.prism.impl.Disposer::processDisposalQueue@14 (line 184)
                      ; - com.sun.prism.impl.Disposer::cleanUp@9 (line 130)
                      ; - com.sun.javafx.tk.quantum.PresentingPainter::run@473 (line 117)
  0x000001eab80f6920: 29de 06e9 | 80b1 ffff 

  0x000001eab80f6928: ;   {runtime_call throw_null_pointer_exception Runtime1 stub}
  0x000001eab80f6928: e853 dadd 

  0x000001eab80f692c: ; ImmutableOopMap {[232]=Oop [392]=Oop [752]=Oop }
                      ;*new {reexecute=0 rethrow=0 return_oop=0}
                      ; - java.util.LinkedList::removeFirst@9 (line 281)
                      ; - java.util.LinkedList::remove@1 (line 696)
                      ; - com.sun.prism.impl.Disposer::processDisposalQueue@14 (line 184)
                      ; - com.sun.prism.impl.Disposer::cleanUp@9 (line 130)
                      ; - com.sun.javafx.tk.quantum.PresentingPainter::run@473 (line 117)
  0x000001eab80f692c: 0648 8bd2 

  0x000001eab80f6930: ;   {runtime_call fast_new_instance_init_check Runtime1 stub}
  0x000001eab80f6930: e84b e6dd 

  0x000001eab80f6934: ; ImmutableOopMap {[232]=Oop [392]=Oop [752]=Oop }
                      ;*new {reexecute=0 rethrow=0 return_oop=0}
                      ; - java.util.LinkedList::removeFirst@9 (line 281)
                      ; - java.util.LinkedList::remove@1 (line 696)
                      ; - com.sun.prism.impl.Disposer::processDisposalQueue@14 (line 184)
                      ; - com.sun.prism.impl.Disposer::cleanUp@9 (line 130)
                      ; - com.sun.javafx.tk.quantum.PresentingPainter::run@473 (line 117)
  0x000001eab80f6934: 06e9 d3b1 

  0x000001eab80f6938: ;   {metadata(nullptr)}
  0x000001eab80f6938: ffff 48ba | 0000 0000 | 0000 0000 | b800 0f05 

  0x000001eab80f6948: ;   {runtime_call load_klass_patching Runtime1 stub}
  0x000001eab80f6948: 0ae8 b229 

  0x000001eab80f694c: ; ImmutableOopMap {[232]=Oop }
                      ;*new {reexecute=1 rethrow=0 return_oop=0}
                      ; - (reexecute) java.util.Objects::requireNonNull@4 (line 233)
                      ; - java.lang.invoke.VarHandleInts$FieldInstanceReadWrite::getAndSet@16 (line 250)
                      ; - java.lang.invoke.VarHandleGuards::guard_LI_I@45 (line 163)
                      ; - java.util.concurrent.atomic.AtomicBoolean::getAndSet@13 (line 175)
                      ; - com.sun.javafx.tk.quantum.GlassScene::setPainting@5 (line 289)
                      ; - com.sun.javafx.tk.quantum.PresentingPainter::run@406 (line 124)
  0x000001eab80f694c: de06 e905 | b2ff ff48 

  0x000001eab80f6954: ;   {runtime_call fast_new_instance Runtime1 stub}
  0x000001eab80f6954: 8bd2 e825 

  0x000001eab80f6958: ; ImmutableOopMap {[232]=Oop }
                      ;*new {reexecute=0 rethrow=0 return_oop=0}
                      ; - java.util.Objects::requireNonNull@4 (line 233)
                      ; - java.lang.invoke.VarHandleInts$FieldInstanceReadWrite::getAndSet@16 (line 250)
                      ; - java.lang.invoke.VarHandleGuards::guard_LI_I@45 (line 163)
                      ; - java.util.concurrent.atomic.AtomicBoolean::getAndSet@13 (line 175)
                      ; - com.sun.javafx.tk.quantum.GlassScene::setPainting@5 (line 289)
                      ; - com.sun.javafx.tk.quantum.PresentingPainter::run@406 (line 124)
  0x000001eab80f6958: e3dd 06e9 | 54b2 ffff 

  0x000001eab80f6960: ;   {runtime_call fast_new_instance Runtime1 stub}
  0x000001eab80f6960: 488b d2e8 

  0x000001eab80f6964: ; ImmutableOopMap {rbx=Oop [232]=Oop }
                      ;*new {reexecute=0 rethrow=0 return_oop=0}
                      ; - java.lang.Class::cast@12 (line 4067)
                      ; - java.lang.invoke.VarHandleInts$FieldInstanceReadWrite::getAndSet@13 (line 250)
                      ; - java.lang.invoke.VarHandleGuards::guard_LI_I@45 (line 163)
                      ; - java.util.concurrent.atomic.AtomicBoolean::getAndSet@13 (line 175)
                      ; - com.sun.javafx.tk.quantum.GlassScene::setPainting@5 (line 289)
                      ; - com.sun.javafx.tk.quantum.PresentingPainter::run@406 (line 124)
  0x000001eab80f6964: 18e3 dd06 | e9dc b2ff 

  0x000001eab80f696c: ;   {metadata(nullptr)}
  0x000001eab80f696c: ff48 ba00 | 0000 0000 | 0000 00b8 | 000f 050a 

  0x000001eab80f697c: ;   {runtime_call load_klass_patching Runtime1 stub}
  0x000001eab80f697c: e87f 29de 

  0x000001eab80f6980: ; ImmutableOopMap {[232]=Oop [472]=Oop }
                      ;*new {reexecute=1 rethrow=0 return_oop=0}
                      ; - (reexecute) com.sun.glass.ui.View::checkNotClosed@9 (line 435)
                      ; - com.sun.glass.ui.View::unlock@1 (line 747)
                      ; - com.sun.prism.PresentableState::unlock@11 (line 296)
                      ; - com.sun.javafx.tk.quantum.PresentingPainter::run@388 (line 120)
  0x000001eab80f6980: 06e9 52b3 

  0x000001eab80f6984: ;   {runtime_call throw_null_pointer_exception Runtime1 stub}
  0x000001eab80f6984: ffff e8f5 

  0x000001eab80f6988: ; ImmutableOopMap {[232]=Oop [472]=Oop }
                      ;*new {reexecute=0 rethrow=0 return_oop=0}
                      ; - com.sun.glass.ui.View::checkNotClosed@9 (line 435)
                      ; - com.sun.glass.ui.View::unlock@1 (line 747)
                      ; - com.sun.prism.PresentableState::unlock@11 (line 296)
                      ; - com.sun.javafx.tk.quantum.PresentingPainter::run@388 (line 120)
  0x000001eab80f6988: d9dd 0648 

  0x000001eab80f698c: ;   {runtime_call fast_new_instance_init_check Runtime1 stub}
  0x000001eab80f698c: 8bd2 e8ed 

  0x000001eab80f6990: ; ImmutableOopMap {[232]=Oop [472]=Oop }
                      ;*new {reexecute=0 rethrow=0 return_oop=0}
                      ; - com.sun.glass.ui.View::checkNotClosed@9 (line 435)
                      ; - com.sun.glass.ui.View::unlock@1 (line 747)
                      ; - com.sun.prism.PresentableState::unlock@11 (line 296)
                      ; - com.sun.javafx.tk.quantum.PresentingPainter::run@388 (line 120)
  0x000001eab80f6990: e5dd 06e9 | a5b3 ffff 

  0x000001eab80f6998: ;   {metadata(nullptr)}
  0x000001eab80f6998: 48ba 0000 | 0000 0000 | 0000 b800 

  0x000001eab80f69a4: ;   {runtime_call load_klass_patching Runtime1 stub}
  0x000001eab80f69a4: 0f05 0ae8 

  0x000001eab80f69a8: ; ImmutableOopMap {[232]=Oop [360]=Oop [752]=Oop }
                      ;*new {reexecute=1 rethrow=0 return_oop=0}
                      ; - (reexecute) java.util.LinkedList::removeFirst@9 (line 281)
                      ; - java.util.LinkedList::remove@1 (line 696)
                      ; - com.sun.prism.impl.Disposer::processDisposalQueue@14 (line 184)
                      ; - com.sun.prism.impl.Disposer::cleanUp@9 (line 130)
                      ; - com.sun.javafx.tk.quantum.PresentingPainter::run@377 (line 117)
  0x000001eab80f69a8: 5429 de06 | e9d7 b3ff 

  0x000001eab80f69b0: ;   {runtime_call throw_null_pointer_exception Runtime1 stub}
  0x000001eab80f69b0: ffe8 cad9 

  0x000001eab80f69b4: ; ImmutableOopMap {[232]=Oop [360]=Oop [752]=Oop }
                      ;*new {reexecute=0 rethrow=0 return_oop=0}
                      ; - java.util.LinkedList::removeFirst@9 (line 281)
                      ; - java.util.LinkedList::remove@1 (line 696)
                      ; - com.sun.prism.impl.Disposer::processDisposalQueue@14 (line 184)
                      ; - com.sun.prism.impl.Disposer::cleanUp@9 (line 130)
                      ; - com.sun.javafx.tk.quantum.PresentingPainter::run@377 (line 117)
  0x000001eab80f69b4: dd06 488b 

  0x000001eab80f69b8: ;   {runtime_call fast_new_instance_init_check Runtime1 stub}
  0x000001eab80f69b8: d2e8 c2e5 

  0x000001eab80f69bc: ; ImmutableOopMap {[232]=Oop [360]=Oop [752]=Oop }
                      ;*new {reexecute=0 rethrow=0 return_oop=0}
                      ; - java.util.LinkedList::removeFirst@9 (line 281)
                      ; - java.util.LinkedList::remove@1 (line 696)
                      ; - com.sun.prism.impl.Disposer::processDisposalQueue@14 (line 184)
                      ; - com.sun.prism.impl.Disposer::cleanUp@9 (line 130)
                      ; - com.sun.javafx.tk.quantum.PresentingPainter::run@377 (line 117)
  0x000001eab80f69bc: dd06 e92a 

  0x000001eab80f69c0: ;   {metadata(nullptr)}
  0x000001eab80f69c0: b4ff ff48 | ba00 0000 | 0000 0000 | 00b8 000f 

  0x000001eab80f69d0: ;   {runtime_call load_klass_patching Runtime1 stub}
  0x000001eab80f69d0: 050a e829 

  0x000001eab80f69d4: ; ImmutableOopMap {[232]=Oop }
                      ;*new {reexecute=1 rethrow=0 return_oop=0}
                      ; - (reexecute) java.util.Objects::requireNonNull@4 (line 233)
                      ; - java.lang.invoke.VarHandleInts$FieldInstanceReadWrite::getAndSet@16 (line 250)
                      ; - java.lang.invoke.VarHandleGuards::guard_LI_I@45 (line 163)
                      ; - java.util.concurrent.atomic.AtomicBoolean::getAndSet@13 (line 175)
                      ; - com.sun.javafx.tk.quantum.GlassScene::setPainting@5 (line 289)
                      ; - com.sun.javafx.tk.quantum.PresentingPainter::run@188 (line 124)
  0x000001eab80f69d4: 29de 06e9 | 5cb4 ffff 

  0x000001eab80f69dc: ;   {runtime_call fast_new_instance Runtime1 stub}
  0x000001eab80f69dc: 488b d2e8 

  0x000001eab80f69e0: ; ImmutableOopMap {[232]=Oop }
                      ;*new {reexecute=0 rethrow=0 return_oop=0}
                      ; - java.util.Objects::requireNonNull@4 (line 233)
                      ; - java.lang.invoke.VarHandleInts$FieldInstanceReadWrite::getAndSet@16 (line 250)
                      ; - java.lang.invoke.VarHandleGuards::guard_LI_I@45 (line 163)
                      ; - java.util.concurrent.atomic.AtomicBoolean::getAndSet@13 (line 175)
                      ; - com.sun.javafx.tk.quantum.GlassScene::setPainting@5 (line 289)
                      ; - com.sun.javafx.tk.quantum.PresentingPainter::run@188 (line 124)
  0x000001eab80f69e0: 9ce2 dd06 | e9ab b4ff | ff48 8bd2 

  0x000001eab80f69ec: ;   {runtime_call fast_new_instance Runtime1 stub}
  0x000001eab80f69ec: e88f e2dd 

  0x000001eab80f69f0: ; ImmutableOopMap {rbx=Oop [232]=Oop }
                      ;*new {reexecute=0 rethrow=0 return_oop=0}
                      ; - java.lang.Class::cast@12 (line 4067)
                      ; - java.lang.invoke.VarHandleInts$FieldInstanceReadWrite::getAndSet@13 (line 250)
                      ; - java.lang.invoke.VarHandleGuards::guard_LI_I@45 (line 163)
                      ; - java.util.concurrent.atomic.AtomicBoolean::getAndSet@13 (line 175)
                      ; - com.sun.javafx.tk.quantum.GlassScene::setPainting@5 (line 289)
                      ; - com.sun.javafx.tk.quantum.PresentingPainter::run@188 (line 124)
  0x000001eab80f69f0: 06e9 33b5 

  0x000001eab80f69f4: ;   {metadata(nullptr)}
  0x000001eab80f69f4: ffff 48ba | 0000 0000 | 0000 0000 | b800 0f05 

  0x000001eab80f6a04: ;   {runtime_call load_klass_patching Runtime1 stub}
  0x000001eab80f6a04: 0ae8 f628 

  0x000001eab80f6a08: ; ImmutableOopMap {[232]=Oop [512]=Oop }
                      ;*new {reexecute=1 rethrow=0 return_oop=0}
                      ; - (reexecute) com.sun.glass.ui.View::checkNotClosed@9 (line 435)
                      ; - com.sun.glass.ui.View::unlock@1 (line 747)
                      ; - com.sun.prism.PresentableState::unlock@11 (line 296)
                      ; - com.sun.javafx.tk.quantum.PresentingPainter::run@170 (line 120)
  0x000001eab80f6a08: de06 e9a9 

  0x000001eab80f6a0c: ;   {runtime_call throw_null_pointer_exception Runtime1 stub}
  0x000001eab80f6a0c: b5ff ffe8 

  0x000001eab80f6a10: ; ImmutableOopMap {[232]=Oop [512]=Oop }
                      ;*new {reexecute=0 rethrow=0 return_oop=0}
                      ; - com.sun.glass.ui.View::checkNotClosed@9 (line 435)
                      ; - com.sun.glass.ui.View::unlock@1 (line 747)
                      ; - com.sun.prism.PresentableState::unlock@11 (line 296)
                      ; - com.sun.javafx.tk.quantum.PresentingPainter::run@170 (line 120)
  0x000001eab80f6a10: 6cd9 dd06 

  0x000001eab80f6a14: ;   {runtime_call fast_new_instance_init_check Runtime1 stub}
  0x000001eab80f6a14: 488b d2e8 

  0x000001eab80f6a18: ; ImmutableOopMap {[232]=Oop [512]=Oop }
                      ;*new {reexecute=0 rethrow=0 return_oop=0}
                      ; - com.sun.glass.ui.View::checkNotClosed@9 (line 435)
                      ; - com.sun.glass.ui.View::unlock@1 (line 747)
                      ; - com.sun.prism.PresentableState::unlock@11 (line 296)
                      ; - com.sun.javafx.tk.quantum.PresentingPainter::run@170 (line 120)
  0x000001eab80f6a18: 64e5 dd06 | e9fc b5ff 

  0x000001eab80f6a20: ;   {metadata(nullptr)}
  0x000001eab80f6a20: ff48 ba00 | 0000 0000 | 0000 00b8 | 000f 050a 

  0x000001eab80f6a30: ;   {runtime_call load_klass_patching Runtime1 stub}
  0x000001eab80f6a30: e8cb 28de 

  0x000001eab80f6a34: ; ImmutableOopMap {[232]=Oop [304]=Oop [752]=Oop }
                      ;*new {reexecute=1 rethrow=0 return_oop=0}
                      ; - (reexecute) java.util.LinkedList::removeFirst@9 (line 281)
                      ; - java.util.LinkedList::remove@1 (line 696)
                      ; - com.sun.prism.impl.Disposer::processDisposalQueue@14 (line 184)
                      ; - com.sun.prism.impl.Disposer::cleanUp@9 (line 130)
                      ; - com.sun.javafx.tk.quantum.PresentingPainter::run@159 (line 117)
  0x000001eab80f6a34: 06e9 2eb6 

  0x000001eab80f6a38: ;   {runtime_call throw_null_pointer_exception Runtime1 stub}
  0x000001eab80f6a38: ffff e841 

  0x000001eab80f6a3c: ; ImmutableOopMap {[232]=Oop [304]=Oop [752]=Oop }
                      ;*new {reexecute=0 rethrow=0 return_oop=0}
                      ; - java.util.LinkedList::removeFirst@9 (line 281)
                      ; - java.util.LinkedList::remove@1 (line 696)
                      ; - com.sun.prism.impl.Disposer::processDisposalQueue@14 (line 184)
                      ; - com.sun.prism.impl.Disposer::cleanUp@9 (line 130)
                      ; - com.sun.javafx.tk.quantum.PresentingPainter::run@159 (line 117)
  0x000001eab80f6a3c: d9dd 0648 

  0x000001eab80f6a40: ;   {runtime_call fast_new_instance_init_check Runtime1 stub}
  0x000001eab80f6a40: 8bd2 e839 

  0x000001eab80f6a44: ; ImmutableOopMap {[232]=Oop [304]=Oop [752]=Oop }
                      ;*new {reexecute=0 rethrow=0 return_oop=0}
                      ; - java.util.LinkedList::removeFirst@9 (line 281)
                      ; - java.util.LinkedList::remove@1 (line 696)
                      ; - com.sun.prism.impl.Disposer::processDisposalQueue@14 (line 184)
                      ; - com.sun.prism.impl.Disposer::cleanUp@9 (line 130)
                      ; - com.sun.javafx.tk.quantum.PresentingPainter::run@159 (line 117)
  0x000001eab80f6a44: e5dd 06e9 | 81b6 ffff 

  0x000001eab80f6a4c: ;   {metadata(nullptr)}
  0x000001eab80f6a4c: 48ba 0000 | 0000 0000 | 0000 b800 

  0x000001eab80f6a58: ;   {runtime_call load_klass_patching Runtime1 stub}
  0x000001eab80f6a58: 0f05 0ae8 

  0x000001eab80f6a5c: ; ImmutableOopMap {[232]=Oop }
                      ;*new {reexecute=1 rethrow=0 return_oop=0}
                      ; - (reexecute) com.sun.glass.ui.Screen::getScreens@6 (line 68)
                      ; - com.sun.prism.GraphicsPipeline::getDefaultResourceFactory@0 (line 150)
                      ; - com.sun.javafx.tk.quantum.PresentingPainter::run@119 (line 69)
  0x000001eab80f6a5c: a028 de06 | e9b3 b6ff | ff48 8bd2 

  0x000001eab80f6a68: ;   {runtime_call fast_new_instance Runtime1 stub}
  0x000001eab80f6a68: e813 e2dd 

  0x000001eab80f6a6c: ; ImmutableOopMap {[232]=Oop }
                      ;*new {reexecute=0 rethrow=0 return_oop=0}
                      ; - com.sun.glass.ui.Screen::getScreens@6 (line 68)
                      ; - com.sun.prism.GraphicsPipeline::getDefaultResourceFactory@0 (line 150)
                      ; - com.sun.javafx.tk.quantum.PresentingPainter::run@119 (line 69)
  0x000001eab80f6a6c: 06e9 feb6 

  0x000001eab80f6a70: ;   {metadata(nullptr)}
  0x000001eab80f6a70: ffff 48ba | 0000 0000 | 0000 0000 | b800 0f05 

  0x000001eab80f6a80: ;   {runtime_call load_klass_patching Runtime1 stub}
  0x000001eab80f6a80: 0ae8 7a28 

  0x000001eab80f6a84: ; ImmutableOopMap {[232]=Oop [264]=Oop [544]=Oop }
                      ;*new {reexecute=1 rethrow=0 return_oop=0}
                      ; - (reexecute) com.sun.glass.ui.View::checkNotClosed@9 (line 435)
                      ; - com.sun.glass.ui.View::lock@1 (line 736)
                      ; - com.sun.prism.PresentableState::lock@11 (line 285)
                      ; - com.sun.javafx.tk.quantum.PresentingPainter::run@106 (line 65)
  0x000001eab80f6a84: de06 e945 

  0x000001eab80f6a88: ;   {runtime_call throw_null_pointer_exception Runtime1 stub}
  0x000001eab80f6a88: b7ff ffe8 

  0x000001eab80f6a8c: ; ImmutableOopMap {[232]=Oop [264]=Oop [544]=Oop }
                      ;*new {reexecute=0 rethrow=0 return_oop=0}
                      ; - com.sun.glass.ui.View::checkNotClosed@9 (line 435)
                      ; - com.sun.glass.ui.View::lock@1 (line 736)
                      ; - com.sun.prism.PresentableState::lock@11 (line 285)
                      ; - com.sun.javafx.tk.quantum.PresentingPainter::run@106 (line 65)
  0x000001eab80f6a8c: f0d8 dd06 

  0x000001eab80f6a90: ;   {runtime_call fast_new_instance_init_check Runtime1 stub}
  0x000001eab80f6a90: 488b d2e8 

  0x000001eab80f6a94: ; ImmutableOopMap {[232]=Oop [264]=Oop [544]=Oop }
                      ;*new {reexecute=0 rethrow=0 return_oop=0}
                      ; - com.sun.glass.ui.View::checkNotClosed@9 (line 435)
                      ; - com.sun.glass.ui.View::lock@1 (line 736)
                      ; - com.sun.prism.PresentableState::lock@11 (line 285)
                      ; - com.sun.javafx.tk.quantum.PresentingPainter::run@106 (line 65)
  0x000001eab80f6a94: e8e4 dd06 | e998 b7ff 

  0x000001eab80f6a9c: ;   {metadata(nullptr)}
  0x000001eab80f6a9c: ff48 ba00 | 0000 0000 | 0000 00b8 | 000f 050a 

  0x000001eab80f6aac: ;   {runtime_call load_klass_patching Runtime1 stub}
  0x000001eab80f6aac: e84f 28de 

  0x000001eab80f6ab0: ; ImmutableOopMap {[232]=Oop }
                      ;*new {reexecute=1 rethrow=0 return_oop=0}
                      ; - (reexecute) java.util.Objects::requireNonNull@4 (line 233)
                      ; - java.lang.invoke.VarHandleInts$FieldInstanceReadWrite::getAndSet@16 (line 250)
                      ; - java.lang.invoke.VarHandleGuards::guard_LI_I@45 (line 163)
                      ; - java.util.concurrent.atomic.AtomicBoolean::getAndSet@13 (line 175)
                      ; - com.sun.javafx.tk.quantum.GlassScene::setPainting@5 (line 289)
                      ; - com.sun.javafx.tk.quantum.PresentingPainter::run@69 (line 124)
  0x000001eab80f6ab0: 06e9 d2b7 | ffff 488b 

  0x000001eab80f6ab8: ;   {runtime_call fast_new_instance Runtime1 stub}
  0x000001eab80f6ab8: d2e8 c2e1 

  0x000001eab80f6abc: ; ImmutableOopMap {[232]=Oop }
                      ;*new {reexecute=0 rethrow=0 return_oop=0}
                      ; - java.util.Objects::requireNonNull@4 (line 233)
                      ; - java.lang.invoke.VarHandleInts$FieldInstanceReadWrite::getAndSet@16 (line 250)
                      ; - java.lang.invoke.VarHandleGuards::guard_LI_I@45 (line 163)
                      ; - java.util.concurrent.atomic.AtomicBoolean::getAndSet@13 (line 175)
                      ; - com.sun.javafx.tk.quantum.GlassScene::setPainting@5 (line 289)
                      ; - com.sun.javafx.tk.quantum.PresentingPainter::run@69 (line 124)
  0x000001eab80f6abc: dd06 e921 | b8ff ff48 

  0x000001eab80f6ac4: ;   {runtime_call fast_new_instance Runtime1 stub}
  0x000001eab80f6ac4: 8bd2 e8b5 

  0x000001eab80f6ac8: ; ImmutableOopMap {rbx=Oop [232]=Oop }
                      ;*new {reexecute=0 rethrow=0 return_oop=0}
                      ; - java.lang.Class::cast@12 (line 4067)
                      ; - java.lang.invoke.VarHandleInts$FieldInstanceReadWrite::getAndSet@13 (line 250)
                      ; - java.lang.invoke.VarHandleGuards::guard_LI_I@45 (line 163)
                      ; - java.util.concurrent.atomic.AtomicBoolean::getAndSet@13 (line 175)
                      ; - com.sun.javafx.tk.quantum.GlassScene::setPainting@5 (line 289)
                      ; - com.sun.javafx.tk.quantum.PresentingPainter::run@69 (line 124)
  0x000001eab80f6ac8: e1dd 06e9 | a9b8 ffff 

  0x000001eab80f6ad0: ;   {metadata(nullptr)}
  0x000001eab80f6ad0: 48ba 0000 | 0000 0000 | 0000 b800 

  0x000001eab80f6adc: ;   {runtime_call load_klass_patching Runtime1 stub}
  0x000001eab80f6adc: 0f05 0ae8 

  0x000001eab80f6ae0: ; ImmutableOopMap {[232]=Oop [248]=Oop [752]=Oop }
                      ;*new {reexecute=1 rethrow=0 return_oop=0}
                      ; - (reexecute) java.util.LinkedList::removeFirst@9 (line 281)
                      ; - java.util.LinkedList::remove@1 (line 696)
                      ; - com.sun.prism.impl.Disposer::processDisposalQueue@14 (line 184)
                      ; - com.sun.prism.impl.Disposer::cleanUp@9 (line 130)
                      ; - com.sun.javafx.tk.quantum.PresentingPainter::run@40 (line 117)
  0x000001eab80f6ae0: 1c28 de06 | e917 b9ff 

  0x000001eab80f6ae8: ;   {runtime_call throw_null_pointer_exception Runtime1 stub}
  0x000001eab80f6ae8: ffe8 92d8 

  0x000001eab80f6aec: ; ImmutableOopMap {[232]=Oop [248]=Oop [752]=Oop }
                      ;*new {reexecute=0 rethrow=0 return_oop=0}
                      ; - java.util.LinkedList::removeFirst@9 (line 281)
                      ; - java.util.LinkedList::remove@1 (line 696)
                      ; - com.sun.prism.impl.Disposer::processDisposalQueue@14 (line 184)
                      ; - com.sun.prism.impl.Disposer::cleanUp@9 (line 130)
                      ; - com.sun.javafx.tk.quantum.PresentingPainter::run@40 (line 117)
  0x000001eab80f6aec: dd06 488b 

  0x000001eab80f6af0: ;   {runtime_call fast_new_instance_init_check Runtime1 stub}
  0x000001eab80f6af0: d2e8 8ae4 

  0x000001eab80f6af4: ; ImmutableOopMap {[232]=Oop [248]=Oop [752]=Oop }
                      ;*new {reexecute=0 rethrow=0 return_oop=0}
                      ; - java.util.LinkedList::removeFirst@9 (line 281)
                      ; - java.util.LinkedList::remove@1 (line 696)
                      ; - com.sun.prism.impl.Disposer::processDisposalQueue@14 (line 184)
                      ; - com.sun.prism.impl.Disposer::cleanUp@9 (line 130)
                      ; - com.sun.javafx.tk.quantum.PresentingPainter::run@40 (line 117)
  0x000001eab80f6af4: dd06 e96a | b9ff ff48 | 8d84 24e8 | 0200 0048 

  0x000001eab80f6b04: ;   {runtime_call monitorexit Runtime1 stub}
  0x000001eab80f6b04: 8904 24e8 | 741a de06 | e9e3 b9ff | ff48 8d84 | 24e8 0200 | 0048 8904 

  0x000001eab80f6b1c: ;   {runtime_call monitorexit Runtime1 stub}
  0x000001eab80f6b1c: 24e8 5e1a | de06 e91d | baff ff48 | 8d84 24e8 | 0200 0048 

  0x000001eab80f6b30: ;   {runtime_call monitorexit Runtime1 stub}
  0x000001eab80f6b30: 8904 24e8 | 481a de06 | e957 baff | ff48 8d84 | 24e8 0200 | 0048 8904 

  0x000001eab80f6b48: ;   {runtime_call monitorexit Runtime1 stub}
  0x000001eab80f6b48: 24e8 321a | de06 e991 | baff ff48 | 8d84 24e8 | 0200 0048 

  0x000001eab80f6b5c: ;   {runtime_call monitorexit Runtime1 stub}
  0x000001eab80f6b5c: 8904 24e8 | 1c1a de06 | e9cb baff 

  0x000001eab80f6b68: ;   {metadata({method} {0x000001ead000c510} 'printStackTrace' '(Ljava/io/PrintStream;)V' in 'java/lang/Throwable')}
  0x000001eab80f6b68: ff49 ba08 | c500 d0ea | 0100 004c | 8954 2408 | 48c7 0424 | ffff ffff 

  0x000001eab80f6b80: ;   {runtime_call counter_overflow Runtime1 stub}
  0x000001eab80f6b80: e8fb 37de 

  0x000001eab80f6b84: ; ImmutableOopMap {rax=Oop r8=Oop [232]=Oop }
                      ;*synchronization entry
                      ; - java.lang.Throwable::printStackTrace@-1 (line 660)
                      ; - com.sun.javafx.tk.quantum.PresentingPainter::run@546 (line 115)
  0x000001eab80f6b84: 06e9 a4bb 

  0x000001eab80f6b88: ;   {metadata(nullptr)}
  0x000001eab80f6b88: ffff 48ba | 0000 0000 | 0000 0000 | b800 0f05 

  0x000001eab80f6b98: ;   {runtime_call load_klass_patching Runtime1 stub}
  0x000001eab80f6b98: 0ae8 6227 

  0x000001eab80f6b9c: ; ImmutableOopMap {rax=Oop r8=Oop [232]=Oop }
                      ;*new {reexecute=1 rethrow=0 return_oop=0}
                      ; - (reexecute) java.lang.Throwable::printStackTrace@1 (line 660)
                      ; - com.sun.javafx.tk.quantum.PresentingPainter::run@546 (line 115)
  0x000001eab80f6b9c: de06 e98d | bbff ff48 

  0x000001eab80f6ba4: ;   {runtime_call new_instance Runtime1 stub}
  0x000001eab80f6ba4: 8bd2 e8d5 

  0x000001eab80f6ba8: ; ImmutableOopMap {r8=Oop [232]=Oop [576]=Oop }
                      ;*new {reexecute=0 rethrow=0 return_oop=0}
                      ; - java.lang.Throwable::printStackTrace@1 (line 660)
                      ; - com.sun.javafx.tk.quantum.PresentingPainter::run@546 (line 115)
  0x000001eab80f6ba8: dddd 06e9 | 97bb ffff 

  0x000001eab80f6bb0: ;   {metadata({method} {0x000001eb11d53d68} 'cleanUp' '()V' in 'com/sun/prism/impl/Disposer')}
  0x000001eab80f6bb0: 49ba 603d | d511 eb01 | 0000 4c89 | 5424 0848 | c704 24ff 

  0x000001eab80f6bc4: ;   {runtime_call counter_overflow Runtime1 stub}
  0x000001eab80f6bc4: ffff ffe8 

  0x000001eab80f6bc8: ; ImmutableOopMap {[232]=Oop }
                      ;*synchronization entry
                      ; - com.sun.prism.impl.Disposer::cleanUp@-1 (line 129)
                      ; - com.sun.javafx.tk.quantum.PresentingPainter::run@549 (line 117)
  0x000001eab80f6bc8: b437 de06 | e914 bcff 

  0x000001eab80f6bd0: ;   {runtime_call throw_null_pointer_exception Runtime1 stub}
  0x000001eab80f6bd0: ffe8 aad7 

  0x000001eab80f6bd4: ; ImmutableOopMap {rsi=Oop rdx=Oop [232]=Oop }
                      ;*invokevirtual disposeUnreachables {reexecute=0 rethrow=0 return_oop=0}
                      ; - com.sun.prism.impl.Disposer::cleanUp@3 (line 129)
                      ; - com.sun.javafx.tk.quantum.PresentingPainter::run@549 (line 117)
                      ;   {runtime_call throw_null_pointer_exception Runtime1 stub}
  0x000001eab80f6bd4: dd06 e8a5 

  0x000001eab80f6bd8: ; ImmutableOopMap {rsi=Oop [232]=Oop [608]=Oop }
                      ;*invokevirtual processDisposalQueue {reexecute=0 rethrow=0 return_oop=0}
                      ; - com.sun.prism.impl.Disposer::cleanUp@9 (line 130)
                      ; - com.sun.javafx.tk.quantum.PresentingPainter::run@549 (line 117)
  0x000001eab80f6bd8: d7dd 0648 | 8974 2408 | 4c89 0424 

  0x000001eab80f6be4: ;   {runtime_call monitorenter Runtime1 stub}
  0x000001eab80f6be4: e897 0ede 

  0x000001eab80f6be8: ; ImmutableOopMap {rsi=Oop [232]=Oop [608]=Oop [752]=Oop }
                      ;*synchronization entry
                      ; - com.sun.prism.impl.Disposer::processDisposalQueue@-1 (line 183)
                      ; - com.sun.prism.impl.Disposer::cleanUp@9 (line 130)
                      ; - com.sun.javafx.tk.quantum.PresentingPainter::run@549 (line 117)
  0x000001eab80f6be8: 06e9 9fbc 

  0x000001eab80f6bec: ;   {metadata({method} {0x000001eb11d540e0} 'processDisposalQueue' '()V' in 'com/sun/prism/impl/Disposer')}
  0x000001eab80f6bec: ffff 49ba | d840 d511 | eb01 0000 | 4c89 5424 | 0848 c704 | 24ff ffff 

  0x000001eab80f6c04: ;   {runtime_call counter_overflow Runtime1 stub}
  0x000001eab80f6c04: ffe8 7637 

  0x000001eab80f6c08: ; ImmutableOopMap {rsi=Oop [232]=Oop [608]=Oop [752]=Oop }
                      ;*synchronization entry
                      ; - com.sun.prism.impl.Disposer::processDisposalQueue@-1 (line 183)
                      ; - com.sun.prism.impl.Disposer::cleanUp@9 (line 130)
                      ; - com.sun.javafx.tk.quantum.PresentingPainter::run@549 (line 117)
  0x000001eab80f6c08: de06 e9a7 

  0x000001eab80f6c0c: ;   {runtime_call throw_null_pointer_exception Runtime1 stub}
  0x000001eab80f6c0c: bcff ffe8 

  0x000001eab80f6c10: ; ImmutableOopMap {rsi=Oop rdx=Oop [232]=Oop [608]=Oop [752]=Oop }
                      ;*invokevirtual isEmpty {reexecute=0 rethrow=0 return_oop=0}
                      ; - com.sun.prism.impl.Disposer::processDisposalQueue@4 (line 183)
                      ; - com.sun.prism.impl.Disposer::cleanUp@9 (line 130)
                      ; - com.sun.javafx.tk.quantum.PresentingPainter::run@549 (line 117)
  0x000001eab80f6c10: 6cd7 dd06 

  0x000001eab80f6c14: ;   {metadata({method} {0x000001ead005a568} 'isEmpty' '()Z' in 'java/util/AbstractCollection')}
  0x000001eab80f6c14: 49ba 60a5 | 05d0 ea01 | 0000 4c89 | 5424 0848 | c704 24ff 

  0x000001eab80f6c28: ;   {runtime_call counter_overflow Runtime1 stub}
  0x000001eab80f6c28: ffff ffe8 

  0x000001eab80f6c2c: ; ImmutableOopMap {rsi=Oop rdx=Oop [232]=Oop [608]=Oop [752]=Oop }
                      ;*synchronization entry
                      ; - java.util.AbstractCollection::isEmpty@-1 (line 91)
                      ; - com.sun.prism.impl.Disposer::processDisposalQueue@4 (line 183)
                      ; - com.sun.prism.impl.Disposer::cleanUp@9 (line 130)
                      ; - com.sun.javafx.tk.quantum.PresentingPainter::run@549 (line 117)
  0x000001eab80f6c2c: 5037 de06 | e94a bdff 

  0x000001eab80f6c34: ;   {metadata({method} {0x000001eb1113e5d8} 'remove' '()Ljava/lang/Object;' in 'java/util/LinkedList')}
  0x000001eab80f6c34: ff49 bad0 | e513 11eb | 0100 004c | 8954 2408 | 48c7 0424 | ffff ffff 

  0x000001eab80f6c4c: ;   {runtime_call counter_overflow Runtime1 stub}
  0x000001eab80f6c4c: e82f 37de 

  0x000001eab80f6c50: ; ImmutableOopMap {rsi=Oop rdx=Oop [232]=Oop [608]=Oop [752]=Oop }
                      ;*synchronization entry
                      ; - java.util.LinkedList::remove@-1 (line 696)
                      ; - com.sun.prism.impl.Disposer::processDisposalQueue@14 (line 184)
                      ; - com.sun.prism.impl.Disposer::cleanUp@9 (line 130)
                      ; - com.sun.javafx.tk.quantum.PresentingPainter::run@549 (line 117)
  0x000001eab80f6c50: 06e9 19be 

  0x000001eab80f6c54: ;   {metadata({method} {0x000001eb1113cd10} 'removeFirst' '()Ljava/lang/Object;' in 'java/util/LinkedList')}
  0x000001eab80f6c54: ffff 49ba | 08cd 1311 | eb01 0000 | 4c89 5424 | 0848 c704 | 24ff ffff 

  0x000001eab80f6c6c: ;   {runtime_call counter_overflow Runtime1 stub}
  0x000001eab80f6c6c: ffe8 0e37 

  0x000001eab80f6c70: ; ImmutableOopMap {rsi=Oop rdx=Oop [232]=Oop [608]=Oop [752]=Oop }
                      ;*synchronization entry
                      ; - java.util.LinkedList::removeFirst@-1 (line 279)
                      ; - java.util.LinkedList::remove@1 (line 696)
                      ; - com.sun.prism.impl.Disposer::processDisposalQueue@14 (line 184)
                      ; - com.sun.prism.impl.Disposer::cleanUp@9 (line 130)
                      ; - com.sun.javafx.tk.quantum.PresentingPainter::run@549 (line 117)
  0x000001eab80f6c70: de06 e947 | beff ff48 

  0x000001eab80f6c78: ;   {runtime_call throw_class_cast_exception Runtime1 stub}
  0x000001eab80f6c78: 8904 24e8 

  0x000001eab80f6c7c: ; ImmutableOopMap {[232]=Oop [608]=Oop [752]=Oop }
                      ;*checkcast {reexecute=0 rethrow=0 return_oop=0}
                      ; - com.sun.prism.impl.Disposer::processDisposalQueue@17 (line 184)
                      ; - com.sun.prism.impl.Disposer::cleanUp@9 (line 130)
                      ; - com.sun.javafx.tk.quantum.PresentingPainter::run@549 (line 117)
  0x000001eab80f6c7c: 80ff dd06 

  0x000001eab80f6c80: ;   {runtime_call throw_null_pointer_exception Runtime1 stub}
  0x000001eab80f6c80: e8fb d6dd 

  0x000001eab80f6c84: ; ImmutableOopMap {rdx=Oop [232]=Oop [608]=Oop [752]=Oop }
                      ;*invokeinterface dispose {reexecute=0 rethrow=0 return_oop=0}
                      ; - com.sun.prism.impl.Disposer::processDisposalQueue@20 (line 184)
                      ; - com.sun.prism.impl.Disposer::cleanUp@9 (line 130)
                      ; - com.sun.javafx.tk.quantum.PresentingPainter::run@549 (line 117)
                      ;   {metadata({method} {0x000001eb11d540e0} 'processDisposalQueue' '()V' in 'com/sun/prism/impl/Disposer')}
  0x000001eab80f6c84: 0649 bad8 | 40d5 11eb | 0100 004c | 8954 2408 | 48c7 0424 | 1900 0000 

  0x000001eab80f6c9c: ;   {runtime_call counter_overflow Runtime1 stub}
  0x000001eab80f6c9c: e8df 36de 

  0x000001eab80f6ca0: ; ImmutableOopMap {[232]=Oop [608]=Oop [752]=Oop }
                      ;*goto {reexecute=1 rethrow=0 return_oop=0}
                      ; - (reexecute) com.sun.prism.impl.Disposer::processDisposalQueue@25 (line 184)
                      ; - com.sun.prism.impl.Disposer::cleanUp@9 (line 130)
                      ; - com.sun.javafx.tk.quantum.PresentingPainter::run@549 (line 117)
  0x000001eab80f6ca0: 06e9 62c0 | ffff 488d | 8424 e802 | 0000 4889 

  0x000001eab80f6cb0: ;   {runtime_call monitorexit Runtime1 stub}
  0x000001eab80f6cb0: 0424 e8c9 | 18de 06e9 | 9dc0 ffff 

  0x000001eab80f6cbc: ;   {runtime_call throw_null_pointer_exception Runtime1 stub}
  0x000001eab80f6cbc: e8bf d6dd 

  0x000001eab80f6cc0: ; ImmutableOopMap {rdx=Oop r8=Oop [232]=Oop }
                      ;*invokevirtual unlock {reexecute=0 rethrow=0 return_oop=0}
                      ; - com.sun.javafx.tk.quantum.PresentingPainter::run@560 (line 120)
                      ;   {metadata({method} {0x000001eb119e29e0} 'unlock' '()V' in 'com/sun/prism/PresentableState')}
  0x000001eab80f6cc0: 0649 bad8 | 299e 11eb | 0100 004c | 8954 2408 | 48c7 0424 | ffff ffff 

  0x000001eab80f6cd8: ;   {runtime_call counter_overflow Runtime1 stub}
  0x000001eab80f6cd8: e8a3 36de 

  0x000001eab80f6cdc: ; ImmutableOopMap {rdx=Oop r8=Oop [232]=Oop }
                      ;*synchronization entry
                      ; - com.sun.prism.PresentableState::unlock@-1 (line 296)
                      ; - com.sun.javafx.tk.quantum.PresentingPainter::run@560 (line 120)
  0x000001eab80f6cdc: 06e9 7fc1 

  0x000001eab80f6ce0: ;   {runtime_call throw_null_pointer_exception Runtime1 stub}
  0x000001eab80f6ce0: ffff e899 

  0x000001eab80f6ce4: ; ImmutableOopMap {rdx=Oop rbx=Oop [232]=Oop }
                      ;*invokevirtual unlock {reexecute=0 rethrow=0 return_oop=0}
                      ; - com.sun.prism.PresentableState::unlock@11 (line 296)
                      ; - com.sun.javafx.tk.quantum.PresentingPainter::run@560 (line 120)
                      ;   {metadata({method} {0x000001eb1153f840} 'unlock' '()V' in 'com/sun/glass/ui/View')}
  0x000001eab80f6ce4: d6dd 0649 | ba38 f853 | 11eb 0100 | 004c 8954 | 2408 48c7 | 0424 ffff 

  0x000001eab80f6cfc: ;   {runtime_call counter_overflow Runtime1 stub}
  0x000001eab80f6cfc: ffff e87d 

  0x000001eab80f6d00: ; ImmutableOopMap {rdx=Oop rbx=Oop [232]=Oop }
                      ;*synchronization entry
                      ; - com.sun.glass.ui.View::unlock@-1 (line 747)
                      ; - com.sun.prism.PresentableState::unlock@11 (line 296)
                      ; - com.sun.javafx.tk.quantum.PresentingPainter::run@560 (line 120)
  0x000001eab80f6d00: 36de 06e9 | 56c2 ffff 

  0x000001eab80f6d08: ;   {metadata({method} {0x000001eb1153d880} 'checkNotClosed' '()V' in 'com/sun/glass/ui/View')}
  0x000001eab80f6d08: 49ba 78d8 | 5311 eb01 | 0000 4c89 | 5424 0848 | c704 24ff 

  0x000001eab80f6d1c: ;   {runtime_call counter_overflow Runtime1 stub}
  0x000001eab80f6d1c: ffff ffe8 

  0x000001eab80f6d20: ; ImmutableOopMap {rdx=Oop rbx=Oop [232]=Oop }
                      ;*synchronization entry
                      ; - com.sun.glass.ui.View::checkNotClosed@-1 (line 434)
                      ; - com.sun.glass.ui.View::unlock@1 (line 747)
                      ; - com.sun.prism.PresentableState::unlock@11 (line 296)
                      ; - com.sun.javafx.tk.quantum.PresentingPainter::run@560 (line 120)
  0x000001eab80f6d20: 5c36 de06 | e973 c2ff 

  0x000001eab80f6d28: ;   {runtime_call throw_null_pointer_exception Runtime1 stub}
  0x000001eab80f6d28: ffe8 52d6 

  0x000001eab80f6d2c: ; ImmutableOopMap {rdx=Oop r8=Oop [232]=Oop }
                      ;*invokevirtual getScene {reexecute=0 rethrow=0 return_oop=0}
                      ; - com.sun.javafx.tk.quantum.PresentingPainter::run@567 (line 123)
  0x000001eab80f6d2c: dd06 4c89 

  0x000001eab80f6d30: ;   {runtime_call throw_class_cast_exception Runtime1 stub}
  0x000001eab80f6d30: 0424 e8c9 

  0x000001eab80f6d34: ; ImmutableOopMap {rdx=Oop [232]=Oop }
                      ;*checkcast {reexecute=0 rethrow=0 return_oop=0}
                      ; - com.sun.javafx.tk.quantum.PresentingPainter::run@570 (line 123)
                      ;   {runtime_call throw_null_pointer_exception Runtime1 stub}
  0x000001eab80f6d34: fedd 06e8 

  0x000001eab80f6d38: ; ImmutableOopMap {rdx=Oop r8=Oop [232]=Oop }
                      ;*invokevirtual setPainting {reexecute=0 rethrow=0 return_oop=0}
                      ; - com.sun.javafx.tk.quantum.PresentingPainter::run@578 (line 124)
  0x000001eab80f6d38: 44d6 dd06 

  0x000001eab80f6d3c: ;   {metadata({method} {0x000001eb1151dd70} 'setPainting' '(Z)Z' in 'com/sun/javafx/tk/quantum/GlassScene')}
  0x000001eab80f6d3c: 49ba 68dd | 5111 eb01 | 0000 4c89 | 5424 0848 | c704 24ff 

  0x000001eab80f6d50: ;   {runtime_call counter_overflow Runtime1 stub}
  0x000001eab80f6d50: ffff ffe8 

  0x000001eab80f6d54: ; ImmutableOopMap {rdx=Oop r8=Oop [232]=Oop }
                      ;*synchronization entry
                      ; - com.sun.javafx.tk.quantum.GlassScene::setPainting@-1 (line 289)
                      ; - com.sun.javafx.tk.quantum.PresentingPainter::run@578 (line 124)
  0x000001eab80f6d54: 2836 de06 | e996 c4ff 

  0x000001eab80f6d5c: ;   {runtime_call throw_null_pointer_exception Runtime1 stub}
  0x000001eab80f6d5c: ffe8 1ed6 

  0x000001eab80f6d60: ; ImmutableOopMap {rdx=Oop rbx=Oop [232]=Oop }
                      ;*invokevirtual getAndSet {reexecute=0 rethrow=0 return_oop=0}
                      ; - com.sun.javafx.tk.quantum.GlassScene::setPainting@5 (line 289)
                      ; - com.sun.javafx.tk.quantum.PresentingPainter::run@578 (line 124)
                      ;   {metadata({method} {0x000001eb1112f1e0} 'getAndSet' '(Z)Z' in 'java/util/concurrent/atomic/AtomicBoolean')}
  0x000001eab80f6d60: dd06 49ba | d8f1 1211 | eb01 0000 | 4c89 5424 | 0848 c704 | 24ff ffff 

  0x000001eab80f6d78: ;   {runtime_call counter_overflow Runtime1 stub}
  0x000001eab80f6d78: ffe8 0236 

  0x000001eab80f6d7c: ; ImmutableOopMap {rdx=Oop rbx=Oop [232]=Oop }
                      ;*synchronization entry
                      ; - java.util.concurrent.atomic.AtomicBoolean::getAndSet@-1 (line 175)
                      ; - com.sun.javafx.tk.quantum.GlassScene::setPainting@5 (line 289)
                      ; - com.sun.javafx.tk.quantum.PresentingPainter::run@578 (line 124)
  0x000001eab80f6d7c: de06 e9b9 

  0x000001eab80f6d80: ;   {metadata({method} {0x000001ead0157d50} 'guard_LI_I' '(Ljava/lang/invoke/VarHandle;Ljava/lang/Object;ILjava/lang/invoke/VarHandle$AccessDescriptor;)I' in 'java/lang/invoke/VarHandleGuards')}
  0x000001eab80f6d80: c4ff ff49 | ba48 7d15 | d0ea 0100 | 004c 8954 | 2408 48c7 | 0424 ffff 

  0x000001eab80f6d98: ;   {runtime_call counter_overflow Runtime1 stub}
  0x000001eab80f6d98: ffff e8e1 

  0x000001eab80f6d9c: ; ImmutableOopMap {rdx=Oop rbx=Oop rsi=Oop [232]=Oop }
                      ;*synchronization entry
                      ; - java.lang.invoke.VarHandleGuards::guard_LI_I@-1 (line 161)
                      ; - java.util.concurrent.atomic.AtomicBoolean::getAndSet@13 (line 175)
                      ; - com.sun.javafx.tk.quantum.GlassScene::setPainting@5 (line 289)
                      ; - com.sun.javafx.tk.quantum.PresentingPainter::run@578 (line 124)
  0x000001eab80f6d9c: 35de 06e9 | 0fc5 ffff 

  0x000001eab80f6da4: ;   {metadata({method} {0x000001ead0093f08} 'checkAccessModeThenIsDirect' '(Ljava/lang/invoke/VarHandle$AccessDescriptor;)Z' in 'java/lang/invoke/VarHandle')}
  0x000001eab80f6da4: 49ba 003f | 09d0 ea01 | 0000 4c89 | 5424 0848 | c704 24ff 

  0x000001eab80f6db8: ;   {runtime_call counter_overflow Runtime1 stub}
  0x000001eab80f6db8: ffff ffe8 

  0x000001eab80f6dbc: ; ImmutableOopMap {rdx=Oop rbx=Oop [232]=Oop }
                      ;*synchronization entry
                      ; - java.lang.invoke.VarHandle::checkAccessModeThenIsDirect@-1 (line 2075)
                      ; - java.lang.invoke.VarHandleGuards::guard_LI_I@2 (line 161)
                      ; - java.util.concurrent.atomic.AtomicBoolean::getAndSet@13 (line 175)
                      ; - com.sun.javafx.tk.quantum.GlassScene::setPainting@5 (line 289)
                      ; - com.sun.javafx.tk.quantum.PresentingPainter::run@578 (line 124)
  0x000001eab80f6dbc: c035 de06 | e9d4 c5ff 

  0x000001eab80f6dc4: ;   {metadata({method} {0x000001ead0155cf0} 'getMemberName' '(I)Ljava/lang/invoke/MemberName;' in 'java/lang/invoke/VarForm')}
  0x000001eab80f6dc4: ff49 bae8 | 5c15 d0ea | 0100 004c | 8954 2408 | 48c7 0424 | ffff ffff 

  0x000001eab80f6ddc: ;   {runtime_call counter_overflow Runtime1 stub}
  0x000001eab80f6ddc: e89f 35de 

  0x000001eab80f6de0: ; ImmutableOopMap {rdx=Oop rbx=Oop [232]=Oop }
                      ;*synchronization entry
                      ; - java.lang.invoke.VarForm::getMemberName@-1 (line 114)
                      ; - java.lang.invoke.VarHandleGuards::guard_LI_I@42 (line 163)
                      ; - java.util.concurrent.atomic.AtomicBoolean::getAndSet@13 (line 175)
                      ; - com.sun.javafx.tk.quantum.GlassScene::setPainting@5 (line 289)
                      ; - com.sun.javafx.tk.quantum.PresentingPainter::run@578 (line 124)
  0x000001eab80f6de0: 06e9 2bc6 

  0x000001eab80f6de4: ;   {metadata({method} {0x000001eb110e9768} 'getAndSet' '(Ljava/lang/invoke/VarHandle;Ljava/lang/Object;I)I' in 'java/lang/invoke/VarHandleInts$FieldInstanceReadWrite')}
  0x000001eab80f6de4: ffff 49ba | 6097 0e11 | eb01 0000 | 4c89 5424 | 0848 c704 | 24ff ffff 

  0x000001eab80f6dfc: ;   {runtime_call counter_overflow Runtime1 stub}
  0x000001eab80f6dfc: ffe8 7e35 

  0x000001eab80f6e00: ; ImmutableOopMap {rdx=Oop rbx=Oop [232]=Oop }
                      ;*synchronization entry
                      ; - java.lang.invoke.VarHandleInts$FieldInstanceReadWrite::getAndSet@-1 (line 249)
                      ; - java.lang.invoke.VarHandleGuards::guard_LI_I@45 (line 163)
                      ; - java.util.concurrent.atomic.AtomicBoolean::getAndSet@13 (line 175)
                      ; - com.sun.javafx.tk.quantum.GlassScene::setPainting@5 (line 289)
                      ; - com.sun.javafx.tk.quantum.PresentingPainter::run@578 (line 124)
  0x000001eab80f6e00: de06 e9ae 

  0x000001eab80f6e04: ;   {metadata({method} {0x000001ead046e870} 'cast' '(Ljava/lang/Object;)Ljava/lang/Object;' in 'java/lang/Class')}
  0x000001eab80f6e04: c6ff ff49 | ba68 e846 | d0ea 0100 | 004c 8954 | 2408 48c7 | 0424 ffff 

  0x000001eab80f6e1c: ;   {runtime_call counter_overflow Runtime1 stub}
  0x000001eab80f6e1c: ffff e85d 

  0x000001eab80f6e20: ; ImmutableOopMap {rdx=Oop rbx=Oop [232]=Oop }
                      ;*synchronization entry
                      ; - java.lang.Class::cast@-1 (line 4066)
                      ; - java.lang.invoke.VarHandleInts$FieldInstanceReadWrite::getAndSet@13 (line 250)
                      ; - java.lang.invoke.VarHandleGuards::guard_LI_I@45 (line 163)
                      ; - java.util.concurrent.atomic.AtomicBoolean::getAndSet@13 (line 175)
                      ; - com.sun.javafx.tk.quantum.GlassScene::setPainting@5 (line 289)
                      ; - com.sun.javafx.tk.quantum.PresentingPainter::run@578 (line 124)
  0x000001eab80f6e20: 35de 06e9 | d2c6 ffff 

  0x000001eab80f6e28: ;   {metadata({method} {0x000001ead00564a0} 'requireNonNull' '(Ljava/lang/Object;)Ljava/lang/Object;' in 'java/util/Objects')}
  0x000001eab80f6e28: 49ba 9864 | 05d0 ea01 | 0000 4c89 | 5424 0848 | c704 24ff 

  0x000001eab80f6e3c: ;   {runtime_call counter_overflow Runtime1 stub}
  0x000001eab80f6e3c: ffff ffe8 

  0x000001eab80f6e40: ; ImmutableOopMap {rdx=Oop rbx=Oop [232]=Oop }
                      ;*synchronization entry
                      ; - java.util.Objects::requireNonNull@-1 (line 232)
                      ; - java.lang.invoke.VarHandleInts$FieldInstanceReadWrite::getAndSet@16 (line 250)
                      ; - java.lang.invoke.VarHandleGuards::guard_LI_I@45 (line 163)
                      ; - java.util.concurrent.atomic.AtomicBoolean::getAndSet@13 (line 175)
                      ; - com.sun.javafx.tk.quantum.GlassScene::setPainting@5 (line 289)
                      ; - com.sun.javafx.tk.quantum.PresentingPainter::run@578 (line 124)
  0x000001eab80f6e40: 3c35 de06 | e9b3 c7ff 

  0x000001eab80f6e48: ;   {runtime_call throw_incompatible_class_change_error Runtime1 stub}
  0x000001eab80f6e48: ffe8 3206 

  0x000001eab80f6e4c: ; ImmutableOopMap {r8=Oop }
                      ;*invokeinterface getTextureResourcePool {reexecute=0 rethrow=0 return_oop=0}
                      ; - com.sun.javafx.tk.quantum.PresentingPainter::run@593 (line 127)
                      ;   {runtime_call throw_null_pointer_exception Runtime1 stub}
  0x000001eab80f6e4c: de06 e82d 

  0x000001eab80f6e50: ; ImmutableOopMap {r8=Oop }
                      ;*invokeinterface getTextureResourcePool {reexecute=0 rethrow=0 return_oop=0}
                      ; - com.sun.javafx.tk.quantum.PresentingPainter::run@593 (line 127)
                      ;   {metadata({method} {0x000001eb1150e910} 'getTextureResourcePool' '()Lcom/sun/prism/impl/TextureResourcePool;' in 'com/sun/prism/d3d/D3DResourceFactory')}
  0x000001eab80f6e50: d5dd 0649 | ba08 e950 | 11eb 0100 | 004c 8954 | 2408 48c7 | 0424 ffff 

  0x000001eab80f6e68: ;   {runtime_call counter_overflow Runtime1 stub}
  0x000001eab80f6e68: ffff e811 

  0x000001eab80f6e6c: ; ImmutableOopMap {}
                      ;*synchronization entry
                      ; - com.sun.prism.d3d.D3DResourceFactory::getTextureResourcePool@-1 (line 95)
                      ; - com.sun.javafx.tk.quantum.PresentingPainter::run@593 (line 127)
  0x000001eab80f6e6c: 35de 06e9 | e9c8 ffff 

  0x000001eab80f6e74: ;   {metadata({method} {0x000001ead017ee20} 'unlock' '()V' in 'java/util/concurrent/locks/ReentrantLock')}
  0x000001eab80f6e74: 49ba 18ee | 17d0 ea01 | 0000 4c89 | 5424 0848 | c704 24ff 

  0x000001eab80f6e88: ;   {runtime_call counter_overflow Runtime1 stub}
  0x000001eab80f6e88: ffff ffe8 

  0x000001eab80f6e8c: ; ImmutableOopMap {r8=Oop }
                      ;*synchronization entry
                      ; - java.util.concurrent.locks.ReentrantLock::unlock@-1 (line 494)
                      ; - com.sun.javafx.tk.quantum.PresentingPainter::run@607 (line 130)
  0x000001eab80f6e8c: f034 de06 | e943 caff 

  0x000001eab80f6e94: ;   {runtime_call throw_null_pointer_exception Runtime1 stub}
  0x000001eab80f6e94: ffe8 e6d4 

  0x000001eab80f6e98: ; ImmutableOopMap {rsi=Oop }
                      ;*invokevirtual release {reexecute=0 rethrow=0 return_oop=0}
                      ; - java.util.concurrent.locks.ReentrantLock::unlock@5 (line 494)
                      ; - com.sun.javafx.tk.quantum.PresentingPainter::run@607 (line 130)
                      ;   {metadata({method} {0x000001ead01b01a8} 'release' '(I)Z' in 'java/util/concurrent/locks/AbstractQueuedSynchronizer')}
  0x000001eab80f6e98: dd06 49ba | a001 1bd0 | ea01 0000 | 4c89 5424 | 0848 c704 | 24ff ffff 

  0x000001eab80f6eb0: ;   {runtime_call counter_overflow Runtime1 stub}
  0x000001eab80f6eb0: ffe8 ca34 

  0x000001eab80f6eb4: ; ImmutableOopMap {rsi=Oop }
                      ;*synchronization entry
                      ; - java.util.concurrent.locks.AbstractQueuedSynchronizer::release@-1 (line 1059)
                      ; - java.util.concurrent.locks.ReentrantLock::unlock@5 (line 494)
                      ; - com.sun.javafx.tk.quantum.PresentingPainter::run@607 (line 130)
  0x000001eab80f6eb4: de06 e966 

  0x000001eab80f6eb8: ;   {metadata({method} {0x000001eb11d53d68} 'cleanUp' '()V' in 'com/sun/prism/impl/Disposer')}
  0x000001eab80f6eb8: caff ff49 | ba60 3dd5 | 11eb 0100 | 004c 8954 | 2408 48c7 | 0424 ffff 

  0x000001eab80f6ed0: ;   {runtime_call counter_overflow Runtime1 stub}
  0x000001eab80f6ed0: ffff e8a9 

  0x000001eab80f6ed4: ; ImmutableOopMap {[232]=Oop [640]=Oop }
                      ;*synchronization entry
                      ; - com.sun.prism.impl.Disposer::cleanUp@-1 (line 129)
                      ; - com.sun.javafx.tk.quantum.PresentingPainter::run@615 (line 117)
  0x000001eab80f6ed4: 34de 06e9 | d8cb ffff 

  0x000001eab80f6edc: ;   {runtime_call throw_null_pointer_exception Runtime1 stub}
  0x000001eab80f6edc: e89f d4dd 

  0x000001eab80f6ee0: ; ImmutableOopMap {rbx=Oop rcx=Oop [232]=Oop [640]=Oop }
                      ;*invokevirtual disposeUnreachables {reexecute=0 rethrow=0 return_oop=0}
                      ; - com.sun.prism.impl.Disposer::cleanUp@3 (line 129)
                      ; - com.sun.javafx.tk.quantum.PresentingPainter::run@615 (line 117)
                      ;   {runtime_call throw_null_pointer_exception Runtime1 stub}
  0x000001eab80f6ee0: 06e8 9ad4 

  0x000001eab80f6ee4: ; ImmutableOopMap {rsi=Oop [232]=Oop [640]=Oop [648]=Oop }
                      ;*invokevirtual processDisposalQueue {reexecute=0 rethrow=0 return_oop=0}
                      ; - com.sun.prism.impl.Disposer::cleanUp@9 (line 130)
                      ; - com.sun.javafx.tk.quantum.PresentingPainter::run@615 (line 117)
  0x000001eab80f6ee4: dd06 4889 | 7424 084c 

  0x000001eab80f6eec: ;   {runtime_call monitorenter Runtime1 stub}
  0x000001eab80f6eec: 8904 24e8 

  0x000001eab80f6ef0: ; ImmutableOopMap {rsi=Oop [232]=Oop [640]=Oop [648]=Oop [752]=Oop }
                      ;*synchronization entry
                      ; - com.sun.prism.impl.Disposer::processDisposalQueue@-1 (line 183)
                      ; - com.sun.prism.impl.Disposer::cleanUp@9 (line 130)
                      ; - com.sun.javafx.tk.quantum.PresentingPainter::run@615 (line 117)
  0x000001eab80f6ef0: 8c0b de06 | e96c ccff 

  0x000001eab80f6ef8: ;   {metadata({method} {0x000001eb11d540e0} 'processDisposalQueue' '()V' in 'com/sun/prism/impl/Disposer')}
  0x000001eab80f6ef8: ff49 bad8 | 40d5 11eb | 0100 004c | 8954 2408 | 48c7 0424 | ffff ffff 

  0x000001eab80f6f10: ;   {runtime_call counter_overflow Runtime1 stub}
  0x000001eab80f6f10: e86b 34de 

  0x000001eab80f6f14: ; ImmutableOopMap {rsi=Oop [232]=Oop [640]=Oop [648]=Oop [752]=Oop }
                      ;*synchronization entry
                      ; - com.sun.prism.impl.Disposer::processDisposalQueue@-1 (line 183)
                      ; - com.sun.prism.impl.Disposer::cleanUp@9 (line 130)
                      ; - com.sun.javafx.tk.quantum.PresentingPainter::run@615 (line 117)
  0x000001eab80f6f14: 06e9 74cc 

  0x000001eab80f6f18: ;   {runtime_call throw_null_pointer_exception Runtime1 stub}
  0x000001eab80f6f18: ffff e861 

  0x000001eab80f6f1c: ; ImmutableOopMap {rsi=Oop rdx=Oop [232]=Oop [640]=Oop [648]=Oop [752]=Oop }
                      ;*invokevirtual isEmpty {reexecute=0 rethrow=0 return_oop=0}
                      ; - com.sun.prism.impl.Disposer::processDisposalQueue@4 (line 183)
                      ; - com.sun.prism.impl.Disposer::cleanUp@9 (line 130)
                      ; - com.sun.javafx.tk.quantum.PresentingPainter::run@615 (line 117)
                      ;   {metadata({method} {0x000001ead005a568} 'isEmpty' '()Z' in 'java/util/AbstractCollection')}
  0x000001eab80f6f1c: d4dd 0649 | ba60 a505 | d0ea 0100 | 004c 8954 | 2408 48c7 | 0424 ffff 

  0x000001eab80f6f34: ;   {runtime_call counter_overflow Runtime1 stub}
  0x000001eab80f6f34: ffff e845 

  0x000001eab80f6f38: ; ImmutableOopMap {rsi=Oop rdx=Oop [232]=Oop [640]=Oop [648]=Oop [752]=Oop }
                      ;*synchronization entry
                      ; - java.util.AbstractCollection::isEmpty@-1 (line 91)
                      ; - com.sun.prism.impl.Disposer::processDisposalQueue@4 (line 183)
                      ; - com.sun.prism.impl.Disposer::cleanUp@9 (line 130)
                      ; - com.sun.javafx.tk.quantum.PresentingPainter::run@615 (line 117)
  0x000001eab80f6f38: 34de 06e9 | 17cd ffff 

  0x000001eab80f6f40: ;   {metadata({method} {0x000001eb1113e5d8} 'remove' '()Ljava/lang/Object;' in 'java/util/LinkedList')}
  0x000001eab80f6f40: 49ba d0e5 | 1311 eb01 | 0000 4c89 | 5424 0848 | c704 24ff 

  0x000001eab80f6f54: ;   {runtime_call counter_overflow Runtime1 stub}
  0x000001eab80f6f54: ffff ffe8 

  0x000001eab80f6f58: ; ImmutableOopMap {rsi=Oop rdx=Oop [232]=Oop [640]=Oop [648]=Oop [752]=Oop }
                      ;*synchronization entry
                      ; - java.util.LinkedList::remove@-1 (line 696)
                      ; - com.sun.prism.impl.Disposer::processDisposalQueue@14 (line 184)
                      ; - com.sun.prism.impl.Disposer::cleanUp@9 (line 130)
                      ; - com.sun.javafx.tk.quantum.PresentingPainter::run@615 (line 117)
  0x000001eab80f6f58: 2434 de06 | e9e6 cdff 

  0x000001eab80f6f60: ;   {metadata({method} {0x000001eb1113cd10} 'removeFirst' '()Ljava/lang/Object;' in 'java/util/LinkedList')}
  0x000001eab80f6f60: ff49 ba08 | cd13 11eb | 0100 004c | 8954 2408 | 48c7 0424 | ffff ffff 

  0x000001eab80f6f78: ;   {runtime_call counter_overflow Runtime1 stub}
  0x000001eab80f6f78: e803 34de 

  0x000001eab80f6f7c: ; ImmutableOopMap {rsi=Oop rdx=Oop [232]=Oop [640]=Oop [648]=Oop [752]=Oop }
                      ;*synchronization entry
                      ; - java.util.LinkedList::removeFirst@-1 (line 279)
                      ; - java.util.LinkedList::remove@1 (line 696)
                      ; - com.sun.prism.impl.Disposer::processDisposalQueue@14 (line 184)
                      ; - com.sun.prism.impl.Disposer::cleanUp@9 (line 130)
                      ; - com.sun.javafx.tk.quantum.PresentingPainter::run@615 (line 117)
  0x000001eab80f6f7c: 06e9 14ce | ffff 4889 

  0x000001eab80f6f84: ;   {runtime_call throw_class_cast_exception Runtime1 stub}
  0x000001eab80f6f84: 0424 e875 

  0x000001eab80f6f88: ; ImmutableOopMap {[232]=Oop [640]=Oop [648]=Oop [752]=Oop }
                      ;*checkcast {reexecute=0 rethrow=0 return_oop=0}
                      ; - com.sun.prism.impl.Disposer::processDisposalQueue@17 (line 184)
                      ; - com.sun.prism.impl.Disposer::cleanUp@9 (line 130)
                      ; - com.sun.javafx.tk.quantum.PresentingPainter::run@615 (line 117)
                      ;   {runtime_call throw_null_pointer_exception Runtime1 stub}
  0x000001eab80f6f88: fcdd 06e8 

  0x000001eab80f6f8c: ; ImmutableOopMap {rdx=Oop [232]=Oop [640]=Oop [648]=Oop [752]=Oop }
                      ;*invokeinterface dispose {reexecute=0 rethrow=0 return_oop=0}
                      ; - com.sun.prism.impl.Disposer::processDisposalQueue@20 (line 184)
                      ; - com.sun.prism.impl.Disposer::cleanUp@9 (line 130)
                      ; - com.sun.javafx.tk.quantum.PresentingPainter::run@615 (line 117)
  0x000001eab80f6f8c: f0d3 dd06 

  0x000001eab80f6f90: ;   {metadata({method} {0x000001eb11d540e0} 'processDisposalQueue' '()V' in 'com/sun/prism/impl/Disposer')}
  0x000001eab80f6f90: 49ba d840 | d511 eb01 | 0000 4c89 | 5424 0848 | c704 2419 

  0x000001eab80f6fa4: ;   {runtime_call counter_overflow Runtime1 stub}
  0x000001eab80f6fa4: 0000 00e8 

  0x000001eab80f6fa8: ; ImmutableOopMap {[232]=Oop [640]=Oop [648]=Oop [752]=Oop }
                      ;*goto {reexecute=1 rethrow=0 return_oop=0}
                      ; - (reexecute) com.sun.prism.impl.Disposer::processDisposalQueue@25 (line 184)
                      ; - com.sun.prism.impl.Disposer::cleanUp@9 (line 130)
                      ; - com.sun.javafx.tk.quantum.PresentingPainter::run@615 (line 117)
  0x000001eab80f6fa8: d433 de06 | e92f d0ff | ff48 8d84 | 24e8 0200 | 0048 8904 

  0x000001eab80f6fbc: ;   {runtime_call monitorexit Runtime1 stub}
  0x000001eab80f6fbc: 24e8 be15 | de06 e96a 

  0x000001eab80f6fc4: ;   {runtime_call throw_null_pointer_exception Runtime1 stub}
  0x000001eab80f6fc4: d0ff ffe8 

  0x000001eab80f6fc8: ; ImmutableOopMap {rdx=Oop r8=Oop [232]=Oop [640]=Oop }
                      ;*invokevirtual unlock {reexecute=0 rethrow=0 return_oop=0}
                      ; - com.sun.javafx.tk.quantum.PresentingPainter::run@626 (line 120)
  0x000001eab80f6fc8: b4d3 dd06 

  0x000001eab80f6fcc: ;   {metadata({method} {0x000001eb119e29e0} 'unlock' '()V' in 'com/sun/prism/PresentableState')}
  0x000001eab80f6fcc: 49ba d829 | 9e11 eb01 | 0000 4c89 | 5424 0848 | c704 24ff 

  0x000001eab80f6fe0: ;   {runtime_call counter_overflow Runtime1 stub}
  0x000001eab80f6fe0: ffff ffe8 

  0x000001eab80f6fe4: ; ImmutableOopMap {rdx=Oop r8=Oop [232]=Oop [640]=Oop }
                      ;*synchronization entry
                      ; - com.sun.prism.PresentableState::unlock@-1 (line 296)
                      ; - com.sun.javafx.tk.quantum.PresentingPainter::run@626 (line 120)
  0x000001eab80f6fe4: 9833 de06 | e94c d1ff 

  0x000001eab80f6fec: ;   {runtime_call throw_null_pointer_exception Runtime1 stub}
  0x000001eab80f6fec: ffe8 8ed3 

  0x000001eab80f6ff0: ; ImmutableOopMap {rdx=Oop rbx=Oop [232]=Oop [640]=Oop }
                      ;*invokevirtual unlock {reexecute=0 rethrow=0 return_oop=0}
                      ; - com.sun.prism.PresentableState::unlock@11 (line 296)
                      ; - com.sun.javafx.tk.quantum.PresentingPainter::run@626 (line 120)
                      ;   {metadata({method} {0x000001eb1153f840} 'unlock' '()V' in 'com/sun/glass/ui/View')}
  0x000001eab80f6ff0: dd06 49ba | 38f8 5311 | eb01 0000 | 4c89 5424 | 0848 c704 | 24ff ffff 

  0x000001eab80f7008: ;   {runtime_call counter_overflow Runtime1 stub}
  0x000001eab80f7008: ffe8 7233 

  0x000001eab80f700c: ; ImmutableOopMap {rdx=Oop rbx=Oop [232]=Oop [640]=Oop }
                      ;*synchronization entry
                      ; - com.sun.glass.ui.View::unlock@-1 (line 747)
                      ; - com.sun.prism.PresentableState::unlock@11 (line 296)
                      ; - com.sun.javafx.tk.quantum.PresentingPainter::run@626 (line 120)
  0x000001eab80f700c: de06 e923 

  0x000001eab80f7010: ;   {metadata({method} {0x000001eb1153d880} 'checkNotClosed' '()V' in 'com/sun/glass/ui/View')}
  0x000001eab80f7010: d2ff ff49 | ba78 d853 | 11eb 0100 | 004c 8954 | 2408 48c7 | 0424 ffff 

  0x000001eab80f7028: ;   {runtime_call counter_overflow Runtime1 stub}
  0x000001eab80f7028: ffff e851 

  0x000001eab80f702c: ; ImmutableOopMap {rdx=Oop rbx=Oop [232]=Oop [640]=Oop }
                      ;*synchronization entry
                      ; - com.sun.glass.ui.View::checkNotClosed@-1 (line 434)
                      ; - com.sun.glass.ui.View::unlock@1 (line 747)
                      ; - com.sun.prism.PresentableState::unlock@11 (line 296)
                      ; - com.sun.javafx.tk.quantum.PresentingPainter::run@626 (line 120)
  0x000001eab80f702c: 33de 06e9 | 40d2 ffff 

  0x000001eab80f7034: ;   {runtime_call throw_null_pointer_exception Runtime1 stub}
  0x000001eab80f7034: e847 d3dd 

  0x000001eab80f7038: ; ImmutableOopMap {rdx=Oop r8=Oop [232]=Oop [640]=Oop }
                      ;*invokevirtual getScene {reexecute=0 rethrow=0 return_oop=0}
                      ; - com.sun.javafx.tk.quantum.PresentingPainter::run@633 (line 123)
  0x000001eab80f7038: 064c 8904 

  0x000001eab80f703c: ;   {runtime_call throw_class_cast_exception Runtime1 stub}
  0x000001eab80f703c: 24e8 befb 

  0x000001eab80f7040: ; ImmutableOopMap {rdx=Oop [232]=Oop [640]=Oop }
                      ;*checkcast {reexecute=0 rethrow=0 return_oop=0}
                      ; - com.sun.javafx.tk.quantum.PresentingPainter::run@636 (line 123)
                      ;   {runtime_call throw_null_pointer_exception Runtime1 stub}
  0x000001eab80f7040: dd06 e839 

  0x000001eab80f7044: ; ImmutableOopMap {rdx=Oop r8=Oop [232]=Oop [640]=Oop }
                      ;*invokevirtual setPainting {reexecute=0 rethrow=0 return_oop=0}
                      ; - com.sun.javafx.tk.quantum.PresentingPainter::run@644 (line 124)
                      ;   {metadata({method} {0x000001eb1151dd70} 'setPainting' '(Z)Z' in 'com/sun/javafx/tk/quantum/GlassScene')}
  0x000001eab80f7044: d3dd 0649 | ba68 dd51 | 11eb 0100 | 004c 8954 | 2408 48c7 | 0424 ffff 

  0x000001eab80f705c: ;   {runtime_call counter_overflow Runtime1 stub}
  0x000001eab80f705c: ffff e81d 

  0x000001eab80f7060: ; ImmutableOopMap {rdx=Oop r8=Oop [232]=Oop [640]=Oop }
                      ;*synchronization entry
                      ; - com.sun.javafx.tk.quantum.GlassScene::setPainting@-1 (line 289)
                      ; - com.sun.javafx.tk.quantum.PresentingPainter::run@644 (line 124)
  0x000001eab80f7060: 33de 06e9 | 63d4 ffff 

  0x000001eab80f7068: ;   {runtime_call throw_null_pointer_exception Runtime1 stub}
  0x000001eab80f7068: e813 d3dd 

  0x000001eab80f706c: ; ImmutableOopMap {rdx=Oop rbx=Oop [232]=Oop [640]=Oop }
                      ;*invokevirtual getAndSet {reexecute=0 rethrow=0 return_oop=0}
                      ; - com.sun.javafx.tk.quantum.GlassScene::setPainting@5 (line 289)
                      ; - com.sun.javafx.tk.quantum.PresentingPainter::run@644 (line 124)
                      ;   {metadata({method} {0x000001eb1112f1e0} 'getAndSet' '(Z)Z' in 'java/util/concurrent/atomic/AtomicBoolean')}
  0x000001eab80f706c: 0649 bad8 | f112 11eb | 0100 004c | 8954 2408 | 48c7 0424 | ffff ffff 

  0x000001eab80f7084: ;   {runtime_call counter_overflow Runtime1 stub}
  0x000001eab80f7084: e8f7 32de 

  0x000001eab80f7088: ; ImmutableOopMap {rdx=Oop rbx=Oop [232]=Oop [640]=Oop }
                      ;*synchronization entry
                      ; - java.util.concurrent.atomic.AtomicBoolean::getAndSet@-1 (line 175)
                      ; - com.sun.javafx.tk.quantum.GlassScene::setPainting@5 (line 289)
                      ; - com.sun.javafx.tk.quantum.PresentingPainter::run@644 (line 124)
  0x000001eab80f7088: 06e9 86d4 

  0x000001eab80f708c: ;   {metadata({method} {0x000001ead0157d50} 'guard_LI_I' '(Ljava/lang/invoke/VarHandle;Ljava/lang/Object;ILjava/lang/invoke/VarHandle$AccessDescriptor;)I' in 'java/lang/invoke/VarHandleGuards')}
  0x000001eab80f708c: ffff 49ba | 487d 15d0 | ea01 0000 | 4c89 5424 | 0848 c704 | 24ff ffff 

  0x000001eab80f70a4: ;   {runtime_call counter_overflow Runtime1 stub}
  0x000001eab80f70a4: ffe8 d632 

  0x000001eab80f70a8: ; ImmutableOopMap {rdx=Oop rbx=Oop rsi=Oop [232]=Oop [640]=Oop }
                      ;*synchronization entry
                      ; - java.lang.invoke.VarHandleGuards::guard_LI_I@-1 (line 161)
                      ; - java.util.concurrent.atomic.AtomicBoolean::getAndSet@13 (line 175)
                      ; - com.sun.javafx.tk.quantum.GlassScene::setPainting@5 (line 289)
                      ; - com.sun.javafx.tk.quantum.PresentingPainter::run@644 (line 124)
  0x000001eab80f70a8: de06 e9dc 

  0x000001eab80f70ac: ;   {metadata({method} {0x000001ead0093f08} 'checkAccessModeThenIsDirect' '(Ljava/lang/invoke/VarHandle$AccessDescriptor;)Z' in 'java/lang/invoke/VarHandle')}
  0x000001eab80f70ac: d4ff ff49 | ba00 3f09 | d0ea 0100 | 004c 8954 | 2408 48c7 | 0424 ffff 

  0x000001eab80f70c4: ;   {runtime_call counter_overflow Runtime1 stub}
  0x000001eab80f70c4: ffff e8b5 

  0x000001eab80f70c8: ; ImmutableOopMap {rdx=Oop rbx=Oop [232]=Oop [640]=Oop }
                      ;*synchronization entry
                      ; - java.lang.invoke.VarHandle::checkAccessModeThenIsDirect@-1 (line 2075)
                      ; - java.lang.invoke.VarHandleGuards::guard_LI_I@2 (line 161)
                      ; - java.util.concurrent.atomic.AtomicBoolean::getAndSet@13 (line 175)
                      ; - com.sun.javafx.tk.quantum.GlassScene::setPainting@5 (line 289)
                      ; - com.sun.javafx.tk.quantum.PresentingPainter::run@644 (line 124)
  0x000001eab80f70c8: 32de 06e9 | a1d5 ffff 

  0x000001eab80f70d0: ;   {metadata({method} {0x000001ead0155cf0} 'getMemberName' '(I)Ljava/lang/invoke/MemberName;' in 'java/lang/invoke/VarForm')}
  0x000001eab80f70d0: 49ba e85c | 15d0 ea01 | 0000 4c89 | 5424 0848 | c704 24ff 

  0x000001eab80f70e4: ;   {runtime_call counter_overflow Runtime1 stub}
  0x000001eab80f70e4: ffff ffe8 

  0x000001eab80f70e8: ; ImmutableOopMap {rdx=Oop rbx=Oop [232]=Oop [640]=Oop }
                      ;*synchronization entry
                      ; - java.lang.invoke.VarForm::getMemberName@-1 (line 114)
                      ; - java.lang.invoke.VarHandleGuards::guard_LI_I@42 (line 163)
                      ; - java.util.concurrent.atomic.AtomicBoolean::getAndSet@13 (line 175)
                      ; - com.sun.javafx.tk.quantum.GlassScene::setPainting@5 (line 289)
                      ; - com.sun.javafx.tk.quantum.PresentingPainter::run@644 (line 124)
  0x000001eab80f70e8: 9432 de06 | e9f8 d5ff 

  0x000001eab80f70f0: ;   {metadata({method} {0x000001eb110e9768} 'getAndSet' '(Ljava/lang/invoke/VarHandle;Ljava/lang/Object;I)I' in 'java/lang/invoke/VarHandleInts$FieldInstanceReadWrite')}
  0x000001eab80f70f0: ff49 ba60 | 970e 11eb | 0100 004c | 8954 2408 | 48c7 0424 | ffff ffff 

  0x000001eab80f7108: ;   {runtime_call counter_overflow Runtime1 stub}
  0x000001eab80f7108: e873 32de 

  0x000001eab80f710c: ; ImmutableOopMap {rdx=Oop rbx=Oop [232]=Oop [640]=Oop }
                      ;*synchronization entry
                      ; - java.lang.invoke.VarHandleInts$FieldInstanceReadWrite::getAndSet@-1 (line 249)
                      ; - java.lang.invoke.VarHandleGuards::guard_LI_I@45 (line 163)
                      ; - java.util.concurrent.atomic.AtomicBoolean::getAndSet@13 (line 175)
                      ; - com.sun.javafx.tk.quantum.GlassScene::setPainting@5 (line 289)
                      ; - com.sun.javafx.tk.quantum.PresentingPainter::run@644 (line 124)
  0x000001eab80f710c: 06e9 7bd6 

  0x000001eab80f7110: ;   {metadata({method} {0x000001ead046e870} 'cast' '(Ljava/lang/Object;)Ljava/lang/Object;' in 'java/lang/Class')}
  0x000001eab80f7110: ffff 49ba | 68e8 46d0 | ea01 0000 | 4c89 5424 | 0848 c704 | 24ff ffff 

  0x000001eab80f7128: ;   {runtime_call counter_overflow Runtime1 stub}
  0x000001eab80f7128: ffe8 5232 

  0x000001eab80f712c: ; ImmutableOopMap {rdx=Oop rbx=Oop [232]=Oop [640]=Oop }
                      ;*synchronization entry
                      ; - java.lang.Class::cast@-1 (line 4066)
                      ; - java.lang.invoke.VarHandleInts$FieldInstanceReadWrite::getAndSet@13 (line 250)
                      ; - java.lang.invoke.VarHandleGuards::guard_LI_I@45 (line 163)
                      ; - java.util.concurrent.atomic.AtomicBoolean::getAndSet@13 (line 175)
                      ; - com.sun.javafx.tk.quantum.GlassScene::setPainting@5 (line 289)
                      ; - com.sun.javafx.tk.quantum.PresentingPainter::run@644 (line 124)
  0x000001eab80f712c: de06 e99f 

  0x000001eab80f7130: ;   {metadata({method} {0x000001ead00564a0} 'requireNonNull' '(Ljava/lang/Object;)Ljava/lang/Object;' in 'java/util/Objects')}
  0x000001eab80f7130: d6ff ff49 | ba98 6405 | d0ea 0100 | 004c 8954 | 2408 48c7 | 0424 ffff 

  0x000001eab80f7148: ;   {runtime_call counter_overflow Runtime1 stub}
  0x000001eab80f7148: ffff e831 

  0x000001eab80f714c: ; ImmutableOopMap {rdx=Oop rbx=Oop [232]=Oop [640]=Oop }
                      ;*synchronization entry
                      ; - java.util.Objects::requireNonNull@-1 (line 232)
                      ; - java.lang.invoke.VarHandleInts$FieldInstanceReadWrite::getAndSet@16 (line 250)
                      ; - java.lang.invoke.VarHandleGuards::guard_LI_I@45 (line 163)
                      ; - java.util.concurrent.atomic.AtomicBoolean::getAndSet@13 (line 175)
                      ; - com.sun.javafx.tk.quantum.GlassScene::setPainting@5 (line 289)
                      ; - com.sun.javafx.tk.quantum.PresentingPainter::run@644 (line 124)
  0x000001eab80f714c: 32de 06e9 | 80d7 ffff 

  0x000001eab80f7154: ;   {runtime_call throw_incompatible_class_change_error Runtime1 stub}
  0x000001eab80f7154: e827 03de 

  0x000001eab80f7158: ; ImmutableOopMap {r8=Oop [640]=Oop }
                      ;*invokeinterface getTextureResourcePool {reexecute=0 rethrow=0 return_oop=0}
                      ; - com.sun.javafx.tk.quantum.PresentingPainter::run@659 (line 127)
                      ;   {runtime_call throw_null_pointer_exception Runtime1 stub}
  0x000001eab80f7158: 06e8 22d2 

  0x000001eab80f715c: ; ImmutableOopMap {r8=Oop [640]=Oop }
                      ;*invokeinterface getTextureResourcePool {reexecute=0 rethrow=0 return_oop=0}
                      ; - com.sun.javafx.tk.quantum.PresentingPainter::run@659 (line 127)
                      ;   {metadata({method} {0x000001eb1150e910} 'getTextureResourcePool' '()Lcom/sun/prism/impl/TextureResourcePool;' in 'com/sun/prism/d3d/D3DResourceFactory')}
  0x000001eab80f715c: dd06 49ba | 08e9 5011 | eb01 0000 | 4c89 5424 | 0848 c704 | 24ff ffff 

  0x000001eab80f7174: ;   {runtime_call counter_overflow Runtime1 stub}
  0x000001eab80f7174: ffe8 0632 

  0x000001eab80f7178: ; ImmutableOopMap {[640]=Oop }
                      ;*synchronization entry
                      ; - com.sun.prism.d3d.D3DResourceFactory::getTextureResourcePool@-1 (line 95)
                      ; - com.sun.javafx.tk.quantum.PresentingPainter::run@659 (line 127)
  0x000001eab80f7178: de06 e9b6 

  0x000001eab80f717c: ;   {metadata({method} {0x000001ead017ee20} 'unlock' '()V' in 'java/util/concurrent/locks/ReentrantLock')}
  0x000001eab80f717c: d8ff ff49 | ba18 ee17 | d0ea 0100 | 004c 8954 | 2408 48c7 | 0424 ffff 

  0x000001eab80f7194: ;   {runtime_call counter_overflow Runtime1 stub}
  0x000001eab80f7194: ffff e8e5 

  0x000001eab80f7198: ; ImmutableOopMap {r8=Oop [640]=Oop }
                      ;*synchronization entry
                      ; - java.util.concurrent.locks.ReentrantLock::unlock@-1 (line 494)
                      ; - com.sun.javafx.tk.quantum.PresentingPainter::run@673 (line 130)
  0x000001eab80f7198: 31de 06e9 | 10da ffff 

  0x000001eab80f71a0: ;   {runtime_call throw_null_pointer_exception Runtime1 stub}
  0x000001eab80f71a0: e8db d1dd 

  0x000001eab80f71a4: ; ImmutableOopMap {rsi=Oop [640]=Oop }
                      ;*invokevirtual release {reexecute=0 rethrow=0 return_oop=0}
                      ; - java.util.concurrent.locks.ReentrantLock::unlock@5 (line 494)
                      ; - com.sun.javafx.tk.quantum.PresentingPainter::run@673 (line 130)
                      ;   {metadata({method} {0x000001ead01b01a8} 'release' '(I)Z' in 'java/util/concurrent/locks/AbstractQueuedSynchronizer')}
  0x000001eab80f71a4: 0649 baa0 | 011b d0ea | 0100 004c | 8954 2408 | 48c7 0424 | ffff ffff 

  0x000001eab80f71bc: ;   {runtime_call counter_overflow Runtime1 stub}
  0x000001eab80f71bc: e8bf 31de 

  0x000001eab80f71c0: ; ImmutableOopMap {rsi=Oop [640]=Oop }
                      ;*synchronization entry
                      ; - java.util.concurrent.locks.AbstractQueuedSynchronizer::release@-1 (line 1059)
                      ; - java.util.concurrent.locks.ReentrantLock::unlock@5 (line 494)
                      ; - com.sun.javafx.tk.quantum.PresentingPainter::run@673 (line 130)
  0x000001eab80f71c0: 06e9 33da 

  0x000001eab80f71c4: ;   {internal_word}
  0x000001eab80f71c4: ffff 49ba | 404d 0fb8 | ea01 0000 | 4d89 9760 

  0x000001eab80f71d4: ;   {runtime_call SafepointBlob}
  0x000001eab80f71d4: 0400 00e9 | 24e5 d106 

  0x000001eab80f71dc: ;   {metadata(nullptr)}
  0x000001eab80f71dc: 48ba 0000 | 0000 0000 | 0000 b800 

  0x000001eab80f71e8: ;   {runtime_call load_klass_patching Runtime1 stub}
  0x000001eab80f71e8: 0f05 0ae8 

  0x000001eab80f71ec: ; ImmutableOopMap {[232]=Oop [640]=Oop }
                      ;*new {reexecute=1 rethrow=0 return_oop=0}
                      ; - (reexecute) java.util.Objects::requireNonNull@4 (line 233)
                      ; - java.lang.invoke.VarHandleInts$FieldInstanceReadWrite::getAndSet@16 (line 250)
                      ; - java.lang.invoke.VarHandleGuards::guard_LI_I@45 (line 163)
                      ; - java.util.concurrent.atomic.AtomicBoolean::getAndSet@13 (line 175)
                      ; - com.sun.javafx.tk.quantum.GlassScene::setPainting@5 (line 289)
                      ; - com.sun.javafx.tk.quantum.PresentingPainter::run@644 (line 124)
  0x000001eab80f71ec: 1021 de06 | e96b dbff | ff48 8bd2 

  0x000001eab80f71f8: ;   {runtime_call fast_new_instance Runtime1 stub}
  0x000001eab80f71f8: e883 dadd 

  0x000001eab80f71fc: ; ImmutableOopMap {[232]=Oop [640]=Oop }
                      ;*new {reexecute=0 rethrow=0 return_oop=0}
                      ; - java.util.Objects::requireNonNull@4 (line 233)
                      ; - java.lang.invoke.VarHandleInts$FieldInstanceReadWrite::getAndSet@16 (line 250)
                      ; - java.lang.invoke.VarHandleGuards::guard_LI_I@45 (line 163)
                      ; - java.util.concurrent.atomic.AtomicBoolean::getAndSet@13 (line 175)
                      ; - com.sun.javafx.tk.quantum.GlassScene::setPainting@5 (line 289)
                      ; - com.sun.javafx.tk.quantum.PresentingPainter::run@644 (line 124)
  0x000001eab80f71fc: 06e9 badb | ffff 488b 

  0x000001eab80f7204: ;   {runtime_call fast_new_instance Runtime1 stub}
  0x000001eab80f7204: d2e8 76da 

  0x000001eab80f7208: ; ImmutableOopMap {rbx=Oop [232]=Oop [640]=Oop }
                      ;*new {reexecute=0 rethrow=0 return_oop=0}
                      ; - java.lang.Class::cast@12 (line 4067)
                      ; - java.lang.invoke.VarHandleInts$FieldInstanceReadWrite::getAndSet@13 (line 250)
                      ; - java.lang.invoke.VarHandleGuards::guard_LI_I@45 (line 163)
                      ; - java.util.concurrent.atomic.AtomicBoolean::getAndSet@13 (line 175)
                      ; - com.sun.javafx.tk.quantum.GlassScene::setPainting@5 (line 289)
                      ; - com.sun.javafx.tk.quantum.PresentingPainter::run@644 (line 124)
  0x000001eab80f7208: dd06 e942 

  0x000001eab80f720c: ;   {metadata(nullptr)}
  0x000001eab80f720c: dcff ff48 | ba00 0000 | 0000 0000 | 00b8 000f 

  0x000001eab80f721c: ;   {runtime_call load_klass_patching Runtime1 stub}
  0x000001eab80f721c: 050a e8dd 

  0x000001eab80f7220: ; ImmutableOopMap {[232]=Oop [640]=Oop [688]=Oop }
                      ;*new {reexecute=1 rethrow=0 return_oop=0}
                      ; - (reexecute) com.sun.glass.ui.View::checkNotClosed@9 (line 435)
                      ; - com.sun.glass.ui.View::unlock@1 (line 747)
                      ; - com.sun.prism.PresentableState::unlock@11 (line 296)
                      ; - com.sun.javafx.tk.quantum.PresentingPainter::run@626 (line 120)
  0x000001eab80f7220: 20de 06e9 | b8dc ffff 

  0x000001eab80f7228: ;   {runtime_call throw_null_pointer_exception Runtime1 stub}
  0x000001eab80f7228: e853 d1dd 

  0x000001eab80f722c: ; ImmutableOopMap {[232]=Oop [640]=Oop [688]=Oop }
                      ;*new {reexecute=0 rethrow=0 return_oop=0}
                      ; - com.sun.glass.ui.View::checkNotClosed@9 (line 435)
                      ; - com.sun.glass.ui.View::unlock@1 (line 747)
                      ; - com.sun.prism.PresentableState::unlock@11 (line 296)
                      ; - com.sun.javafx.tk.quantum.PresentingPainter::run@626 (line 120)
  0x000001eab80f722c: 0648 8bd2 

  0x000001eab80f7230: ;   {runtime_call fast_new_instance_init_check Runtime1 stub}
  0x000001eab80f7230: e84b dddd 

  0x000001eab80f7234: ; ImmutableOopMap {[232]=Oop [640]=Oop [688]=Oop }
                      ;*new {reexecute=0 rethrow=0 return_oop=0}
                      ; - com.sun.glass.ui.View::checkNotClosed@9 (line 435)
                      ; - com.sun.glass.ui.View::unlock@1 (line 747)
                      ; - com.sun.prism.PresentableState::unlock@11 (line 296)
                      ; - com.sun.javafx.tk.quantum.PresentingPainter::run@626 (line 120)
  0x000001eab80f7234: 06e9 0bdd 

  0x000001eab80f7238: ;   {metadata(nullptr)}
  0x000001eab80f7238: ffff 48ba | 0000 0000 | 0000 0000 | b800 0f05 

  0x000001eab80f7248: ;   {runtime_call load_klass_patching Runtime1 stub}
  0x000001eab80f7248: 0ae8 b220 

  0x000001eab80f724c: ; ImmutableOopMap {[232]=Oop [640]=Oop [648]=Oop [752]=Oop }
                      ;*new {reexecute=1 rethrow=0 return_oop=0}
                      ; - (reexecute) java.util.LinkedList::removeFirst@9 (line 281)
                      ; - java.util.LinkedList::remove@1 (line 696)
                      ; - com.sun.prism.impl.Disposer::processDisposalQueue@14 (line 184)
                      ; - com.sun.prism.impl.Disposer::cleanUp@9 (line 130)
                      ; - com.sun.javafx.tk.quantum.PresentingPainter::run@615 (line 117)
  0x000001eab80f724c: de06 e93d 

  0x000001eab80f7250: ;   {runtime_call throw_null_pointer_exception Runtime1 stub}
  0x000001eab80f7250: ddff ffe8 

  0x000001eab80f7254: ; ImmutableOopMap {[232]=Oop [640]=Oop [648]=Oop [752]=Oop }
                      ;*new {reexecute=0 rethrow=0 return_oop=0}
                      ; - java.util.LinkedList::removeFirst@9 (line 281)
                      ; - java.util.LinkedList::remove@1 (line 696)
                      ; - com.sun.prism.impl.Disposer::processDisposalQueue@14 (line 184)
                      ; - com.sun.prism.impl.Disposer::cleanUp@9 (line 130)
                      ; - com.sun.javafx.tk.quantum.PresentingPainter::run@615 (line 117)
  0x000001eab80f7254: 28d1 dd06 

  0x000001eab80f7258: ;   {runtime_call fast_new_instance_init_check Runtime1 stub}
  0x000001eab80f7258: 488b d2e8 

  0x000001eab80f725c: ; ImmutableOopMap {[232]=Oop [640]=Oop [648]=Oop [752]=Oop }
                      ;*new {reexecute=0 rethrow=0 return_oop=0}
                      ; - java.util.LinkedList::removeFirst@9 (line 281)
                      ; - java.util.LinkedList::remove@1 (line 696)
                      ; - com.sun.prism.impl.Disposer::processDisposalQueue@14 (line 184)
                      ; - com.sun.prism.impl.Disposer::cleanUp@9 (line 130)
                      ; - com.sun.javafx.tk.quantum.PresentingPainter::run@615 (line 117)
  0x000001eab80f725c: 20dd dd06 | e990 ddff 

  0x000001eab80f7264: ;   {metadata(nullptr)}
  0x000001eab80f7264: ff48 ba00 | 0000 0000 | 0000 00b8 | 000f 050a 

  0x000001eab80f7274: ;   {runtime_call load_klass_patching Runtime1 stub}
  0x000001eab80f7274: e887 20de 

  0x000001eab80f7278: ; ImmutableOopMap {[232]=Oop }
                      ;*new {reexecute=1 rethrow=0 return_oop=0}
                      ; - (reexecute) java.util.Objects::requireNonNull@4 (line 233)
                      ; - java.lang.invoke.VarHandleInts$FieldInstanceReadWrite::getAndSet@16 (line 250)
                      ; - java.lang.invoke.VarHandleGuards::guard_LI_I@45 (line 163)
                      ; - java.util.concurrent.atomic.AtomicBoolean::getAndSet@13 (line 175)
                      ; - com.sun.javafx.tk.quantum.GlassScene::setPainting@5 (line 289)
                      ; - com.sun.javafx.tk.quantum.PresentingPainter::run@578 (line 124)
  0x000001eab80f7278: 06e9 c2dd | ffff 488b 

  0x000001eab80f7280: ;   {runtime_call fast_new_instance Runtime1 stub}
  0x000001eab80f7280: d2e8 fad9 

  0x000001eab80f7284: ; ImmutableOopMap {[232]=Oop }
                      ;*new {reexecute=0 rethrow=0 return_oop=0}
                      ; - java.util.Objects::requireNonNull@4 (line 233)
                      ; - java.lang.invoke.VarHandleInts$FieldInstanceReadWrite::getAndSet@16 (line 250)
                      ; - java.lang.invoke.VarHandleGuards::guard_LI_I@45 (line 163)
                      ; - java.util.concurrent.atomic.AtomicBoolean::getAndSet@13 (line 175)
                      ; - com.sun.javafx.tk.quantum.GlassScene::setPainting@5 (line 289)
                      ; - com.sun.javafx.tk.quantum.PresentingPainter::run@578 (line 124)
  0x000001eab80f7284: dd06 e911 | deff ff48 

  0x000001eab80f728c: ;   {runtime_call fast_new_instance Runtime1 stub}
  0x000001eab80f728c: 8bd2 e8ed 

  0x000001eab80f7290: ; ImmutableOopMap {rbx=Oop [232]=Oop }
                      ;*new {reexecute=0 rethrow=0 return_oop=0}
                      ; - java.lang.Class::cast@12 (line 4067)
                      ; - java.lang.invoke.VarHandleInts$FieldInstanceReadWrite::getAndSet@13 (line 250)
                      ; - java.lang.invoke.VarHandleGuards::guard_LI_I@45 (line 163)
                      ; - java.util.concurrent.atomic.AtomicBoolean::getAndSet@13 (line 175)
                      ; - com.sun.javafx.tk.quantum.GlassScene::setPainting@5 (line 289)
                      ; - com.sun.javafx.tk.quantum.PresentingPainter::run@578 (line 124)
  0x000001eab80f7290: d9dd 06e9 | 99de ffff 

  0x000001eab80f7298: ;   {metadata(nullptr)}
  0x000001eab80f7298: 48ba 0000 | 0000 0000 | 0000 b800 

  0x000001eab80f72a4: ;   {runtime_call load_klass_patching Runtime1 stub}
  0x000001eab80f72a4: 0f05 0ae8 

  0x000001eab80f72a8: ; ImmutableOopMap {[232]=Oop [728]=Oop }
                      ;*new {reexecute=1 rethrow=0 return_oop=0}
                      ; - (reexecute) com.sun.glass.ui.View::checkNotClosed@9 (line 435)
                      ; - com.sun.glass.ui.View::unlock@1 (line 747)
                      ; - com.sun.prism.PresentableState::unlock@11 (line 296)
                      ; - com.sun.javafx.tk.quantum.PresentingPainter::run@560 (line 120)
  0x000001eab80f72a8: 5420 de06 | e90f dfff 

  0x000001eab80f72b0: ;   {runtime_call throw_null_pointer_exception Runtime1 stub}
  0x000001eab80f72b0: ffe8 cad0 

  0x000001eab80f72b4: ; ImmutableOopMap {[232]=Oop [728]=Oop }
                      ;*new {reexecute=0 rethrow=0 return_oop=0}
                      ; - com.sun.glass.ui.View::checkNotClosed@9 (line 435)
                      ; - com.sun.glass.ui.View::unlock@1 (line 747)
                      ; - com.sun.prism.PresentableState::unlock@11 (line 296)
                      ; - com.sun.javafx.tk.quantum.PresentingPainter::run@560 (line 120)
  0x000001eab80f72b4: dd06 488b 

  0x000001eab80f72b8: ;   {runtime_call fast_new_instance_init_check Runtime1 stub}
  0x000001eab80f72b8: d2e8 c2dc 

  0x000001eab80f72bc: ; ImmutableOopMap {[232]=Oop [728]=Oop }
                      ;*new {reexecute=0 rethrow=0 return_oop=0}
                      ; - com.sun.glass.ui.View::checkNotClosed@9 (line 435)
                      ; - com.sun.glass.ui.View::unlock@1 (line 747)
                      ; - com.sun.prism.PresentableState::unlock@11 (line 296)
                      ; - com.sun.javafx.tk.quantum.PresentingPainter::run@560 (line 120)
  0x000001eab80f72bc: dd06 e962 

  0x000001eab80f72c0: ;   {metadata(nullptr)}
  0x000001eab80f72c0: dfff ff48 | ba00 0000 | 0000 0000 | 00b8 000f 

  0x000001eab80f72d0: ;   {runtime_call load_klass_patching Runtime1 stub}
  0x000001eab80f72d0: 050a e829 

  0x000001eab80f72d4: ; ImmutableOopMap {[232]=Oop [608]=Oop [752]=Oop }
                      ;*new {reexecute=1 rethrow=0 return_oop=0}
                      ; - (reexecute) java.util.LinkedList::removeFirst@9 (line 281)
                      ; - java.util.LinkedList::remove@1 (line 696)
                      ; - com.sun.prism.impl.Disposer::processDisposalQueue@14 (line 184)
                      ; - com.sun.prism.impl.Disposer::cleanUp@9 (line 130)
                      ; - com.sun.javafx.tk.quantum.PresentingPainter::run@549 (line 117)
  0x000001eab80f72d4: 20de 06e9 | 94df ffff 

  0x000001eab80f72dc: ;   {runtime_call throw_null_pointer_exception Runtime1 stub}
  0x000001eab80f72dc: e89f d0dd 

  0x000001eab80f72e0: ; ImmutableOopMap {[232]=Oop [608]=Oop [752]=Oop }
                      ;*new {reexecute=0 rethrow=0 return_oop=0}
                      ; - java.util.LinkedList::removeFirst@9 (line 281)
                      ; - java.util.LinkedList::remove@1 (line 696)
                      ; - com.sun.prism.impl.Disposer::processDisposalQueue@14 (line 184)
                      ; - com.sun.prism.impl.Disposer::cleanUp@9 (line 130)
                      ; - com.sun.javafx.tk.quantum.PresentingPainter::run@549 (line 117)
  0x000001eab80f72e0: 0648 8bd2 

  0x000001eab80f72e4: ;   {runtime_call fast_new_instance_init_check Runtime1 stub}
  0x000001eab80f72e4: e897 dcdd 

  0x000001eab80f72e8: ; ImmutableOopMap {[232]=Oop [608]=Oop [752]=Oop }
                      ;*new {reexecute=0 rethrow=0 return_oop=0}
                      ; - java.util.LinkedList::removeFirst@9 (line 281)
                      ; - java.util.LinkedList::remove@1 (line 696)
                      ; - com.sun.prism.impl.Disposer::processDisposalQueue@14 (line 184)
                      ; - com.sun.prism.impl.Disposer::cleanUp@9 (line 130)
                      ; - com.sun.javafx.tk.quantum.PresentingPainter::run@549 (line 117)
  0x000001eab80f72e8: 06e9 e7df | ffff 488d | 8424 e802 | 0000 4889 

  0x000001eab80f72f8: ;   {runtime_call monitorexit Runtime1 stub}
  0x000001eab80f72f8: 0424 e881 | 12de 06e9 | 60e0 ffff | 488d 8424 | e802 0000 | 4889 0424 

  0x000001eab80f7310: ;   {runtime_call monitorexit Runtime1 stub}
  0x000001eab80f7310: e86b 12de | 06e9 9ae0 | ffff c784 | 2450 0200 | 0000 0000 | 00e9 1db3 | ffff c784 | 2478 0200 
  0x000001eab80f7330: 0000 0000 | 00c7 8424 | 5402 0000 | 0000 0000 | e90b c7ff | ffc7 8424 | 5002 0000 | 0000 0000 
  0x000001eab80f7350: e9f2 b2ff | ffc7 8424 | 7802 0000 | 0000 0000 | c784 2454 | 0200 0000 | 0000 00e9 | e0c6 ffff 
  0x000001eab80f7370: c784 2450 | 0200 0000 | 0000 00e9 | c7b2 ffff | c784 2478 | 0200 0000 | 0000 00c7 | 8424 5402 
  0x000001eab80f7390: 0000 0000 | 0000 e9b5 | c6ff ffc7 | 8424 5002 | 0000 0100 | 0000 e99c | b2ff ffc7 | 8424 7802 
  0x000001eab80f73b0: 0000 0000 | 0000 c784 | 2454 0200 | 0001 0000 | 00e9 8ac6 | ffff c784 | 2450 0200 | 0001 0000 
  0x000001eab80f73d0: 00e9 71b2 | ffff c784 | 2478 0200 | 0000 0000 | 00c7 8424 | 5402 0000 | 0100 0000 | e95f c6ff 
  0x000001eab80f73f0: ffc7 8424 | 5002 0000 | 0100 0000 | e946 b2ff | ffc7 8424 | 7802 0000 | 0000 0000 

  0x000001eab80f740c: ;   {no_reloc}
  0x000001eab80f740c: c784 2454 | 0200 0001 | 0000 00e9 | 34c6 ffff | c784 2450 | 0200 0001 | 0000 00e9 | 1bb2 ffff 
  0x000001eab80f742c: c784 2478 | 0200 0000 | 0000 00c7 | 8424 5402 | 0000 0100 | 0000 e909 | c6ff ffc7 | 8424 5002 
  0x000001eab80f744c: 0000 0100 | 0000 e9f0 | b1ff ffc7 | 8424 7802 | 0000 0000 | 0000 c784 | 2454 0200 | 0001 0000 
  0x000001eab80f746c: 00e9 dec5 | ffff c784 | 2450 0200 | 0001 0000 | 00e9 c5b1 | ffff c784 | 2478 0200 | 0000 0000 
  0x000001eab80f748c: 00c7 8424 | 5402 0000 | 0100 0000 | e9b3 c5ff | ffc7 8424 | 5002 0000 | 0100 0000 | e99a b1ff 
  0x000001eab80f74ac: ffc7 8424 | 7802 0000 | 0000 0000 | c784 2454 | 0200 0001 | 0000 00e9 | 88c5 ffff | c784 2450 
  0x000001eab80f74cc: 0200 0001 | 0000 00e9 | 6fb1 ffff | c784 2478 | 0200 0000 | 0000 00c7 | 8424 5402 | 0000 0100 
  0x000001eab80f74ec: 0000 e95d | c5ff ffc7 | 8424 5002 | 0000 0100 | 0000 e944 | b1ff ffc7 | 8424 7802 | 0000 0000 
  0x000001eab80f750c: ;   {no_reloc}
  0x000001eab80f750c: 0000 c784 | 2454 0200 | 0001 0000 | 00e9 32c5 | ffff c784 | 2450 0200 | 0001 0000 | 00e9 19b1 
  0x000001eab80f752c: ffff c784 | 2478 0200 | 0000 0000 | 00c7 8424 | 5402 0000 | 0100 0000 | e907 c5ff | ffc7 8424 
  0x000001eab80f754c: 5002 0000 | 0100 0000 | e9ee b0ff | ffc7 8424 | 7802 0000 | 0000 0000 | c784 2454 | 0200 0001 
  0x000001eab80f756c: 0000 00e9 | dcc4 ffff | c784 2450 | 0200 0001 | 0000 00e9 | c3b0 ffff | c784 2478 | 0200 0000 
  0x000001eab80f758c: 0000 00c7 | 8424 5402 | 0000 0100 | 0000 e9b1 | c4ff ffc7 | 8424 5002 | 0000 0100 | 0000 e998 
  0x000001eab80f75ac: b0ff ffc7 | 8424 7802 | 0000 0000 | 0000 c784 | 2454 0200 | 0001 0000 | 00e9 86c4 | ffff c784 
  0x000001eab80f75cc: 2450 0200 | 0001 0000 | 00e9 6db0 | ffff c784 | 2478 0200 | 0000 0000 | 00c7 8424 | 5402 0000 
  0x000001eab80f75ec: 0100 0000 | e95b c4ff | ffc7 8424 | 5002 0000 | 0100 0000 | e942 b0ff | ffc7 8424 | 7802 0000 
  0x000001eab80f760c: ;   {no_reloc}
  0x000001eab80f760c: 0000 0000 | c784 2454 | 0200 0001 | 0000 00e9 | 30c4 ffff | c784 2450 | 0200 0001 | 0000 00e9 
  0x000001eab80f762c: 17b0 ffff | c784 2478 | 0200 0000 | 0000 00c7 | 8424 5402 | 0000 0100 | 0000 e905 | c4ff ffc7 
  0x000001eab80f764c: 8424 5002 | 0000 0100 | 0000 e9ec | afff ffc7 | 8424 7802 | 0000 0000 | 0000 c784 | 2454 0200 
  0x000001eab80f766c: 0001 0000 | 00e9 dac3 | ffff c784 | 2450 0200 | 0001 0000 | 00e9 c1af | ffff c784 | 2478 0200 
  0x000001eab80f768c: 0000 0000 | 00c7 8424 | 5402 0000 | 0100 0000 | e9af c3ff | ffc7 8424 | 5002 0000 | 0100 0000 
  0x000001eab80f76ac: e996 afff | ffc7 8424 | 7802 0000 | 0000 0000 | c784 2454 | 0200 0001 | 0000 00e9 | 84c3 ffff 
  0x000001eab80f76cc: c784 2450 | 0200 0001 | 0000 00e9 | 6baf ffff | c784 2478 | 0200 0000 | 0000 00c7 | 8424 5402 
  0x000001eab80f76ec: 0000 0100 | 0000 e959 | c3ff ffc7 | 8424 5002 | 0000 0100 | 0000 e940 | afff ffc7 | 8424 7802 
  0x000001eab80f770c: ;   {no_reloc}
  0x000001eab80f770c: 0000 0000 | 0000 c784 | 2454 0200 | 0001 0000 | 00e9 2ec3 | ffff c784 | 2450 0200 | 0001 0000 
  0x000001eab80f772c: 00e9 15af | ffff c784 | 2478 0200 | 0000 0000 | 00c7 8424 | 5402 0000 | 0100 0000 | e903 c3ff 
  0x000001eab80f774c: ffc7 8424 | 5002 0000 | 0100 0000 | e9ea aeff | ffc7 8424 | 7802 0000 | 0000 0000 | c784 2454 
  0x000001eab80f776c: 0200 0001 | 0000 00e9 | d8c2 ffff | c784 2450 | 0200 0001 | 0000 00e9 | bfae ffff | c784 2478 
  0x000001eab80f778c: 0200 0000 | 0000 00c7 | 8424 5402 | 0000 0100 | 0000 e9ad | c2ff ffc7 | 8424 5002 | 0000 0100 
  0x000001eab80f77ac: 0000 e994 | aeff ffc7 | 8424 7802 | 0000 0000 | 0000 c784 | 2454 0200 | 0001 0000 | 00e9 82c2 
  0x000001eab80f77cc: ffff c784 | 2450 0200 | 0001 0000 | 00e9 69ae | ffff c784 | 2478 0200 | 0000 0000 | 00c7 8424 
  0x000001eab80f77ec: 5402 0000 | 0100 0000 | e957 c2ff | ffc7 8424 | 5002 0000 | 0100 0000 | e93e aeff 

  0x000001eab80f7808: ;   {no_reloc}
  0x000001eab80f7808: ffc7 8424 | 7802 0000 | 0000 0000 | c784 2454 | 0200 0001 | 0000 00e9 | 2cc2 ffff | c784 2450 
  0x000001eab80f7828: 0200 0001 | 0000 00e9 | 13ae ffff | c784 2478 | 0200 0000 | 0000 00c7 | 8424 5402 | 0000 0100 
  0x000001eab80f7848: 0000 e901 | c2ff ffc7 | 8424 5002 | 0000 0100 | 0000 e9e8 | adff ffc7 | 8424 7802 | 0000 0000 
  0x000001eab80f7868: 0000 c784 | 2454 0200 | 0001 0000 | 00e9 d6c1 | ffff c784 | 2450 0200 | 0001 0000 | 00e9 bdad 
  0x000001eab80f7888: ffff c784 | 2478 0200 | 0000 0000 | 00c7 8424 | 5402 0000 | 0100 0000 | e9ab c1ff | ffc7 8424 
  0x000001eab80f78a8: 5002 0000 | 0000 0000 | e992 adff | ffc7 8424 | 7802 0000 | 0000 0000 | c784 2454 | 0200 0000 
  0x000001eab80f78c8: 0000 00e9 | 80c1 ffff | c784 2450 | 0200 0000 | 0000 00e9 | 67ad ffff | c784 2478 | 0200 0000 
  0x000001eab80f78e8: 0000 00c7 | 8424 5402 | 0000 0000 | 0000 e955 | c1ff ffc7 | 8424 5002 | 0000 0100 | 0000 e93c 
  0x000001eab80f7908: ;   {no_reloc}
  0x000001eab80f7908: adff ffc7 | 8424 7802 | 0000 0000 | 0000 c784 | 2454 0200 | 0001 0000 | 00e9 2ac1 | ffff c784 
  0x000001eab80f7928: 2478 0200 | 0001 0000 | 0044 8b94 | 2450 0200 | 0044 8994 | 2454 0200 | 00e9 0ac1 | ffff c784 
  0x000001eab80f7948: 2478 0200 | 0001 0000 | 0044 8b94 | 2450 0200 | 0044 8994 | 2454 0200 | 00e9 eac0 | ffff c784 
  0x000001eab80f7968: 2450 0200 | 0000 0000 | 00e9 d1ac | ffff c784 | 2478 0200 | 0000 0000 | 00c7 8424 | 5402 0000 
  0x000001eab80f7988: 0000 0000 | e9bf c0ff | ffc7 8424 | 5002 0000 | 0000 0000 | e9a6 acff | ffc7 8424 | 7802 0000 
  0x000001eab80f79a8: 0000 0000 | c784 2454 | 0200 0000 | 0000 00e9 | 94c0 ffff | c784 2450 | 0200 0000 | 0000 00e9 
  0x000001eab80f79c8: 7bac ffff | c784 2478 | 0200 0000 | 0000 00c7 | 8424 5402 | 0000 0000 | 0000 e969 | c0ff ffc7 
  0x000001eab80f79e8: 8424 5002 | 0000 0100 | 0000 e950 | acff ffc7 | 8424 7802 | 0000 0000 | 0000 c784 | 2454 0200 
  0x000001eab80f7a08: ;   {no_reloc}
  0x000001eab80f7a08: 0001 0000 | 00e9 3ec0 | ffff c784 | 2450 0200 | 0001 0000 | 00e9 25ac | ffff c784 | 2478 0200 
  0x000001eab80f7a28: 0000 0000 | 00c7 8424 | 5402 0000 | 0100 0000 | e913 c0ff | ffc7 8424 | 5002 0000 | 0100 0000 
  0x000001eab80f7a48: e9fa abff | ffc7 8424 | 7802 0000 | 0000 0000 | c784 2454 | 0200 0001 | 0000 00e9 | e8bf ffff 
  0x000001eab80f7a68: c784 2450 | 0200 0001 | 0000 00e9 | cfab ffff | c784 2478 | 0200 0000 | 0000 00c7 | 8424 5402 
  0x000001eab80f7a88: 0000 0100 | 0000 e9bd | bfff ffc7 | 8424 5002 | 0000 0100 | 0000 e9a4 | abff ffc7 | 8424 7802 
  0x000001eab80f7aa8: 0000 0000 | 0000 c784 | 2454 0200 | 0001 0000 | 00e9 92bf | ffff c784 | 2450 0200 | 0001 0000 
  0x000001eab80f7ac8: 00e9 79ab | ffff c784 | 2478 0200 | 0000 0000 | 00c7 8424 | 5402 0000 | 0100 0000 | e967 bfff 
  0x000001eab80f7ae8: ffc7 8424 | 5002 0000 | 0100 0000 | e94e abff | ffc7 8424 | 7802 0000 | 0000 0000 | c784 2454 
  0x000001eab80f7b08: ;   {no_reloc}
  0x000001eab80f7b08: 0200 0001 | 0000 00e9 | 3cbf ffff | c784 2450 | 0200 0001 | 0000 00e9 | 23ab ffff | c784 2478 
  0x000001eab80f7b28: 0200 0000 | 0000 00c7 | 8424 5402 | 0000 0100 | 0000 e911 | bfff ffc7 | 8424 5002 | 0000 0100 
  0x000001eab80f7b48: 0000 e9f8 | aaff ffc7 | 8424 7802 | 0000 0000 | 0000 c784 | 2454 0200 | 0001 0000 | 00e9 e6be 
  0x000001eab80f7b68: ffff c784 | 2450 0200 | 0001 0000 | 00e9 cdaa | ffff c784 | 2478 0200 | 0000 0000 | 00c7 8424 
  0x000001eab80f7b88: 5402 0000 | 0100 0000 | e9bb beff | ffc7 8424 | 5002 0000 | 0100 0000 | e9a2 aaff | ffc7 8424 
  0x000001eab80f7ba8: 7802 0000 | 0000 0000 | c784 2454 | 0200 0001 | 0000 00e9 | 90be ffff | c784 2450 | 0200 0001 
  0x000001eab80f7bc8: 0000 00e9 | 77aa ffff | c784 2478 | 0200 0000 | 0000 00c7 | 8424 5402 | 0000 0100 | 0000 e965 
  0x000001eab80f7be8: beff ffc7 | 8424 5002 | 0000 0100 | 0000 e94c | aaff ffc7 | 8424 7802 | 0000 0000 

  0x000001eab80f7c04: ;   {no_reloc}
  0x000001eab80f7c04: 0000 c784 | 2454 0200 | 0001 0000 | 00e9 3abe | ffff c784 | 2450 0200 | 0001 0000 | 00e9 21aa 
  0x000001eab80f7c24: ffff c784 | 2478 0200 | 0000 0000 | 00c7 8424 | 5402 0000 | 0100 0000 | e90f beff | ffc7 8424 
  0x000001eab80f7c44: 5002 0000 | 0100 0000 | e9f6 a9ff | ffc7 8424 | 7802 0000 | 0000 0000 | c784 2454 | 0200 0001 
  0x000001eab80f7c64: 0000 00e9 | e4bd ffff | c784 2450 | 0200 0001 | 0000 00e9 | cba9 ffff | c784 2478 | 0200 0000 
  0x000001eab80f7c84: 0000 00c7 | 8424 5402 | 0000 0100 | 0000 e9b9 | bdff ffc7 | 8424 5002 | 0000 0100 | 0000 e9a0 
  0x000001eab80f7ca4: a9ff ffc7 | 8424 7802 | 0000 0000 | 0000 c784 | 2454 0200 | 0001 0000 | 00e9 8ebd | ffff c784 
  0x000001eab80f7cc4: 2450 0200 | 0001 0000 | 00e9 75a9 | ffff c784 | 2478 0200 | 0000 0000 | 00c7 8424 | 5402 0000 
  0x000001eab80f7ce4: 0100 0000 | e963 bdff | ffc7 8424 | 5002 0000 | 0100 0000 | e94a a9ff | ffc7 8424 | 7802 0000 
  0x000001eab80f7d04: ;   {no_reloc}
  0x000001eab80f7d04: 0000 0000 | c784 2454 | 0200 0001 | 0000 00e9 | 38bd ffff | c784 2450 | 0200 0001 | 0000 00e9 
  0x000001eab80f7d24: 1fa9 ffff | c784 2478 | 0200 0000 | 0000 00c7 | 8424 5402 | 0000 0100 | 0000 e90d | bdff ffc7 
  0x000001eab80f7d44: 8424 5002 | 0000 0100 | 0000 e9f4 | a8ff ffc7 | 8424 7802 | 0000 0000 | 0000 c784 | 2454 0200 
  0x000001eab80f7d64: 0001 0000 | 00e9 e2bc | ffff c784 | 2450 0200 | 0001 0000 | 00e9 c9a8 | ffff c784 | 2478 0200 
  0x000001eab80f7d84: 0000 0000 | 00c7 8424 | 5402 0000 | 0100 0000 | e9b7 bcff | ffc7 8424 | 5002 0000 | 0100 0000 
  0x000001eab80f7da4: e99e a8ff | ffc7 8424 | 7802 0000 | 0000 0000 | c784 2454 | 0200 0001 | 0000 00e9 | 8cbc ffff 
  0x000001eab80f7dc4: c784 2450 | 0200 0001 | 0000 00e9 | 73a8 ffff | c784 2478 | 0200 0000 | 0000 00c7 | 8424 5402 
  0x000001eab80f7de4: 0000 0100 | 0000 e961 | bcff ffc7 | 8424 5002 | 0000 0100 | 0000 e948 | a8ff ffc7 | 8424 7802 
  0x000001eab80f7e04: ;   {no_reloc}
  0x000001eab80f7e04: 0000 0000 | 0000 c784 | 2454 0200 | 0001 0000 | 00e9 36bc | ffff c784 | 2450 0200 | 0001 0000 
  0x000001eab80f7e24: 00e9 1da8 | ffff c784 | 2478 0200 | 0000 0000 | 00c7 8424 | 5402 0000 | 0100 0000 | e90b bcff 
  0x000001eab80f7e44: ffc7 8424 | 5002 0000 | 0100 0000 | e9f2 a7ff | ffc7 8424 | 7802 0000 | 0000 0000 | c784 2454 
  0x000001eab80f7e64: 0200 0001 | 0000 00e9 | e0bb ffff | c784 2450 | 0200 0001 | 0000 00e9 | c7a7 ffff | c784 2478 
  0x000001eab80f7e84: 0200 0000 | 0000 00c7 | 8424 5402 | 0000 0100 | 0000 e9b5 | bbff ffc7 | 8424 5002 | 0000 0100 
  0x000001eab80f7ea4: 0000 e99c | a7ff ffc7 | 8424 7802 | 0000 0000 | 0000 c784 | 2454 0200 | 0001 0000 | 00e9 8abb 
  0x000001eab80f7ec4: ffff c784 | 2450 0200 | 0001 0000 | 00e9 71a7 | ffff c784 | 2478 0200 | 0000 0000 | 00c7 8424 
  0x000001eab80f7ee4: 5402 0000 | 0100 0000 | e95f bbff | ffc7 8424 | 5002 0000 | 0100 0000 | e946 a7ff | ffc7 8424 
  0x000001eab80f7f04: ;   {no_reloc}
  0x000001eab80f7f04: 7802 0000 | 0000 0000 | c784 2454 | 0200 0001 | 0000 00e9 | 34bb ffff | c784 2450 | 0200 0001 
  0x000001eab80f7f24: 0000 00e9 | 1ba7 ffff | c784 2478 | 0200 0000 | 0000 00c7 | 8424 5402 | 0000 0100 | 0000 e909 
  0x000001eab80f7f44: bbff ffc7 | 8424 5002 | 0000 0100 | 0000 e9f0 | a6ff ffc7 | 8424 7802 | 0000 0000 | 0000 c784 
  0x000001eab80f7f64: 2454 0200 | 0001 0000 | 00e9 deba | ffff c784 | 2450 0200 | 0001 0000 | 00e9 c5a6 | ffff c784 
  0x000001eab80f7f84: 2478 0200 | 0000 0000 | 00c7 8424 | 5402 0000 | 0100 0000 | e9b3 baff | ffc7 8424 | 5002 0000 
  0x000001eab80f7fa4: 0100 0000 | e99a a6ff | ffc7 8424 | 7802 0000 | 0000 0000 | c784 2454 | 0200 0001 | 0000 00e9 
  0x000001eab80f7fc4: 88ba ffff | c784 2450 | 0200 0001 | 0000 00e9 | 6fa6 ffff | c784 2478 | 0200 0000 | 0000 00c7 
  0x000001eab80f7fe4: 8424 5402 | 0000 0100 | 0000 e95d | baff ffc7 | 8424 5002 | 0000 0100 | 0000 e944 

  0x000001eab80f8000: ;   {no_reloc}
  0x000001eab80f8000: a6ff ffc7 | 8424 7802 | 0000 0000 | 0000 c784 | 2454 0200 | 0001 0000 | 00e9 32ba | ffff c784 
  0x000001eab80f8020: 2450 0200 | 0001 0000 | 00e9 19a6 | ffff c784 | 2478 0200 | 0000 0000 | 00c7 8424 | 5402 0000 
  0x000001eab80f8040: 0100 0000 | e907 baff | ffc7 8424 | 5002 0000 | 0100 0000 | e9ee a5ff | ffc7 8424 | 7802 0000 
  0x000001eab80f8060: 0000 0000 | c784 2454 | 0200 0001 | 0000 00e9 | dcb9 ffff | c784 2450 | 0200 0001 | 0000 00e9 
  0x000001eab80f8080: c3a5 ffff | c784 2478 | 0200 0000 | 0000 00c7 | 8424 5402 | 0000 0100 | 0000 e9b1 | b9ff ffc7 
  0x000001eab80f80a0: 8424 5002 | 0000 0100 | 0000 e998 | a5ff ffc7 | 8424 7802 | 0000 0000 | 0000 c784 | 2454 0200 
  0x000001eab80f80c0: 0001 0000 | 00e9 86b9 | ffff c784 | 2450 0200 | 0001 0000 | 00e9 6da5 | ffff c784 | 2478 0200 
  0x000001eab80f80e0: 0000 0000 | 00c7 8424 | 5402 0000 | 0100 0000 | e95b b9ff | ffc7 8424 | 5002 0000 | 0100 0000 
  0x000001eab80f8100: ;   {no_reloc}
  0x000001eab80f8100: e942 a5ff | ffc7 8424 | 7802 0000 | 0000 0000 | c784 2454 | 0200 0001 | 0000 00e9 | 30b9 ffff 
  0x000001eab80f8120: c784 2450 | 0200 0001 | 0000 00e9 | 17a5 ffff | c784 2478 | 0200 0000 | 0000 00c7 | 8424 5402 
  0x000001eab80f8140: 0000 0100 | 0000 e905 | b9ff ffc7 | 8424 5002 | 0000 0100 | 0000 e9ec | a4ff ffc7 | 8424 7802 
  0x000001eab80f8160: 0000 0000 | 0000 c784 | 2454 0200 | 0001 0000 | 00e9 dab8 | ffff c784 | 2450 0200 | 0001 0000 
  0x000001eab80f8180: 00e9 c1a4 | ffff c784 | 2478 0200 | 0000 0000 | 00c7 8424 | 5402 0000 | 0100 0000 | e9af b8ff 
  0x000001eab80f81a0: ffc7 8424 | 5002 0000 | 0000 0000 | e996 a4ff | ffc7 8424 | 7802 0000 | 0000 0000 | c784 2454 
  0x000001eab80f81c0: 0200 0000 | 0000 00e9 | 84b8 ffff | c784 2450 | 0200 0000 | 0000 00e9 | 6ba4 ffff | c784 2478 
  0x000001eab80f81e0: 0200 0000 | 0000 00c7 | 8424 5402 | 0000 0000 | 0000 e959 | b8ff ffc7 | 8424 7802 | 0000 0100 
  0x000001eab80f8200: ;   {no_reloc}
  0x000001eab80f8200: 0000 448b | 9424 5002 | 0000 4489 | 9424 5402 | 0000 e939 | b8ff ffc7 | 8424 7802 | 0000 0100 
  0x000001eab80f8220: 0000 448b | 9424 5002 | 0000 4489 | 9424 5402 | 0000 e919 | b8ff ff49 | 8b87 f804 | 0000 49c7 
  0x000001eab80f8240: 87f8 0400 | 0000 0000 | 0049 c787 | 0005 0000 | 0000 0000 | 4881 c400 | 0300 005d 

  0x000001eab80f825c: ;   {runtime_call unwind_exception Runtime1 stub}
  0x000001eab80f825c: e91f b2dd | 06f4 f4f4 | f4f4 f4f4 
[Stub Code]
  0x000001eab80f8268: ;   {no_reloc}
  0x000001eab80f8268: 0f1f 4400 

  0x000001eab80f826c: ;   {static_stub}
  0x000001eab80f826c: 0048 bb00 | 0000 0000 

  0x000001eab80f8274: ;   {runtime_call}
  0x000001eab80f8274: 0000 00e9 | fbff ffff 

  0x000001eab80f827c: ;   {static_stub}
  0x000001eab80f827c: 9048 bb00 | 0000 0000 

  0x000001eab80f8284: ;   {runtime_call}
  0x000001eab80f8284: 0000 00e9 | fbff ffff 

  0x000001eab80f828c: ;   {static_stub}
  0x000001eab80f828c: 9048 bb00 | 0000 0000 

  0x000001eab80f8294: ;   {runtime_call}
  0x000001eab80f8294: 0000 00e9 | fbff ffff 

  0x000001eab80f829c: ;   {static_stub}
  0x000001eab80f829c: 9048 bb00 | 0000 0000 

  0x000001eab80f82a4: ;   {runtime_call}
  0x000001eab80f82a4: 0000 00e9 | fbff ffff 

  0x000001eab80f82ac: ;   {static_stub}
  0x000001eab80f82ac: 9048 bb00 | 0000 0000 

  0x000001eab80f82b4: ;   {runtime_call}
  0x000001eab80f82b4: 0000 00e9 | fbff ffff 

  0x000001eab80f82bc: ;   {static_stub}
  0x000001eab80f82bc: 9048 bb00 | 0000 0000 

  0x000001eab80f82c4: ;   {runtime_call}
  0x000001eab80f82c4: 0000 00e9 | fbff ffff 

  0x000001eab80f82cc: ;   {static_stub}
  0x000001eab80f82cc: 9048 bb00 | 0000 0000 

  0x000001eab80f82d4: ;   {runtime_call}
  0x000001eab80f82d4: 0000 00e9 | fbff ffff 

  0x000001eab80f82dc: ;   {static_stub}
  0x000001eab80f82dc: 9048 bb00 | 0000 0000 

  0x000001eab80f82e4: ;   {runtime_call}
  0x000001eab80f82e4: 0000 00e9 | fbff ffff 

  0x000001eab80f82ec: ;   {static_stub}
  0x000001eab80f82ec: 9048 bb00 | 0000 0000 

  0x000001eab80f82f4: ;   {runtime_call}
  0x000001eab80f82f4: 0000 00e9 | fbff ffff 

  0x000001eab80f82fc: ;   {static_stub}
  0x000001eab80f82fc: 9048 bb00 | 0000 0000 

  0x000001eab80f8304: ;   {runtime_call}
  0x000001eab80f8304: 0000 00e9 | fbff ffff 

  0x000001eab80f830c: ;   {static_stub}
  0x000001eab80f830c: 9048 bb00 | 0000 0000 

  0x000001eab80f8314: ;   {runtime_call}
  0x000001eab80f8314: 0000 00e9 | fbff ffff 

  0x000001eab80f831c: ;   {static_stub}
  0x000001eab80f831c: 9048 bb00 | 0000 0000 

  0x000001eab80f8324: ;   {runtime_call}
  0x000001eab80f8324: 0000 00e9 | fbff ffff 

  0x000001eab80f832c: ;   {static_stub}
  0x000001eab80f832c: 9048 bb00 | 0000 0000 

  0x000001eab80f8334: ;   {runtime_call}
  0x000001eab80f8334: 0000 00e9 | fbff ffff 

  0x000001eab80f833c: ;   {static_stub}
  0x000001eab80f833c: 9048 bb70 | e4d5 11eb 

  0x000001eab80f8344: ;   {runtime_call I2C/C2I adapters}
  0x000001eab80f8344: 0100 00e9 | 9bbe d106 

  0x000001eab80f834c: ;   {static_stub}
  0x000001eab80f834c: 9048 bb00 | 0000 0000 

  0x000001eab80f8354: ;   {runtime_call}
  0x000001eab80f8354: 0000 00e9 | fbff ffff 

  0x000001eab80f835c: ;   {static_stub}
  0x000001eab80f835c: 9048 bb00 | 0000 0000 

  0x000001eab80f8364: ;   {runtime_call}
  0x000001eab80f8364: 0000 00e9 | fbff ffff 

  0x000001eab80f836c: ;   {static_stub}
  0x000001eab80f836c: 9048 bb70 | f656 11eb 

  0x000001eab80f8374: ;   {runtime_call I2C/C2I adapters}
  0x000001eab80f8374: 0100 00e9 | 714f fd06 

  0x000001eab80f837c: ;   {static_stub}
  0x000001eab80f837c: 9048 bb00 | 0000 0000 

  0x000001eab80f8384: ;   {runtime_call}
  0x000001eab80f8384: 0000 00e9 | fbff ffff 

  0x000001eab80f838c: ;   {static_stub}
  0x000001eab80f838c: 9048 bb00 | ddd5 11eb 

  0x000001eab80f8394: ;   {runtime_call I2C/C2I adapters}
  0x000001eab80f8394: 0100 00e9 | 4bbe d106 

  0x000001eab80f839c: ;   {static_stub}
  0x000001eab80f839c: 9048 bb00 | 0000 0000 

  0x000001eab80f83a4: ;   {runtime_call}
  0x000001eab80f83a4: 0000 00e9 | fbff ffff 

  0x000001eab80f83ac: ;   {static_stub}
  0x000001eab80f83ac: 9048 bb00 | 0000 0000 

  0x000001eab80f83b4: ;   {runtime_call}
  0x000001eab80f83b4: 0000 00e9 | fbff ffff 

  0x000001eab80f83bc: ;   {static_stub}
  0x000001eab80f83bc: 9048 bb00 | 0000 0000 

  0x000001eab80f83c4: ;   {runtime_call}
  0x000001eab80f83c4: 0000 00e9 | fbff ffff 

  0x000001eab80f83cc: ;   {static_stub}
  0x000001eab80f83cc: 9048 bb00 | 0000 0000 

  0x000001eab80f83d4: ;   {runtime_call}
  0x000001eab80f83d4: 0000 00e9 | fbff ffff 

  0x000001eab80f83dc: ;   {static_stub}
  0x000001eab80f83dc: 9048 bb00 | 0000 0000 

  0x000001eab80f83e4: ;   {runtime_call}
  0x000001eab80f83e4: 0000 00e9 | fbff ffff 

  0x000001eab80f83ec: ;   {static_stub}
  0x000001eab80f83ec: 9048 bb00 | 0000 0000 

  0x000001eab80f83f4: ;   {runtime_call}
  0x000001eab80f83f4: 0000 00e9 | fbff ffff 

  0x000001eab80f83fc: ;   {static_stub}
  0x000001eab80f83fc: 9048 bbf0 | ddd5 11eb 

  0x000001eab80f8404: ;   {runtime_call I2C/C2I adapters}
  0x000001eab80f8404: 0100 00e9 | 57b0 d106 

  0x000001eab80f840c: ;   {static_stub}
  0x000001eab80f840c: 9048 bb00 | 0000 0000 

  0x000001eab80f8414: ;   {runtime_call}
  0x000001eab80f8414: 0000 00e9 | fbff ffff 

  0x000001eab80f841c: ;   {static_stub}
  0x000001eab80f841c: 9048 bb00 | 0000 0000 

  0x000001eab80f8424: ;   {runtime_call}
  0x000001eab80f8424: 0000 00e9 | fbff ffff 

  0x000001eab80f842c: ;   {static_stub}
  0x000001eab80f842c: 9048 bb00 | 0000 0000 

  0x000001eab80f8434: ;   {runtime_call}
  0x000001eab80f8434: 0000 00e9 | fbff ffff 

  0x000001eab80f843c: ;   {static_stub}
  0x000001eab80f843c: 9048 bb00 | 0000 0000 

  0x000001eab80f8444: ;   {runtime_call}
  0x000001eab80f8444: 0000 00e9 | fbff ffff 

  0x000001eab80f844c: ;   {static_stub}
  0x000001eab80f844c: 9048 bb00 | 0000 0000 

  0x000001eab80f8454: ;   {runtime_call}
  0x000001eab80f8454: 0000 00e9 | fbff ffff 

  0x000001eab80f845c: ;   {static_stub}
  0x000001eab80f845c: 9048 bb00 | 0000 0000 

  0x000001eab80f8464: ;   {runtime_call}
  0x000001eab80f8464: 0000 00e9 | fbff ffff 

  0x000001eab80f846c: ;   {static_stub}
  0x000001eab80f846c: 9048 bb00 | 0000 0000 

  0x000001eab80f8474: ;   {runtime_call}
  0x000001eab80f8474: 0000 00e9 | fbff ffff 

  0x000001eab80f847c: ;   {static_stub}
  0x000001eab80f847c: 9048 bb00 | 0000 0000 

  0x000001eab80f8484: ;   {runtime_call}
  0x000001eab80f8484: 0000 00e9 | fbff ffff 

  0x000001eab80f848c: ;   {static_stub}
  0x000001eab80f848c: 9048 bb00 | 0000 0000 

  0x000001eab80f8494: ;   {runtime_call}
  0x000001eab80f8494: 0000 00e9 | fbff ffff 

  0x000001eab80f849c: ;   {static_stub}
  0x000001eab80f849c: 9048 bb00 | 0000 0000 

  0x000001eab80f84a4: ;   {runtime_call}
  0x000001eab80f84a4: 0000 00e9 | fbff ffff 

  0x000001eab80f84ac: ;   {static_stub}
  0x000001eab80f84ac: 9048 bb00 | 0000 0000 

  0x000001eab80f84b4: ;   {runtime_call}
  0x000001eab80f84b4: 0000 00e9 | fbff ffff 

  0x000001eab80f84bc: ;   {static_stub}
  0x000001eab80f84bc: 9048 bb00 | 0000 0000 

  0x000001eab80f84c4: ;   {runtime_call}
  0x000001eab80f84c4: 0000 00e9 | fbff ffff 

  0x000001eab80f84cc: ;   {static_stub}
  0x000001eab80f84cc: 9048 bb00 | 0000 0000 

  0x000001eab80f84d4: ;   {runtime_call}
  0x000001eab80f84d4: 0000 00e9 | fbff ffff 

  0x000001eab80f84dc: ;   {static_stub}
  0x000001eab80f84dc: 9048 bb00 | 0000 0000 

  0x000001eab80f84e4: ;   {runtime_call}
  0x000001eab80f84e4: 0000 00e9 | fbff ffff 

  0x000001eab80f84ec: ;   {static_stub}
  0x000001eab80f84ec: 9048 bb00 | 0000 0000 

  0x000001eab80f84f4: ;   {runtime_call}
  0x000001eab80f84f4: 0000 00e9 | fbff ffff 

  0x000001eab80f84fc: ;   {static_stub}
  0x000001eab80f84fc: 9048 bb00 | 0000 0000 

  0x000001eab80f8504: ;   {runtime_call}
  0x000001eab80f8504: 0000 00e9 | fbff ffff 

  0x000001eab80f850c: ;   {static_stub}
  0x000001eab80f850c: 9048 bb00 | 0000 0000 

  0x000001eab80f8514: ;   {runtime_call}
  0x000001eab80f8514: 0000 00e9 | fbff ffff 

  0x000001eab80f851c: ;   {static_stub}
  0x000001eab80f851c: 9048 bb00 | 0000 0000 

  0x000001eab80f8524: ;   {runtime_call}
  0x000001eab80f8524: 0000 00e9 | fbff ffff 

  0x000001eab80f852c: ;   {static_stub}
  0x000001eab80f852c: 9048 bb00 | 0000 0000 

  0x000001eab80f8534: ;   {runtime_call}
  0x000001eab80f8534: 0000 00e9 | fbff ffff 

  0x000001eab80f853c: ;   {static_stub}
  0x000001eab80f853c: 9048 bb00 | 0000 0000 

  0x000001eab80f8544: ;   {runtime_call}
  0x000001eab80f8544: 0000 00e9 | fbff ffff 

  0x000001eab80f854c: ;   {static_stub}
  0x000001eab80f854c: 9048 bb00 | 0000 0000 

  0x000001eab80f8554: ;   {runtime_call}
  0x000001eab80f8554: 0000 00e9 | fbff ffff 

  0x000001eab80f855c: ;   {static_stub}
  0x000001eab80f855c: 9048 bb00 | 0000 0000 

  0x000001eab80f8564: ;   {runtime_call}
  0x000001eab80f8564: 0000 00e9 | fbff ffff 

  0x000001eab80f856c: ;   {static_stub}
  0x000001eab80f856c: 9048 bb00 | 0000 0000 

  0x000001eab80f8574: ;   {runtime_call}
  0x000001eab80f8574: 0000 00e9 | fbff ffff 

  0x000001eab80f857c: ;   {static_stub}
  0x000001eab80f857c: 9048 bb00 | 0000 0000 

  0x000001eab80f8584: ;   {runtime_call}
  0x000001eab80f8584: 0000 00e9 | fbff ffff 

  0x000001eab80f858c: ;   {static_stub}
  0x000001eab80f858c: 9048 bb00 | 0000 0000 

  0x000001eab80f8594: ;   {runtime_call}
  0x000001eab80f8594: 0000 00e9 | fbff ffff 

  0x000001eab80f859c: ;   {static_stub}
  0x000001eab80f859c: 9048 bb00 | 0000 0000 

  0x000001eab80f85a4: ;   {runtime_call}
  0x000001eab80f85a4: 0000 00e9 | fbff ffff 

  0x000001eab80f85ac: ;   {static_stub}
  0x000001eab80f85ac: 9048 bb00 | 0000 0000 

  0x000001eab80f85b4: ;   {runtime_call}
  0x000001eab80f85b4: 0000 00e9 | fbff ffff 

  0x000001eab80f85bc: ;   {static_stub}
  0x000001eab80f85bc: 48bb 0000 | 0000 0000 

  0x000001eab80f85c4: ;   {runtime_call}
  0x000001eab80f85c4: 0000 e9fb 

  0x000001eab80f85c8: ;   {static_stub}
  0x000001eab80f85c8: ffff ff48 | bb00 0000 | 0000 0000 

  0x000001eab80f85d4: ;   {runtime_call}
  0x000001eab80f85d4: 00e9 fbff 

  0x000001eab80f85d8: ;   {static_stub}
  0x000001eab80f85d8: ffff 48bb | 0000 0000 | 0000 0000 

  0x000001eab80f85e4: ;   {runtime_call}
  0x000001eab80f85e4: e9fb ffff 

  0x000001eab80f85e8: ;   {static_stub}
  0x000001eab80f85e8: ff48 bb00 | 0000 0000 

  0x000001eab80f85f0: ;   {runtime_call}
  0x000001eab80f85f0: 0000 00e9 | fbff ffff 

  0x000001eab80f85f8: ;   {static_stub}
  0x000001eab80f85f8: 48bb 0000 | 0000 0000 

  0x000001eab80f8600: ;   {runtime_call}
  0x000001eab80f8600: 0000 e9fb 

  0x000001eab80f8604: ;   {static_stub}
  0x000001eab80f8604: ffff ff48 | bb00 0000 | 0000 0000 

  0x000001eab80f8610: ;   {runtime_call}
  0x000001eab80f8610: 00e9 fbff 

  0x000001eab80f8614: ;   {static_stub}
  0x000001eab80f8614: ffff 48bb | 0000 0000 | 0000 0000 

  0x000001eab80f8620: ;   {runtime_call}
  0x000001eab80f8620: e9fb ffff 

  0x000001eab80f8624: ;   {static_stub}
  0x000001eab80f8624: ff48 bb00 | 0000 0000 

  0x000001eab80f862c: ;   {runtime_call}
  0x000001eab80f862c: 0000 00e9 | fbff ffff 

  0x000001eab80f8634: ;   {static_stub}
  0x000001eab80f8634: 48bb 0000 | 0000 0000 

  0x000001eab80f863c: ;   {runtime_call}
  0x000001eab80f863c: 0000 e9fb 

  0x000001eab80f8640: ;   {static_stub}
  0x000001eab80f8640: ffff ff48 | bb00 0000 | 0000 0000 

  0x000001eab80f864c: ;   {runtime_call}
  0x000001eab80f864c: 00e9 fbff 

  0x000001eab80f8650: ;   {static_stub}
  0x000001eab80f8650: ffff 48bb | 0000 0000 | 0000 0000 

  0x000001eab80f865c: ;   {runtime_call}
  0x000001eab80f865c: e9fb ffff 

  0x000001eab80f8660: ;   {static_stub}
  0x000001eab80f8660: ff48 bb00 | 0000 0000 

  0x000001eab80f8668: ;   {runtime_call}
  0x000001eab80f8668: 0000 00e9 | fbff ffff 

  0x000001eab80f8670: ;   {static_stub}
  0x000001eab80f8670: 48bb 0000 | 0000 0000 

  0x000001eab80f8678: ;   {runtime_call}
  0x000001eab80f8678: 0000 e9fb 

  0x000001eab80f867c: ;   {static_stub}
  0x000001eab80f867c: ffff ff48 | bb00 0000 | 0000 0000 

  0x000001eab80f8688: ;   {runtime_call}
  0x000001eab80f8688: 00e9 fbff 

  0x000001eab80f868c: ;   {static_stub}
  0x000001eab80f868c: ffff 48bb | 0000 0000 | 0000 0000 

  0x000001eab80f8698: ;   {runtime_call}
  0x000001eab80f8698: e9fb ffff 

  0x000001eab80f869c: ;   {static_stub}
  0x000001eab80f869c: ff48 bb00 | 0000 0000 

  0x000001eab80f86a4: ;   {runtime_call}
  0x000001eab80f86a4: 0000 00e9 | fbff ffff 
[Exception Handler]
  0x000001eab80f86ac: ;   {runtime_call handle_exception_from_callee Runtime1 stub}
  0x000001eab80f86ac: e84f dfdd 

  0x000001eab80f86b0: ;   {external_word}
  0x000001eab80f86b0: 0648 b9a0 | 362a 16f9 | 7f00 0048 

  0x000001eab80f86bc: ;   {runtime_call}
  0x000001eab80f86bc: 83e4 f048 | b850 24f2 | 15f9 7f00 | 00ff d0f4 
[Deopt Handler Code]
  0x000001eab80f86cc: ;   {section_word}
  0x000001eab80f86cc: 49ba cc86 | 0fb8 ea01 | 0000 4152 

  0x000001eab80f86d8: ;   {runtime_call DeoptimizationBlob}
  0x000001eab80f86d8: e9c3 c2d1 | 06f4 f4f4 
[/MachCode]


---------------  P R O C E S S  ---------------

Threads class SMR info:
_java_thread_list=0x000001eb1f25bc80, length=19, elements={
0x000001eaad121490, 0x000001eacf3694f0, 0x000001eacf36a040, 0x000001eacf36aef0,
0x000001eacf36bc70, 0x000001eacf36e7d0, 0x000001eacf36f350, 0x000001eacf37d240,
0x000001eacf37e030, 0x000001eacf33b630, 0x000001eb157f7640, 0x000001eacfab7710,
0x000001eb157c8d70, 0x000001eb163556a0, 0x000001eb16467d50, 0x000001eb164a38a0,
0x000001eb166b3f70, 0x000001eb166b2bc0, 0x000001eb1f704910
}

Java Threads: ( => current thread )
  0x000001eaad121490 JavaThread "main"                              [_thread_blocked, id=15016, stack(0x00000099bf900000,0x00000099bfa00000) (1024K)]
  0x000001eacf3694f0 JavaThread "Reference Handler"          daemon [_thread_blocked, id=13956, stack(0x00000099c0100000,0x00000099c0200000) (1024K)]
  0x000001eacf36a040 JavaThread "Finalizer"                  daemon [_thread_blocked, id=17960, stack(0x00000099c0200000,0x00000099c0300000) (1024K)]
  0x000001eacf36aef0 JavaThread "Signal Dispatcher"          daemon [_thread_blocked, id=35128, stack(0x00000099c0300000,0x00000099c0400000) (1024K)]
  0x000001eacf36bc70 JavaThread "Attach Listener"            daemon [_thread_blocked, id=17660, stack(0x00000099c0400000,0x00000099c0500000) (1024K)]
  0x000001eacf36e7d0 JavaThread "Service Thread"             daemon [_thread_blocked, id=8600, stack(0x00000099c0500000,0x00000099c0600000) (1024K)]
  0x000001eacf36f350 JavaThread "Monitor Deflation Thread"   daemon [_thread_blocked, id=19804, stack(0x00000099c0600000,0x00000099c0700000) (1024K)]
  0x000001eacf37d240 JavaThread "C2 CompilerThread0"         daemon [_thread_blocked, id=7144, stack(0x00000099c0700000,0x00000099c0800000) (1024K)]
  0x000001eacf37e030 JavaThread "C1 CompilerThread0"         daemon [_thread_blocked, id=26588, stack(0x00000099c0800000,0x00000099c0900000) (1024K)]
  0x000001eacf33b630 JavaThread "Common-Cleaner"             daemon [_thread_blocked, id=27284, stack(0x00000099c0b00000,0x00000099c0c00000) (1024K)]
  0x000001eb157f7640 JavaThread "Monitor Ctrl-Break"         daemon [_thread_in_native, id=30656, stack(0x00000099c1000000,0x00000099c1100000) (1024K)]
  0x000001eacfab7710 JavaThread "Notification Thread"        daemon [_thread_blocked, id=34732, stack(0x00000099c1100000,0x00000099c1200000) (1024K)]
  0x000001eb157c8d70 JavaThread "JavaFX-Launcher"                   [_thread_blocked, id=13196, stack(0x00000099c1200000,0x00000099c1300000) (1024K)]
=>0x000001eb163556a0 JavaThread "QuantumRenderer-0"          daemon [_thread_in_native, id=19768, stack(0x00000099c1300000,0x00000099c1400000) (1024K)]
  0x000001eb16467d50 JavaThread "InvokeLaterDispatcher"      daemon [_thread_blocked, id=35236, stack(0x00000099c1800000,0x00000099c1900000) (1024K)]
  0x000001eb164a38a0 JavaThread "JavaFX Application Thread"         [_thread_blocked, id=22728, stack(0x00000099c1900000,0x00000099c1a00000) (1024K)]
  0x000001eb166b3f70 JavaThread "Thread-2"                   daemon [_thread_in_native, id=12556, stack(0x00000099c2000000,0x00000099c2100000) (1024K)]
  0x000001eb166b2bc0 JavaThread "Prism Font Disposer"        daemon [_thread_blocked, id=17792, stack(0x00000099c2a00000,0x00000099c2b00000) (1024K)]
  0x000001eb1f704910 JavaThread "Cleaner-0"                  daemon [_thread_blocked, id=3788, stack(0x00000099c2b00000,0x00000099c2c00000) (1024K)]
Total: 19

Other Threads:
  0x000001eacf34e850 VMThread "VM Thread"                           [id=15836, stack(0x00000099c0000000,0x00000099c0100000) (1024K)]
  0x000001eacf3396c0 WatcherThread "VM Periodic Task Thread"        [id=14132, stack(0x00000099bff00000,0x00000099c0000000) (1024K)]
  0x000001eaaf54f970 WorkerThread "GC Thread#0"                     [id=24164, stack(0x00000099bfa00000,0x00000099bfb00000) (1024K)]
  0x000001eb15da9ef0 WorkerThread "GC Thread#1"                     [id=35636, stack(0x00000099c1b00000,0x00000099c1c00000) (1024K)]
  0x000001eb15daa290 WorkerThread "GC Thread#2"                     [id=4388, stack(0x00000099c1c00000,0x00000099c1d00000) (1024K)]
  0x000001eb15daa630 WorkerThread "GC Thread#3"                     [id=31024, stack(0x00000099c1d00000,0x00000099c1e00000) (1024K)]
  0x000001eb15e05d60 WorkerThread "GC Thread#4"                     [id=27480, stack(0x00000099c1e00000,0x00000099c1f00000) (1024K)]
  0x000001eb15e16190 WorkerThread "GC Thread#5"                     [id=22336, stack(0x00000099c1f00000,0x00000099c2000000) (1024K)]
  0x000001eb15e17af0 WorkerThread "GC Thread#6"                     [id=23780, stack(0x00000099c2400000,0x00000099c2500000) (1024K)]
  0x000001eb15e168d0 WorkerThread "GC Thread#7"                     [id=19424, stack(0x00000099c2500000,0x00000099c2600000) (1024K)]
  0x000001eb15e16c70 WorkerThread "GC Thread#8"                     [id=22584, stack(0x00000099c2600000,0x00000099c2700000) (1024K)]
  0x000001eb1f10c5e0 WorkerThread "GC Thread#9"                     [id=29264, stack(0x00000099c2700000,0x00000099c2800000) (1024K)]
  0x000001eb1f10c980 WorkerThread "GC Thread#10"                    [id=10364, stack(0x00000099c2800000,0x00000099c2900000) (1024K)]
  0x000001eb1f10edc0 WorkerThread "GC Thread#11"                    [id=1564, stack(0x00000099c2900000,0x00000099c2a00000) (1024K)]
  0x000001eb1f10e2e0 WorkerThread "GC Thread#12"                    [id=33148, stack(0x00000099c3b00000,0x00000099c3c00000) (1024K)]
  0x000001eb1f10e680 WorkerThread "GC Thread#13"                    [id=30712, stack(0x00000099c3c00000,0x00000099c3d00000) (1024K)]
  0x000001eb1f10c240 WorkerThread "GC Thread#14"                    [id=25560, stack(0x00000099c3d00000,0x00000099c3e00000) (1024K)]
  0x000001eaaf560510 ConcurrentGCThread "G1 Main Marker"            [id=29296, stack(0x00000099bfb00000,0x00000099bfc00000) (1024K)]
  0x000001eaaf561010 WorkerThread "G1 Conc#0"                       [id=17664, stack(0x00000099bfc00000,0x00000099bfd00000) (1024K)]
  0x000001eacf20bf70 ConcurrentGCThread "G1 Refine#0"               [id=34688, stack(0x00000099bfd00000,0x00000099bfe00000) (1024K)]
  0x000001eacf20cae0 ConcurrentGCThread "G1 Service"                [id=28652, stack(0x00000099bfe00000,0x00000099bff00000) (1024K)]
Total: 21

Threads with active compile tasks:
Total: 0

VM state: not at safepoint (normal execution)

VM Mutex/Monitor currently owned by a thread: None

Heap address: 0x0000000704400000, size: 4028 MB, Compressed Oops mode: Zero based, Oop shift amount: 3

CDS archive(s) mapped at: [0x000001ead0000000-0x000001ead0c90000-0x000001ead0c90000), size 13172736, SharedBaseAddress: 0x000001ead0000000, ArchiveRelocationMode: 1.
Compressed class space mapped at: 0x000001ead1000000-0x000001eb11000000, reserved size: 1073741824
Narrow klass base: 0x000001ead0000000, Narrow klass shift: 0, Narrow klass range: 0x100000000

GC Precious Log:
 CardTable entry size: 512
 Card Set container configuration: InlinePtr #cards 4 size 8 Array Of Cards #cards 16 size 48 Howl #buckets 8 coarsen threshold 3686 Howl Bitmap #cards 512 size 80 coarsen threshold 460 Card regions per heap region 1 cards per card region 4096
 CPUs: 20 total, 20 available
 Memory: 16110M
 Large Page Support: Disabled
 NUMA Support: Disabled
 Compressed Oops: Enabled (Zero based)
 Heap Region Size: 2M
 Heap Min Capacity: 8M
 Heap Initial Capacity: 252M
 Heap Max Capacity: 4028M
 Pre-touch: Disabled
 Parallel Workers: 15
 Concurrent Workers: 4
 Concurrent Refinement Workers: 15
 Periodic GC: Disabled

Heap:
 garbage-first heap   total 374784K, used 213812K [0x0000000704400000, 0x0000000800000000)
  region size 2048K, 99 young (202752K), 1 survivors (2048K)
 Metaspace       used 18141K, committed 18496K, reserved 1114112K
  class space    used 2397K, committed 2560K, reserved 1048576K

Heap Regions: E=young(eden), S=young(survivor), O=old, HS=humongous(starts), HC=humongous(continues), CS=collection set, F=free, TAMS=top-at-mark-start, PB=parsable bottom
|   0|0x0000000704400000, 0x0000000704600000, 0x0000000704600000|100%| O|  |TAMS 0x0000000704400000| PB 0x0000000704400000| Untracked 
|   1|0x0000000704600000, 0x0000000704800000, 0x0000000704800000|100%|HS|  |TAMS 0x0000000704600000| PB 0x0000000704600000| Complete 
|   2|0x0000000704800000, 0x0000000704a00000, 0x0000000704a00000|100%| O|  |TAMS 0x0000000704800000| PB 0x0000000704800000| Untracked 
|   3|0x0000000704a00000, 0x0000000704c00000, 0x0000000704c00000|100%| O|  |TAMS 0x0000000704a00000| PB 0x0000000704a00000| Untracked 
|   4|0x0000000704c00000, 0x0000000704e00000, 0x0000000704e00000|100%| O|  |TAMS 0x0000000704c00000| PB 0x0000000704c00000| Untracked 
|   5|0x0000000704e00000, 0x0000000705000000, 0x0000000705000000|100%| O|  |TAMS 0x0000000704e00000| PB 0x0000000704e00000| Untracked 
|   6|0x0000000705000000, 0x0000000705200000, 0x0000000705200000|100%| O|  |TAMS 0x0000000705000000| PB 0x0000000705000000| Untracked 
|   7|0x0000000705200000, 0x0000000705279478, 0x0000000705400000| 23%| O|  |TAMS 0x0000000705200000| PB 0x0000000705200000| Untracked 
|   8|0x0000000705400000, 0x0000000705400000, 0x0000000705600000|  0%| F|  |TAMS 0x0000000705400000| PB 0x0000000705400000| Untracked 
|   9|0x0000000705600000, 0x0000000705600000, 0x0000000705800000|  0%| F|  |TAMS 0x0000000705600000| PB 0x0000000705600000| Untracked 
|  10|0x0000000705800000, 0x0000000705800000, 0x0000000705a00000|  0%| F|  |TAMS 0x0000000705800000| PB 0x0000000705800000| Untracked 
|  11|0x0000000705a00000, 0x0000000705a00000, 0x0000000705c00000|  0%| F|  |TAMS 0x0000000705a00000| PB 0x0000000705a00000| Untracked 
|  12|0x0000000705c00000, 0x0000000705c00000, 0x0000000705e00000|  0%| F|  |TAMS 0x0000000705c00000| PB 0x0000000705c00000| Untracked 
|  13|0x0000000705e00000, 0x0000000705e00000, 0x0000000706000000|  0%| F|  |TAMS 0x0000000705e00000| PB 0x0000000705e00000| Untracked 
|  14|0x0000000706000000, 0x0000000706000000, 0x0000000706200000|  0%| F|  |TAMS 0x0000000706000000| PB 0x0000000706000000| Untracked 
|  15|0x0000000706200000, 0x0000000706200000, 0x0000000706400000|  0%| F|  |TAMS 0x0000000706200000| PB 0x0000000706200000| Untracked 
|  16|0x0000000706400000, 0x0000000706400000, 0x0000000706600000|  0%| F|  |TAMS 0x0000000706400000| PB 0x0000000706400000| Untracked 
|  17|0x0000000706600000, 0x0000000706600000, 0x0000000706800000|  0%| F|  |TAMS 0x0000000706600000| PB 0x0000000706600000| Untracked 
|  18|0x0000000706800000, 0x0000000706800000, 0x0000000706a00000|  0%| F|  |TAMS 0x0000000706800000| PB 0x0000000706800000| Untracked 
|  19|0x0000000706a00000, 0x0000000706a00000, 0x0000000706c00000|  0%| F|  |TAMS 0x0000000706a00000| PB 0x0000000706a00000| Untracked 
|  20|0x0000000706c00000, 0x0000000706c00000, 0x0000000706e00000|  0%| F|  |TAMS 0x0000000706c00000| PB 0x0000000706c00000| Untracked 
|  21|0x0000000706e00000, 0x0000000706e00000, 0x0000000707000000|  0%| F|  |TAMS 0x0000000706e00000| PB 0x0000000706e00000| Untracked 
|  22|0x0000000707000000, 0x0000000707000000, 0x0000000707200000|  0%| F|  |TAMS 0x0000000707000000| PB 0x0000000707000000| Untracked 
|  23|0x0000000707200000, 0x0000000707200000, 0x0000000707400000|  0%| F|  |TAMS 0x0000000707200000| PB 0x0000000707200000| Untracked 
|  24|0x0000000707400000, 0x0000000707400000, 0x0000000707600000|  0%| F|  |TAMS 0x0000000707400000| PB 0x0000000707400000| Untracked 
|  25|0x0000000707600000, 0x0000000707600000, 0x0000000707800000|  0%| F|  |TAMS 0x0000000707600000| PB 0x0000000707600000| Untracked 
|  26|0x0000000707800000, 0x0000000707800000, 0x0000000707a00000|  0%| F|  |TAMS 0x0000000707800000| PB 0x0000000707800000| Untracked 
|  27|0x0000000707a00000, 0x0000000707a00000, 0x0000000707c00000|  0%| F|  |TAMS 0x0000000707a00000| PB 0x0000000707a00000| Untracked 
|  28|0x0000000707c00000, 0x0000000707c00000, 0x0000000707e00000|  0%| F|  |TAMS 0x0000000707c00000| PB 0x0000000707c00000| Untracked 
|  29|0x0000000707e00000, 0x0000000707e00000, 0x0000000708000000|  0%| F|  |TAMS 0x0000000707e00000| PB 0x0000000707e00000| Untracked 
|  30|0x0000000708000000, 0x0000000708000000, 0x0000000708200000|  0%| F|  |TAMS 0x0000000708000000| PB 0x0000000708000000| Untracked 
|  31|0x0000000708200000, 0x0000000708200000, 0x0000000708400000|  0%| F|  |TAMS 0x0000000708200000| PB 0x0000000708200000| Untracked 
|  32|0x0000000708400000, 0x0000000708400000, 0x0000000708600000|  0%| F|  |TAMS 0x0000000708400000| PB 0x0000000708400000| Untracked 
|  33|0x0000000708600000, 0x0000000708600000, 0x0000000708800000|  0%| F|  |TAMS 0x0000000708600000| PB 0x0000000708600000| Untracked 
|  34|0x0000000708800000, 0x0000000708800000, 0x0000000708a00000|  0%| F|  |TAMS 0x0000000708800000| PB 0x0000000708800000| Untracked 
|  35|0x0000000708a00000, 0x0000000708a00000, 0x0000000708c00000|  0%| F|  |TAMS 0x0000000708a00000| PB 0x0000000708a00000| Untracked 
|  36|0x0000000708c00000, 0x0000000708c00000, 0x0000000708e00000|  0%| F|  |TAMS 0x0000000708c00000| PB 0x0000000708c00000| Untracked 
|  37|0x0000000708e00000, 0x0000000708e00000, 0x0000000709000000|  0%| F|  |TAMS 0x0000000708e00000| PB 0x0000000708e00000| Untracked 
|  38|0x0000000709000000, 0x0000000709000000, 0x0000000709200000|  0%| F|  |TAMS 0x0000000709000000| PB 0x0000000709000000| Untracked 
|  39|0x0000000709200000, 0x0000000709200000, 0x0000000709400000|  0%| F|  |TAMS 0x0000000709200000| PB 0x0000000709200000| Untracked 
|  40|0x0000000709400000, 0x0000000709400000, 0x0000000709600000|  0%| F|  |TAMS 0x0000000709400000| PB 0x0000000709400000| Untracked 
|  41|0x0000000709600000, 0x0000000709600000, 0x0000000709800000|  0%| F|  |TAMS 0x0000000709600000| PB 0x0000000709600000| Untracked 
|  42|0x0000000709800000, 0x0000000709800000, 0x0000000709a00000|  0%| F|  |TAMS 0x0000000709800000| PB 0x0000000709800000| Untracked 
|  43|0x0000000709a00000, 0x0000000709a00000, 0x0000000709c00000|  0%| F|  |TAMS 0x0000000709a00000| PB 0x0000000709a00000| Untracked 
|  44|0x0000000709c00000, 0x0000000709c00000, 0x0000000709e00000|  0%| F|  |TAMS 0x0000000709c00000| PB 0x0000000709c00000| Untracked 
|  45|0x0000000709e00000, 0x0000000709e00000, 0x000000070a000000|  0%| F|  |TAMS 0x0000000709e00000| PB 0x0000000709e00000| Untracked 
|  46|0x000000070a000000, 0x000000070a000000, 0x000000070a200000|  0%| F|  |TAMS 0x000000070a000000| PB 0x000000070a000000| Untracked 
|  47|0x000000070a200000, 0x000000070a200000, 0x000000070a400000|  0%| F|  |TAMS 0x000000070a200000| PB 0x000000070a200000| Untracked 
|  48|0x000000070a400000, 0x000000070a400000, 0x000000070a600000|  0%| F|  |TAMS 0x000000070a400000| PB 0x000000070a400000| Untracked 
|  49|0x000000070a600000, 0x000000070a600000, 0x000000070a800000|  0%| F|  |TAMS 0x000000070a600000| PB 0x000000070a600000| Untracked 
|  50|0x000000070a800000, 0x000000070a800000, 0x000000070aa00000|  0%| F|  |TAMS 0x000000070a800000| PB 0x000000070a800000| Untracked 
|  51|0x000000070aa00000, 0x000000070aa00000, 0x000000070ac00000|  0%| F|  |TAMS 0x000000070aa00000| PB 0x000000070aa00000| Untracked 
|  52|0x000000070ac00000, 0x000000070ac00000, 0x000000070ae00000|  0%| F|  |TAMS 0x000000070ac00000| PB 0x000000070ac00000| Untracked 
|  53|0x000000070ae00000, 0x000000070ae00000, 0x000000070b000000|  0%| F|  |TAMS 0x000000070ae00000| PB 0x000000070ae00000| Untracked 
|  54|0x000000070b000000, 0x000000070b000000, 0x000000070b200000|  0%| F|  |TAMS 0x000000070b000000| PB 0x000000070b000000| Untracked 
|  55|0x000000070b200000, 0x000000070b200000, 0x000000070b400000|  0%| F|  |TAMS 0x000000070b200000| PB 0x000000070b200000| Untracked 
|  56|0x000000070b400000, 0x000000070b400000, 0x000000070b600000|  0%| F|  |TAMS 0x000000070b400000| PB 0x000000070b400000| Untracked 
|  57|0x000000070b600000, 0x000000070b600000, 0x000000070b800000|  0%| F|  |TAMS 0x000000070b600000| PB 0x000000070b600000| Untracked 
|  58|0x000000070b800000, 0x000000070b800000, 0x000000070ba00000|  0%| F|  |TAMS 0x000000070b800000| PB 0x000000070b800000| Untracked 
|  59|0x000000070ba00000, 0x000000070ba00000, 0x000000070bc00000|  0%| F|  |TAMS 0x000000070ba00000| PB 0x000000070ba00000| Untracked 
|  60|0x000000070bc00000, 0x000000070bc00000, 0x000000070be00000|  0%| F|  |TAMS 0x000000070bc00000| PB 0x000000070bc00000| Untracked 
|  61|0x000000070be00000, 0x000000070be00000, 0x000000070c000000|  0%| F|  |TAMS 0x000000070be00000| PB 0x000000070be00000| Untracked 
|  62|0x000000070c000000, 0x000000070c000000, 0x000000070c200000|  0%| F|  |TAMS 0x000000070c000000| PB 0x000000070c000000| Untracked 
|  63|0x000000070c200000, 0x000000070c200000, 0x000000070c400000|  0%| F|  |TAMS 0x000000070c200000| PB 0x000000070c200000| Untracked 
|  64|0x000000070c400000, 0x000000070c400000, 0x000000070c600000|  0%| F|  |TAMS 0x000000070c400000| PB 0x000000070c400000| Untracked 
|  65|0x000000070c600000, 0x000000070c600000, 0x000000070c800000|  0%| F|  |TAMS 0x000000070c600000| PB 0x000000070c600000| Untracked 
|  66|0x000000070c800000, 0x000000070c800000, 0x000000070ca00000|  0%| F|  |TAMS 0x000000070c800000| PB 0x000000070c800000| Untracked 
|  67|0x000000070ca00000, 0x000000070ca00000, 0x000000070cc00000|  0%| F|  |TAMS 0x000000070ca00000| PB 0x000000070ca00000| Untracked 
|  68|0x000000070cc00000, 0x000000070cc00000, 0x000000070ce00000|  0%| F|  |TAMS 0x000000070cc00000| PB 0x000000070cc00000| Untracked 
|  69|0x000000070ce00000, 0x000000070ce00000, 0x000000070d000000|  0%| F|  |TAMS 0x000000070ce00000| PB 0x000000070ce00000| Untracked 
|  70|0x000000070d000000, 0x000000070d000000, 0x000000070d200000|  0%| F|  |TAMS 0x000000070d000000| PB 0x000000070d000000| Untracked 
|  71|0x000000070d200000, 0x000000070d200000, 0x000000070d400000|  0%| F|  |TAMS 0x000000070d200000| PB 0x000000070d200000| Untracked 
|  72|0x000000070d400000, 0x000000070d400000, 0x000000070d600000|  0%| F|  |TAMS 0x000000070d400000| PB 0x000000070d400000| Untracked 
|  73|0x000000070d600000, 0x000000070d653cf0, 0x000000070d800000| 16%| S|CS|TAMS 0x000000070d600000| PB 0x000000070d600000| Complete 
|  74|0x000000070d800000, 0x000000070d800000, 0x000000070da00000|  0%| F|  |TAMS 0x000000070d800000| PB 0x000000070d800000| Untracked 
|  75|0x000000070da00000, 0x000000070da00000, 0x000000070dc00000|  0%| F|  |TAMS 0x000000070da00000| PB 0x000000070da00000| Untracked 
|  76|0x000000070dc00000, 0x000000070dc00000, 0x000000070de00000|  0%| F|  |TAMS 0x000000070dc00000| PB 0x000000070dc00000| Untracked 
|  77|0x000000070de00000, 0x000000070de00000, 0x000000070e000000|  0%| F|  |TAMS 0x000000070de00000| PB 0x000000070de00000| Untracked 
|  78|0x000000070e000000, 0x000000070e000000, 0x000000070e200000|  0%| F|  |TAMS 0x000000070e000000| PB 0x000000070e000000| Untracked 
|  79|0x000000070e200000, 0x000000070e200000, 0x000000070e400000|  0%| F|  |TAMS 0x000000070e200000| PB 0x000000070e200000| Untracked 
|  80|0x000000070e400000, 0x000000070e400000, 0x000000070e600000|  0%| F|  |TAMS 0x000000070e400000| PB 0x000000070e400000| Untracked 
|  81|0x000000070e600000, 0x000000070e600000, 0x000000070e800000|  0%| F|  |TAMS 0x000000070e600000| PB 0x000000070e600000| Untracked 
|  82|0x000000070e800000, 0x000000070e800000, 0x000000070ea00000|  0%| F|  |TAMS 0x000000070e800000| PB 0x000000070e800000| Untracked 
|  83|0x000000070ea00000, 0x000000070ea00000, 0x000000070ec00000|  0%| F|  |TAMS 0x000000070ea00000| PB 0x000000070ea00000| Untracked 
|  84|0x000000070ec00000, 0x000000070ec00000, 0x000000070ee00000|  0%| F|  |TAMS 0x000000070ec00000| PB 0x000000070ec00000| Untracked 
|  85|0x000000070ee00000, 0x000000070f000000, 0x000000070f000000|100%| E|  |TAMS 0x000000070ee00000| PB 0x000000070ee00000| Complete 
|  86|0x000000070f000000, 0x000000070f200000, 0x000000070f200000|100%| E|CS|TAMS 0x000000070f000000| PB 0x000000070f000000| Complete 
|  87|0x000000070f200000, 0x000000070f400000, 0x000000070f400000|100%| E|CS|TAMS 0x000000070f200000| PB 0x000000070f200000| Complete 
|  88|0x000000070f400000, 0x000000070f600000, 0x000000070f600000|100%| E|CS|TAMS 0x000000070f400000| PB 0x000000070f400000| Complete 
|  89|0x000000070f600000, 0x000000070f800000, 0x000000070f800000|100%| E|CS|TAMS 0x000000070f600000| PB 0x000000070f600000| Complete 
|  90|0x000000070f800000, 0x000000070fa00000, 0x000000070fa00000|100%| E|CS|TAMS 0x000000070f800000| PB 0x000000070f800000| Complete 
|  91|0x000000070fa00000, 0x000000070fc00000, 0x000000070fc00000|100%| E|CS|TAMS 0x000000070fa00000| PB 0x000000070fa00000| Complete 
|  92|0x000000070fc00000, 0x000000070fe00000, 0x000000070fe00000|100%| E|CS|TAMS 0x000000070fc00000| PB 0x000000070fc00000| Complete 
|  93|0x000000070fe00000, 0x0000000710000000, 0x0000000710000000|100%| E|CS|TAMS 0x000000070fe00000| PB 0x000000070fe00000| Complete 
|  94|0x0000000710000000, 0x0000000710200000, 0x0000000710200000|100%| E|CS|TAMS 0x0000000710000000| PB 0x0000000710000000| Complete 
|  95|0x0000000710200000, 0x0000000710400000, 0x0000000710400000|100%| E|CS|TAMS 0x0000000710200000| PB 0x0000000710200000| Complete 
|  96|0x0000000710400000, 0x0000000710600000, 0x0000000710600000|100%| E|CS|TAMS 0x0000000710400000| PB 0x0000000710400000| Complete 
|  97|0x0000000710600000, 0x0000000710800000, 0x0000000710800000|100%| E|CS|TAMS 0x0000000710600000| PB 0x0000000710600000| Complete 
|  98|0x0000000710800000, 0x0000000710a00000, 0x0000000710a00000|100%| E|CS|TAMS 0x0000000710800000| PB 0x0000000710800000| Complete 
|  99|0x0000000710a00000, 0x0000000710c00000, 0x0000000710c00000|100%| E|CS|TAMS 0x0000000710a00000| PB 0x0000000710a00000| Complete 
| 100|0x0000000710c00000, 0x0000000710e00000, 0x0000000710e00000|100%| E|CS|TAMS 0x0000000710c00000| PB 0x0000000710c00000| Complete 
| 101|0x0000000710e00000, 0x0000000711000000, 0x0000000711000000|100%| E|CS|TAMS 0x0000000710e00000| PB 0x0000000710e00000| Complete 
| 102|0x0000000711000000, 0x0000000711200000, 0x0000000711200000|100%| E|CS|TAMS 0x0000000711000000| PB 0x0000000711000000| Complete 
| 103|0x0000000711200000, 0x0000000711400000, 0x0000000711400000|100%| E|CS|TAMS 0x0000000711200000| PB 0x0000000711200000| Complete 
| 104|0x0000000711400000, 0x0000000711600000, 0x0000000711600000|100%| E|CS|TAMS 0x0000000711400000| PB 0x0000000711400000| Complete 
| 105|0x0000000711600000, 0x0000000711800000, 0x0000000711800000|100%| E|CS|TAMS 0x0000000711600000| PB 0x0000000711600000| Complete 
| 106|0x0000000711800000, 0x0000000711a00000, 0x0000000711a00000|100%| E|CS|TAMS 0x0000000711800000| PB 0x0000000711800000| Complete 
| 107|0x0000000711a00000, 0x0000000711c00000, 0x0000000711c00000|100%| E|CS|TAMS 0x0000000711a00000| PB 0x0000000711a00000| Complete 
| 108|0x0000000711c00000, 0x0000000711e00000, 0x0000000711e00000|100%| E|CS|TAMS 0x0000000711c00000| PB 0x0000000711c00000| Complete 
| 109|0x0000000711e00000, 0x0000000712000000, 0x0000000712000000|100%| E|CS|TAMS 0x0000000711e00000| PB 0x0000000711e00000| Complete 
| 110|0x0000000712000000, 0x0000000712200000, 0x0000000712200000|100%| E|CS|TAMS 0x0000000712000000| PB 0x0000000712000000| Complete 
| 111|0x0000000712200000, 0x0000000712400000, 0x0000000712400000|100%| E|CS|TAMS 0x0000000712200000| PB 0x0000000712200000| Complete 
| 112|0x0000000712400000, 0x0000000712600000, 0x0000000712600000|100%| E|CS|TAMS 0x0000000712400000| PB 0x0000000712400000| Complete 
| 113|0x0000000712600000, 0x0000000712800000, 0x0000000712800000|100%| E|CS|TAMS 0x0000000712600000| PB 0x0000000712600000| Complete 
| 114|0x0000000712800000, 0x0000000712a00000, 0x0000000712a00000|100%| E|CS|TAMS 0x0000000712800000| PB 0x0000000712800000| Complete 
| 115|0x0000000712a00000, 0x0000000712c00000, 0x0000000712c00000|100%| E|CS|TAMS 0x0000000712a00000| PB 0x0000000712a00000| Complete 
| 116|0x0000000712c00000, 0x0000000712e00000, 0x0000000712e00000|100%| E|CS|TAMS 0x0000000712c00000| PB 0x0000000712c00000| Complete 
| 117|0x0000000712e00000, 0x0000000713000000, 0x0000000713000000|100%| E|CS|TAMS 0x0000000712e00000| PB 0x0000000712e00000| Complete 
| 118|0x0000000713000000, 0x0000000713200000, 0x0000000713200000|100%| E|CS|TAMS 0x0000000713000000| PB 0x0000000713000000| Complete 
| 119|0x0000000713200000, 0x0000000713400000, 0x0000000713400000|100%| E|CS|TAMS 0x0000000713200000| PB 0x0000000713200000| Complete 
| 120|0x0000000713400000, 0x0000000713600000, 0x0000000713600000|100%| E|CS|TAMS 0x0000000713400000| PB 0x0000000713400000| Complete 
| 121|0x0000000713600000, 0x0000000713800000, 0x0000000713800000|100%| E|CS|TAMS 0x0000000713600000| PB 0x0000000713600000| Complete 
| 122|0x0000000713800000, 0x0000000713a00000, 0x0000000713a00000|100%| E|CS|TAMS 0x0000000713800000| PB 0x0000000713800000| Complete 
| 123|0x0000000713a00000, 0x0000000713c00000, 0x0000000713c00000|100%| E|CS|TAMS 0x0000000713a00000| PB 0x0000000713a00000| Complete 
| 124|0x0000000713c00000, 0x0000000713e00000, 0x0000000713e00000|100%| E|CS|TAMS 0x0000000713c00000| PB 0x0000000713c00000| Complete 
| 125|0x0000000713e00000, 0x0000000714000000, 0x0000000714000000|100%| E|CS|TAMS 0x0000000713e00000| PB 0x0000000713e00000| Complete 
| 126|0x0000000714000000, 0x0000000714200000, 0x0000000714200000|100%| E|CS|TAMS 0x0000000714000000| PB 0x0000000714000000| Complete 
| 127|0x0000000714200000, 0x0000000714400000, 0x0000000714400000|100%| E|CS|TAMS 0x0000000714200000| PB 0x0000000714200000| Complete 
| 128|0x0000000714400000, 0x0000000714600000, 0x0000000714600000|100%| E|CS|TAMS 0x0000000714400000| PB 0x0000000714400000| Complete 
| 129|0x0000000714600000, 0x0000000714800000, 0x0000000714800000|100%| E|CS|TAMS 0x0000000714600000| PB 0x0000000714600000| Complete 
| 130|0x0000000714800000, 0x0000000714a00000, 0x0000000714a00000|100%| E|CS|TAMS 0x0000000714800000| PB 0x0000000714800000| Complete 
| 131|0x0000000714a00000, 0x0000000714c00000, 0x0000000714c00000|100%| E|CS|TAMS 0x0000000714a00000| PB 0x0000000714a00000| Complete 
| 132|0x0000000714c00000, 0x0000000714e00000, 0x0000000714e00000|100%| E|CS|TAMS 0x0000000714c00000| PB 0x0000000714c00000| Complete 
| 133|0x0000000714e00000, 0x0000000715000000, 0x0000000715000000|100%| E|CS|TAMS 0x0000000714e00000| PB 0x0000000714e00000| Complete 
| 134|0x0000000715000000, 0x0000000715200000, 0x0000000715200000|100%| E|CS|TAMS 0x0000000715000000| PB 0x0000000715000000| Complete 
| 135|0x0000000715200000, 0x0000000715400000, 0x0000000715400000|100%| E|CS|TAMS 0x0000000715200000| PB 0x0000000715200000| Complete 
| 136|0x0000000715400000, 0x0000000715600000, 0x0000000715600000|100%| E|CS|TAMS 0x0000000715400000| PB 0x0000000715400000| Complete 
| 137|0x0000000715600000, 0x0000000715800000, 0x0000000715800000|100%| E|CS|TAMS 0x0000000715600000| PB 0x0000000715600000| Complete 
| 138|0x0000000715800000, 0x0000000715a00000, 0x0000000715a00000|100%| E|CS|TAMS 0x0000000715800000| PB 0x0000000715800000| Complete 
| 139|0x0000000715a00000, 0x0000000715c00000, 0x0000000715c00000|100%| E|CS|TAMS 0x0000000715a00000| PB 0x0000000715a00000| Complete 
| 140|0x0000000715c00000, 0x0000000715e00000, 0x0000000715e00000|100%| E|CS|TAMS 0x0000000715c00000| PB 0x0000000715c00000| Complete 
| 141|0x0000000715e00000, 0x0000000716000000, 0x0000000716000000|100%| E|CS|TAMS 0x0000000715e00000| PB 0x0000000715e00000| Complete 
| 142|0x0000000716000000, 0x0000000716200000, 0x0000000716200000|100%| E|CS|TAMS 0x0000000716000000| PB 0x0000000716000000| Complete 
| 143|0x0000000716200000, 0x0000000716400000, 0x0000000716400000|100%| E|CS|TAMS 0x0000000716200000| PB 0x0000000716200000| Complete 
| 144|0x0000000716400000, 0x0000000716600000, 0x0000000716600000|100%| E|CS|TAMS 0x0000000716400000| PB 0x0000000716400000| Complete 
| 145|0x0000000716600000, 0x0000000716800000, 0x0000000716800000|100%| E|CS|TAMS 0x0000000716600000| PB 0x0000000716600000| Complete 
| 146|0x0000000716800000, 0x0000000716a00000, 0x0000000716a00000|100%| E|CS|TAMS 0x0000000716800000| PB 0x0000000716800000| Complete 
| 147|0x0000000716a00000, 0x0000000716c00000, 0x0000000716c00000|100%| E|CS|TAMS 0x0000000716a00000| PB 0x0000000716a00000| Complete 
| 148|0x0000000716c00000, 0x0000000716e00000, 0x0000000716e00000|100%| E|CS|TAMS 0x0000000716c00000| PB 0x0000000716c00000| Complete 
| 149|0x0000000716e00000, 0x0000000717000000, 0x0000000717000000|100%| E|CS|TAMS 0x0000000716e00000| PB 0x0000000716e00000| Complete 
| 150|0x0000000717000000, 0x0000000717200000, 0x0000000717200000|100%| E|CS|TAMS 0x0000000717000000| PB 0x0000000717000000| Complete 
| 151|0x0000000717200000, 0x0000000717400000, 0x0000000717400000|100%| E|CS|TAMS 0x0000000717200000| PB 0x0000000717200000| Complete 
| 152|0x0000000717400000, 0x0000000717600000, 0x0000000717600000|100%| E|CS|TAMS 0x0000000717400000| PB 0x0000000717400000| Complete 
| 153|0x0000000717600000, 0x0000000717800000, 0x0000000717800000|100%| E|CS|TAMS 0x0000000717600000| PB 0x0000000717600000| Complete 
| 154|0x0000000717800000, 0x0000000717a00000, 0x0000000717a00000|100%| E|CS|TAMS 0x0000000717800000| PB 0x0000000717800000| Complete 
| 155|0x0000000717a00000, 0x0000000717c00000, 0x0000000717c00000|100%| E|CS|TAMS 0x0000000717a00000| PB 0x0000000717a00000| Complete 
| 156|0x0000000717c00000, 0x0000000717e00000, 0x0000000717e00000|100%| E|CS|TAMS 0x0000000717c00000| PB 0x0000000717c00000| Complete 
| 157|0x0000000717e00000, 0x0000000718000000, 0x0000000718000000|100%| E|CS|TAMS 0x0000000717e00000| PB 0x0000000717e00000| Complete 
| 158|0x0000000718000000, 0x0000000718200000, 0x0000000718200000|100%| E|CS|TAMS 0x0000000718000000| PB 0x0000000718000000| Complete 
| 159|0x0000000718200000, 0x0000000718400000, 0x0000000718400000|100%| E|CS|TAMS 0x0000000718200000| PB 0x0000000718200000| Complete 
| 160|0x0000000718400000, 0x0000000718600000, 0x0000000718600000|100%| E|CS|TAMS 0x0000000718400000| PB 0x0000000718400000| Complete 
| 161|0x0000000718600000, 0x0000000718800000, 0x0000000718800000|100%| E|CS|TAMS 0x0000000718600000| PB 0x0000000718600000| Complete 
| 162|0x0000000718800000, 0x0000000718a00000, 0x0000000718a00000|100%| E|CS|TAMS 0x0000000718800000| PB 0x0000000718800000| Complete 
| 163|0x0000000718a00000, 0x0000000718c00000, 0x0000000718c00000|100%| E|CS|TAMS 0x0000000718a00000| PB 0x0000000718a00000| Complete 
| 164|0x0000000718c00000, 0x0000000718e00000, 0x0000000718e00000|100%| E|CS|TAMS 0x0000000718c00000| PB 0x0000000718c00000| Complete 
| 165|0x0000000718e00000, 0x0000000719000000, 0x0000000719000000|100%| E|CS|TAMS 0x0000000718e00000| PB 0x0000000718e00000| Complete 
| 166|0x0000000719000000, 0x0000000719200000, 0x0000000719200000|100%| E|CS|TAMS 0x0000000719000000| PB 0x0000000719000000| Complete 
| 167|0x0000000719200000, 0x0000000719400000, 0x0000000719400000|100%| E|CS|TAMS 0x0000000719200000| PB 0x0000000719200000| Complete 
| 168|0x0000000719400000, 0x0000000719600000, 0x0000000719600000|100%| E|CS|TAMS 0x0000000719400000| PB 0x0000000719400000| Complete 
| 169|0x0000000719600000, 0x0000000719800000, 0x0000000719800000|100%| E|CS|TAMS 0x0000000719600000| PB 0x0000000719600000| Complete 
| 170|0x0000000719800000, 0x0000000719a00000, 0x0000000719a00000|100%| E|CS|TAMS 0x0000000719800000| PB 0x0000000719800000| Complete 
| 171|0x0000000719a00000, 0x0000000719c00000, 0x0000000719c00000|100%| E|CS|TAMS 0x0000000719a00000| PB 0x0000000719a00000| Complete 
| 172|0x0000000719c00000, 0x0000000719e00000, 0x0000000719e00000|100%| E|CS|TAMS 0x0000000719c00000| PB 0x0000000719c00000| Complete 
| 173|0x0000000719e00000, 0x000000071a000000, 0x000000071a000000|100%| E|CS|TAMS 0x0000000719e00000| PB 0x0000000719e00000| Complete 
| 174|0x000000071a000000, 0x000000071a200000, 0x000000071a200000|100%| E|CS|TAMS 0x000000071a000000| PB 0x000000071a000000| Complete 
| 175|0x000000071a200000, 0x000000071a400000, 0x000000071a400000|100%| E|CS|TAMS 0x000000071a200000| PB 0x000000071a200000| Complete 
| 176|0x000000071a400000, 0x000000071a600000, 0x000000071a600000|100%| E|CS|TAMS 0x000000071a400000| PB 0x000000071a400000| Complete 
| 177|0x000000071a600000, 0x000000071a800000, 0x000000071a800000|100%| E|CS|TAMS 0x000000071a600000| PB 0x000000071a600000| Complete 
| 178|0x000000071a800000, 0x000000071aa00000, 0x000000071aa00000|100%| E|CS|TAMS 0x000000071a800000| PB 0x000000071a800000| Complete 
| 179|0x000000071aa00000, 0x000000071ac00000, 0x000000071ac00000|100%| E|CS|TAMS 0x000000071aa00000| PB 0x000000071aa00000| Complete 
| 180|0x000000071ac00000, 0x000000071ae00000, 0x000000071ae00000|100%| E|CS|TAMS 0x000000071ac00000| PB 0x000000071ac00000| Complete 
| 181|0x000000071ae00000, 0x000000071b000000, 0x000000071b000000|100%| E|CS|TAMS 0x000000071ae00000| PB 0x000000071ae00000| Complete 
| 182|0x000000071b000000, 0x000000071b200000, 0x000000071b200000|100%| E|CS|TAMS 0x000000071b000000| PB 0x000000071b000000| Complete 

Card table byte_map: [0x000001eac7bf0000,0x000001eac83d0000] _byte_map_base: 0x000001eac43ce000

Marking Bits: (CMBitMap*) 0x000001eaaf550070
 Bits: [0x000001eac83d0000, 0x000001eacc2c0000)

Polling page: 0x000001eaad3e0000

Metaspace:

Usage:
  Non-class:     15.37 MB used.
      Class:      2.34 MB used.
       Both:     17.72 MB used.

Virtual space:
  Non-class space:       64.00 MB reserved,      15.56 MB ( 24%) committed,  1 nodes.
      Class space:        1.00 GB reserved,       2.50 MB ( <1%) committed,  1 nodes.
             Both:        1.06 GB reserved,      18.06 MB (  2%) committed. 

Chunk freelists:
   Non-Class:  0 bytes
       Class:  13.48 MB
        Both:  13.48 MB

MaxMetaspaceSize: unlimited
CompressedClassSpaceSize: 1.00 GB
Initial GC threshold: 21.00 MB
Current GC threshold: 21.00 MB
CDS: on
 - commit_granule_bytes: 65536.
 - commit_granule_words: 8192.
 - virtual_space_node_default_size: 8388608.
 - enlarge_chunks_in_place: 1.
 - use_allocation_guard: 0.


Internal statistics:

num_allocs_failed_limit: 0.
num_arena_births: 370.
num_arena_deaths: 0.
num_vsnodes_births: 2.
num_vsnodes_deaths: 0.
num_space_committed: 289.
num_space_uncommitted: 0.
num_chunks_returned_to_freelist: 0.
num_chunks_taken_from_freelist: 995.
num_chunk_merges: 0.
num_chunk_splits: 648.
num_chunks_enlarged: 442.
num_inconsistent_stats: 0.

CodeHeap 'non-profiled nmethods': size=119168Kb used=3101Kb max_used=3101Kb free=116067Kb
 bounds [0x000001eabf510000, 0x000001eabf820000, 0x000001eac6970000]
CodeHeap 'profiled nmethods': size=119104Kb used=9134Kb max_used=9134Kb free=109969Kb
 bounds [0x000001eab7970000, 0x000001eab8260000, 0x000001eabedc0000]
CodeHeap 'non-nmethods': size=7488Kb used=1837Kb max_used=3580Kb free=5650Kb
 bounds [0x000001eabedc0000, 0x000001eabf150000, 0x000001eabf510000]
 total_blobs=5492 nmethods=4651 adapters=744
 compilation: enabled
              stopped_count=0, restarted_count=0
 full_count=0

Compilation events (20 events):
Event: 92.229 Thread 0x000001eacf37d240 4643   !   4       com.sun.javafx.tk.quantum.QuantumToolkit::pulse (152 bytes)
Event: 92.543 Thread 0x000001eacf37d240 nmethod 4643 0x000001eabf80b410 code [0x000001eabf80b940, 0x000001eabf8103e8]
Event: 92.543 Thread 0x000001eacf37d240 4644       4       com.sun.scenario.animation.AbstractPrimaryTimer$MainLoop::run (61 bytes)
Event: 92.552 Thread 0x000001eacf37d240 nmethod 4644 0x000001eabf812a10 code [0x000001eabf812c40, 0x000001eabf813300]
Event: 95.054 Thread 0x000001eacf37e030 4645       3       javafx.scene.Node::clearDirty (10 bytes)
Event: 95.060 Thread 0x000001eacf37e030 nmethod 4645 0x000001eab8258910 code [0x000001eab8258ac0, 0x000001eab8258ca0]
Event: 95.065 Thread 0x000001eacf37e030 4646       3       com.sun.javafx.tk.quantum.GlassScene::updateSceneState (8 bytes)
Event: 95.065 Thread 0x000001eacf37e030 nmethod 4646 0x000001eab8258d90 code [0x000001eab8258f40, 0x000001eab8259090]
Event: 96.537 Thread 0x000001eacf37e030 4647       3       com.sun.javafx.tk.quantum.GlassScene::sceneChanged (25 bytes)
Event: 96.538 Thread 0x000001eacf37e030 nmethod 4647 0x000001eab8259190 code [0x000001eab8259360, 0x000001eab8259640]
Event: 96.844 Thread 0x000001eacf37e030 4648       3       javafx.scene.Scene$MouseHandler::pulse (22 bytes)
Event: 96.851 Thread 0x000001eacf37e030 nmethod 4648 0x000001eab8259790 code [0x000001eab8259940, 0x000001eab8259bb8]
Event: 96.851 Thread 0x000001eacf37e030 4649       3       com.sun.javafx.tk.quantum.GlassScene::releaseSynchronization (15 bytes)
Event: 96.852 Thread 0x000001eacf37e030 nmethod 4649 0x000001eab8259c90 code [0x000001eab8259e80, 0x000001eab825a328]
Event: 99.470 Thread 0x000001eacf37d240 4650       4       com.cgvsu.render_engine.GraphicConveyor::lookAt (196 bytes)
Event: 99.576 Thread 0x000001eacf37d240 nmethod 4650 0x000001eabf813890 code [0x000001eabf813bc0, 0x000001eabf815c30]
Event: 106.533 Thread 0x000001eacf37e030 4651       3       javafx.scene.layout.VBox::getMargin (10 bytes)
Event: 106.535 Thread 0x000001eacf37e030 nmethod 4651 0x000001eab825a510 code [0x000001eab825a740, 0x000001eab825b190]
Event: 106.538 Thread 0x000001eacf37e030 4652       3       javafx.scene.layout.Region::snapSize (14 bytes)
Event: 106.540 Thread 0x000001eacf37e030 nmethod 4652 0x000001eab825b490 code [0x000001eab825b660, 0x000001eab825b8a0]

GC Heap History (20 events):
Event: 97.209 GC heap before
{Heap before GC invocations=97 (full 0):
 garbage-first heap   total 374784K, used 236336K [0x0000000704400000, 0x0000000800000000)
  region size 2048K, 109 young (223232K), 1 survivors (2048K)
 Metaspace       used 18140K, committed 18496K, reserved 1114112K
  class space    used 2397K, committed 2560K, reserved 1048576K
}
Event: 97.210 GC heap after
{Heap after GC invocations=98 (full 0):
 garbage-first heap   total 374784K, used 15150K [0x0000000704400000, 0x0000000800000000)
  region size 2048K, 1 young (2048K), 1 survivors (2048K)
 Metaspace       used 18140K, committed 18496K, reserved 1114112K
  class space    used 2397K, committed 2560K, reserved 1048576K
}
Event: 99.111 GC heap before
{Heap before GC invocations=98 (full 0):
 garbage-first heap   total 374784K, used 236334K [0x0000000704400000, 0x0000000800000000)
  region size 2048K, 109 young (223232K), 1 survivors (2048K)
 Metaspace       used 18140K, committed 18496K, reserved 1114112K
  class space    used 2397K, committed 2560K, reserved 1048576K
}
Event: 99.112 GC heap after
{Heap after GC invocations=99 (full 0):
 garbage-first heap   total 374784K, used 15478K [0x0000000704400000, 0x0000000800000000)
  region size 2048K, 1 young (2048K), 1 survivors (2048K)
 Metaspace       used 18140K, committed 18496K, reserved 1114112K
  class space    used 2397K, committed 2560K, reserved 1048576K
}
Event: 99.313 GC heap before
{Heap before GC invocations=99 (full 0):
 garbage-first heap   total 374784K, used 236662K [0x0000000704400000, 0x0000000800000000)
  region size 2048K, 109 young (223232K), 1 survivors (2048K)
 Metaspace       used 18140K, committed 18496K, reserved 1114112K
  class space    used 2397K, committed 2560K, reserved 1048576K
}
Event: 99.315 GC heap after
{Heap after GC invocations=100 (full 0):
 garbage-first heap   total 374784K, used 15476K [0x0000000704400000, 0x0000000800000000)
  region size 2048K, 1 young (2048K), 1 survivors (2048K)
 Metaspace       used 18140K, committed 18496K, reserved 1114112K
  class space    used 2397K, committed 2560K, reserved 1048576K
}
Event: 99.937 GC heap before
{Heap before GC invocations=100 (full 0):
 garbage-first heap   total 374784K, used 236660K [0x0000000704400000, 0x0000000800000000)
  region size 2048K, 109 young (223232K), 1 survivors (2048K)
 Metaspace       used 18140K, committed 18496K, reserved 1114112K
  class space    used 2397K, committed 2560K, reserved 1048576K
}
Event: 99.939 GC heap after
{Heap after GC invocations=101 (full 0):
 garbage-first heap   total 374784K, used 15150K [0x0000000704400000, 0x0000000800000000)
  region size 2048K, 1 young (2048K), 1 survivors (2048K)
 Metaspace       used 18140K, committed 18496K, reserved 1114112K
  class space    used 2397K, committed 2560K, reserved 1048576K
}
Event: 101.658 GC heap before
{Heap before GC invocations=101 (full 0):
 garbage-first heap   total 374784K, used 236334K [0x0000000704400000, 0x0000000800000000)
  region size 2048K, 109 young (223232K), 1 survivors (2048K)
 Metaspace       used 18140K, committed 18496K, reserved 1114112K
  class space    used 2397K, committed 2560K, reserved 1048576K
}
Event: 101.660 GC heap after
{Heap after GC invocations=102 (full 0):
 garbage-first heap   total 374784K, used 15154K [0x0000000704400000, 0x0000000800000000)
  region size 2048K, 1 young (2048K), 1 survivors (2048K)
 Metaspace       used 18140K, committed 18496K, reserved 1114112K
  class space    used 2397K, committed 2560K, reserved 1048576K
}
Event: 101.908 GC heap before
{Heap before GC invocations=102 (full 0):
 garbage-first heap   total 374784K, used 236338K [0x0000000704400000, 0x0000000800000000)
  region size 2048K, 109 young (223232K), 1 survivors (2048K)
 Metaspace       used 18140K, committed 18496K, reserved 1114112K
  class space    used 2397K, committed 2560K, reserved 1048576K
}
Event: 101.910 GC heap after
{Heap after GC invocations=103 (full 0):
 garbage-first heap   total 374784K, used 15152K [0x0000000704400000, 0x0000000800000000)
  region size 2048K, 1 young (2048K), 1 survivors (2048K)
 Metaspace       used 18140K, committed 18496K, reserved 1114112K
  class space    used 2397K, committed 2560K, reserved 1048576K
}
Event: 104.042 GC heap before
{Heap before GC invocations=103 (full 0):
 garbage-first heap   total 374784K, used 236336K [0x0000000704400000, 0x0000000800000000)
  region size 2048K, 109 young (223232K), 1 survivors (2048K)
 Metaspace       used 18140K, committed 18496K, reserved 1114112K
  class space    used 2397K, committed 2560K, reserved 1048576K
}
Event: 104.044 GC heap after
{Heap after GC invocations=104 (full 0):
 garbage-first heap   total 374784K, used 15152K [0x0000000704400000, 0x0000000800000000)
  region size 2048K, 1 young (2048K), 1 survivors (2048K)
 Metaspace       used 18140K, committed 18496K, reserved 1114112K
  class space    used 2397K, committed 2560K, reserved 1048576K
}
Event: 104.431 GC heap before
{Heap before GC invocations=104 (full 0):
 garbage-first heap   total 374784K, used 236336K [0x0000000704400000, 0x0000000800000000)
  region size 2048K, 109 young (223232K), 1 survivors (2048K)
 Metaspace       used 18140K, committed 18496K, reserved 1114112K
  class space    used 2397K, committed 2560K, reserved 1048576K
}
Event: 104.433 GC heap after
{Heap after GC invocations=105 (full 0):
 garbage-first heap   total 374784K, used 15152K [0x0000000704400000, 0x0000000800000000)
  region size 2048K, 1 young (2048K), 1 survivors (2048K)
 Metaspace       used 18140K, committed 18496K, reserved 1114112K
  class space    used 2397K, committed 2560K, reserved 1048576K
}
Event: 104.733 GC heap before
{Heap before GC invocations=105 (full 0):
 garbage-first heap   total 374784K, used 236336K [0x0000000704400000, 0x0000000800000000)
  region size 2048K, 109 young (223232K), 1 survivors (2048K)
 Metaspace       used 18140K, committed 18496K, reserved 1114112K
  class space    used 2397K, committed 2560K, reserved 1048576K
}
Event: 104.735 GC heap after
{Heap after GC invocations=106 (full 0):
 garbage-first heap   total 374784K, used 15156K [0x0000000704400000, 0x0000000800000000)
  region size 2048K, 1 young (2048K), 1 survivors (2048K)
 Metaspace       used 18140K, committed 18496K, reserved 1114112K
  class space    used 2397K, committed 2560K, reserved 1048576K
}
Event: 106.422 GC heap before
{Heap before GC invocations=106 (full 0):
 garbage-first heap   total 374784K, used 236340K [0x0000000704400000, 0x0000000800000000)
  region size 2048K, 109 young (223232K), 1 survivors (2048K)
 Metaspace       used 18140K, committed 18496K, reserved 1114112K
  class space    used 2397K, committed 2560K, reserved 1048576K
}
Event: 106.423 GC heap after
{Heap after GC invocations=107 (full 0):
 garbage-first heap   total 374784K, used 15156K [0x0000000704400000, 0x0000000800000000)
  region size 2048K, 1 young (2048K), 1 survivors (2048K)
 Metaspace       used 18140K, committed 18496K, reserved 1114112K
  class space    used 2397K, committed 2560K, reserved 1048576K
}

Dll operation events (20 events):
Event: 0.271 Loaded shared library C:\Users\babae\.openjfx\cache\17.0.0.1\api-ms-win-crt-filesystem-l1-1-0.dll
Event: 0.273 Loaded shared library C:\Users\babae\.openjfx\cache\17.0.0.1\api-ms-win-crt-heap-l1-1-0.dll
Event: 0.275 Loaded shared library C:\Users\babae\.openjfx\cache\17.0.0.1\api-ms-win-crt-locale-l1-1-0.dll
Event: 0.276 Loaded shared library C:\Users\babae\.openjfx\cache\17.0.0.1\api-ms-win-crt-math-l1-1-0.dll
Event: 0.278 Loaded shared library C:\Users\babae\.openjfx\cache\17.0.0.1\api-ms-win-crt-multibyte-l1-1-0.dll
Event: 0.280 Loaded shared library C:\Users\babae\.openjfx\cache\17.0.0.1\api-ms-win-crt-private-l1-1-0.dll
Event: 0.282 Loaded shared library C:\Users\babae\.openjfx\cache\17.0.0.1\api-ms-win-crt-process-l1-1-0.dll
Event: 0.284 Loaded shared library C:\Users\babae\.openjfx\cache\17.0.0.1\api-ms-win-crt-runtime-l1-1-0.dll
Event: 0.286 Loaded shared library C:\Users\babae\.openjfx\cache\17.0.0.1\api-ms-win-crt-stdio-l1-1-0.dll
Event: 0.288 Loaded shared library C:\Users\babae\.openjfx\cache\17.0.0.1\api-ms-win-crt-string-l1-1-0.dll
Event: 0.290 Loaded shared library C:\Users\babae\.openjfx\cache\17.0.0.1\api-ms-win-crt-time-l1-1-0.dll
Event: 0.291 Loaded shared library C:\Users\babae\.openjfx\cache\17.0.0.1\api-ms-win-crt-utility-l1-1-0.dll
Event: 0.303 Loaded shared library C:\Users\babae\.openjfx\cache\17.0.0.1\ucrtbase.dll
Event: 0.306 Loaded shared library C:\Users\babae\.openjfx\cache\17.0.0.1\vcruntime140.dll
Event: 0.308 Loaded shared library C:\Users\babae\.openjfx\cache\17.0.0.1\vcruntime140_1.dll
Event: 0.314 Loaded shared library C:\Users\babae\.openjfx\cache\17.0.0.1\msvcp140.dll
Event: 0.342 Loaded shared library C:\Users\babae\.openjfx\cache\17.0.0.1\prism_d3d.dll
Event: 0.391 Loaded shared library C:\Users\babae\.openjfx\cache\17.0.0.1\glass.dll
Event: 0.462 Loaded shared library C:\Program Files\Java\jdk-21\bin\jimage.dll
Event: 0.599 Loaded shared library C:\Users\babae\.openjfx\cache\17.0.0.1\javafx_font.dll

Deoptimization events (20 events):
Event: 21.720 Thread 0x000001eb164a38a0 Uncommon trap: trap_request=0xffffffe4 fr.pc=0x000001eabf58bab0 relative=0x0000000000000090
Event: 21.720 Thread 0x000001eb164a38a0 Uncommon trap: reason=range_check action=make_not_entrant pc=0x000001eabf58bab0 method=java.util.Objects.checkIndex(II)I @ 3 c2
Event: 21.720 Thread 0x000001eb164a38a0 DEOPT PACKING pc=0x000001eabf58bab0 sp=0x00000099c19fc650
Event: 21.720 Thread 0x000001eb164a38a0 DEOPT UNPACKING pc=0x000001eabee146a2 sp=0x00000099c19fc578 mode 2
Event: 32.151 Thread 0x000001eb163556a0 Uncommon trap: trap_request=0xffffffbe fr.pc=0x000001eabf7e08f4 relative=0x0000000000001014
Event: 32.151 Thread 0x000001eb163556a0 Uncommon trap: reason=profile_predicate action=maybe_recompile pc=0x000001eabf7e08f4 method=java.util.concurrent.locks.AbstractQueuedSynchronizer.acquire(Ljava/util/concurrent/locks/AbstractQueuedSynchronizer$Node;IZZZJ)I @ 20 c2
Event: 32.151 Thread 0x000001eb163556a0 DEOPT PACKING pc=0x000001eabf7e08f4 sp=0x00000099c13feb90
Event: 32.151 Thread 0x000001eb163556a0 DEOPT UNPACKING pc=0x000001eabee146a2 sp=0x00000099c13feb30 mode 2
Event: 32.162 Thread 0x000001eb16467d50 Uncommon trap: trap_request=0xffffffbe fr.pc=0x000001eabf7e08f4 relative=0x0000000000001014
Event: 32.162 Thread 0x000001eb16467d50 Uncommon trap: reason=profile_predicate action=maybe_recompile pc=0x000001eabf7e08f4 method=java.util.concurrent.locks.AbstractQueuedSynchronizer.acquire(Ljava/util/concurrent/locks/AbstractQueuedSynchronizer$Node;IZZZJ)I @ 20 c2
Event: 32.162 Thread 0x000001eb16467d50 DEOPT PACKING pc=0x000001eabf7e08f4 sp=0x00000099c18ff3f0
Event: 32.162 Thread 0x000001eb16467d50 DEOPT UNPACKING pc=0x000001eabee146a2 sp=0x00000099c18ff390 mode 2
Event: 32.165 Thread 0x000001eb163556a0 Uncommon trap: trap_request=0xffffffbe fr.pc=0x000001eabf7e08f4 relative=0x0000000000001014
Event: 32.165 Thread 0x000001eb163556a0 Uncommon trap: reason=profile_predicate action=maybe_recompile pc=0x000001eabf7e08f4 method=java.util.concurrent.locks.AbstractQueuedSynchronizer.acquire(Ljava/util/concurrent/locks/AbstractQueuedSynchronizer$Node;IZZZJ)I @ 20 c2
Event: 32.165 Thread 0x000001eb163556a0 DEOPT PACKING pc=0x000001eabf7e08f4 sp=0x00000099c13feb90
Event: 32.165 Thread 0x000001eb163556a0 DEOPT UNPACKING pc=0x000001eabee146a2 sp=0x00000099c13feb30 mode 2
Event: 32.167 Thread 0x000001eb16467d50 Uncommon trap: trap_request=0xffffffbe fr.pc=0x000001eabf7e08f4 relative=0x0000000000001014
Event: 32.167 Thread 0x000001eb16467d50 Uncommon trap: reason=profile_predicate action=maybe_recompile pc=0x000001eabf7e08f4 method=java.util.concurrent.locks.AbstractQueuedSynchronizer.acquire(Ljava/util/concurrent/locks/AbstractQueuedSynchronizer$Node;IZZZJ)I @ 20 c2
Event: 32.167 Thread 0x000001eb16467d50 DEOPT PACKING pc=0x000001eabf7e08f4 sp=0x00000099c18ff3f0
Event: 32.167 Thread 0x000001eb16467d50 DEOPT UNPACKING pc=0x000001eabee146a2 sp=0x00000099c18ff390 mode 2

Classes loaded (20 events):
Event: 3.051 Loading class java/util/EnumMap$EnumMapIterator done
Event: 3.051 Loading class java/util/EnumMap$ValueIterator done
Event: 4.217 Loading class java/io/UnsupportedEncodingException
Event: 4.217 Loading class java/io/UnsupportedEncodingException done
Event: 18.920 Loading class java/util/Scanner
Event: 18.920 Loading class java/util/Scanner done
Event: 18.921 Loading class java/io/StringReader
Event: 18.921 Loading class java/io/StringReader done
Event: 18.921 Loading class java/util/Scanner$PatternLRUCache
Event: 18.921 Loading class java/util/Scanner$PatternLRUCache done
Event: 18.922 Loading class java/util/regex/Matcher$ImmutableMatchResult
Event: 18.922 Loading class java/util/regex/Matcher$ImmutableMatchResult done
Event: 18.953 Loading class java/lang/foreign/MemorySegment
Event: 18.954 Loading class java/lang/foreign/MemorySegment done
Event: 21.720 Loading class java/lang/invoke/WrongMethodTypeException
Event: 21.720 Loading class java/lang/invoke/WrongMethodTypeException done
Event: 21.720 Loading class java/lang/Throwable$WrappedPrintStream
Event: 21.720 Loading class java/lang/Throwable$PrintStreamOrWriter
Event: 21.720 Loading class java/lang/Throwable$PrintStreamOrWriter done
Event: 21.720 Loading class java/lang/Throwable$WrappedPrintStream done

Classes unloaded (0 events):
No events

Classes redefined (0 events):
No events

Internal exceptions (20 events):
Event: 0.737 Thread 0x000001eb164a38a0 Exception <a 'java/lang/NoSuchMethodError'{0x000000071225b6d8}: 'void java.lang.invoke.DirectMethodHandle$Holder.invokeSpecial(java.lang.Object, java.lang.Object, double)'> (0x000000071225b6d8) 
thrown [s\open\src\hotspot\share\interpreter\linkResolver.cpp, line 773]
Event: 0.738 Thread 0x000001eb164a38a0 Exception <a 'java/lang/NoSuchMethodError'{0x0000000712265ea0}: 'double java.lang.invoke.DelegatingMethodHandle$Holder.reinvoke_L(java.lang.Object, java.lang.Object, int)'> (0x0000000712265ea0) 
thrown [s\open\src\hotspot\share\interpreter\linkResolver.cpp, line 773]
Event: 0.739 Thread 0x000001eb164a38a0 Exception <a 'java/lang/NoSuchMethodError'{0x000000071226fba8}: 'void java.lang.invoke.DelegatingMethodHandle$Holder.reinvoke_L(java.lang.Object, java.lang.Object, double)'> (0x000000071226fba8) 
thrown [s\open\src\hotspot\share\interpreter\linkResolver.cpp, line 773]
Event: 0.798 Thread 0x000001eb164a38a0 Implicit null exception at 0x000001eabf5949a2 to 0x000001eabf594f28
Event: 0.798 Thread 0x000001eb164a38a0 Implicit null exception at 0x000001eabf591222 to 0x000001eabf59175c
Event: 0.861 Thread 0x000001eb164a38a0 Exception <a 'java/lang/NoSuchMethodError'{0x00000007118dac80}: 'int java.lang.invoke.DirectMethodHandle$Holder.invokeStaticInit(java.lang.Object, java.lang.Object)'> (0x00000007118dac80) 
thrown [s\open\src\hotspot\share\interpreter\linkResolver.cpp, line 773]
Event: 0.902 Thread 0x000001eb164a38a0 Exception <a 'java/lang/IncompatibleClassChangeError'{0x0000000713e0fba8}: Found class java.lang.Object, but interface was expected> (0x0000000713e0fba8) 
thrown [s\open\src\hotspot\share\interpreter\linkResolver.cpp, line 840]
Event: 0.941 Thread 0x000001eb164a38a0 Exception <a 'java/lang/ClassNotFoundException'{0x0000000713b57048}: com/sun/javafx/scene/control/skin/resources/controls> (0x0000000713b57048) 
thrown [s\open\src\hotspot\share\prims\jni.cpp, line 539]
Event: 0.942 Thread 0x000001eb164a38a0 Exception <a 'java/lang/ClassNotFoundException'{0x0000000713b64db8}: com/sun/javafx/scene/control/skin/resources/controls_ru> (0x0000000713b64db8) 
thrown [s\open\src\hotspot\share\prims\jni.cpp, line 539]
Event: 0.942 Thread 0x000001eb164a38a0 Exception <a 'java/lang/ClassNotFoundException'{0x0000000713b65d60}: com/sun/javafx/scene/control/skin/resources/controls_ru_RU> (0x0000000713b65d60) 
thrown [s\open\src\hotspot\share\prims\jni.cpp, line 539]
Event: 0.960 Thread 0x000001eb164a38a0 Exception <a 'java/lang/NoSuchMethodError'{0x0000000713900870}: 'int java.lang.invoke.DirectMethodHandle$Holder.invokeSpecial(java.lang.Object, java.lang.Object, int)'> (0x0000000713900870) 
thrown [s\open\src\hotspot\share\interpreter\linkResolver.cpp, line 773]
Event: 1.028 Thread 0x000001eb164a38a0 Exception <a 'java/lang/NoSuchMethodError'{0x00000007134e7c60}: 'java.lang.Object java.lang.invoke.DirectMethodHandle$Holder.newInvokeSpecial(java.lang.Object, java.lang.Object, int)'> (0x00000007134e7c60) 
thrown [s\open\src\hotspot\share\interpreter\linkResolver.cpp, line 773]
Event: 1.040 Thread 0x000001eb164a38a0 Exception <a 'java/lang/NoSuchMethodError'{0x000000071350c6b8}: 'long java.lang.invoke.DirectMethodHandle$Holder.invokeStatic(java.lang.Object, java.lang.Object, java.lang.Object)'> (0x000000071350c6b8) 
thrown [s\open\src\hotspot\share\interpreter\linkResolver.cpp, line 773]
Event: 1.040 Thread 0x000001eb164a38a0 Exception <a 'java/lang/NoSuchMethodError'{0x000000071350fa98}: 'long java.lang.invoke.DirectMethodHandle$Holder.invokeStaticInit(java.lang.Object, java.lang.Object, java.lang.Object)'> (0x000000071350fa98) 
thrown [s\open\src\hotspot\share\interpreter\linkResolver.cpp, line 773]
Event: 1.041 Thread 0x000001eb164a38a0 Exception <a 'java/lang/NoSuchMethodError'{0x0000000713524130}: 'java.lang.Object java.lang.invoke.DirectMethodHandle$Holder.newInvokeSpecial(java.lang.Object, java.lang.Object, long)'> (0x0000000713524130) 
thrown [s\open\src\hotspot\share\interpreter\linkResolver.cpp, line 773]
Event: 1.041 Thread 0x000001eb164a38a0 Exception <a 'java/lang/NoSuchMethodError'{0x0000000713527a38}: 'java.lang.Object java.lang.invoke.Invokers$Holder.linkToTargetMethod(java.lang.Object, long, java.lang.Object)'> (0x0000000713527a38) 
thrown [s\open\src\hotspot\share\interpreter\linkResolver.cpp, line 773]
Event: 2.654 Thread 0x000001eb163556a0 Implicit null exception at 0x000001eabf665751 to 0x000001eabf66718c
Event: 4.285 Thread 0x000001eb163556a0 Exception <a 'java/lang/NoSuchMethodError'{0x0000000712b10a00}: 'java.lang.Object java.lang.invoke.DirectMethodHandle$Holder.invokeStaticInit(java.lang.Object, int)'> (0x0000000712b10a00) 
thrown [s\open\src\hotspot\share\interpreter\linkResolver.cpp, line 773]
Event: 5.552 Thread 0x000001eb164a38a0 Implicit null exception at 0x000001eabf6e3464 to 0x000001eabf6e368c
Event: 19.210 Thread 0x000001eb163556a0 Implicit null exception at 0x000001eabf72a1ba to 0x000001eabf72a24c

ZGC Phase Switch (0 events):
No events

VM Operations (20 events):
Event: 97.209 Executing VM operation: G1CollectForAllocation (G1 Evacuation Pause)
Event: 97.210 Executing VM operation: G1CollectForAllocation (G1 Evacuation Pause) done
Event: 99.110 Executing VM operation: G1CollectForAllocation (G1 Evacuation Pause)
Event: 99.113 Executing VM operation: G1CollectForAllocation (G1 Evacuation Pause) done
Event: 99.313 Executing VM operation: G1CollectForAllocation (G1 Evacuation Pause)
Event: 99.315 Executing VM operation: G1CollectForAllocation (G1 Evacuation Pause) done
Event: 99.937 Executing VM operation: G1CollectForAllocation (G1 Evacuation Pause)
Event: 99.939 Executing VM operation: G1CollectForAllocation (G1 Evacuation Pause) done
Event: 101.658 Executing VM operation: G1CollectForAllocation (G1 Evacuation Pause)
Event: 101.660 Executing VM operation: G1CollectForAllocation (G1 Evacuation Pause) done
Event: 101.908 Executing VM operation: G1CollectForAllocation (G1 Evacuation Pause)
Event: 101.910 Executing VM operation: G1CollectForAllocation (G1 Evacuation Pause) done
Event: 104.042 Executing VM operation: G1CollectForAllocation (G1 Evacuation Pause)
Event: 104.044 Executing VM operation: G1CollectForAllocation (G1 Evacuation Pause) done
Event: 104.431 Executing VM operation: G1CollectForAllocation (G1 Evacuation Pause)
Event: 104.433 Executing VM operation: G1CollectForAllocation (G1 Evacuation Pause) done
Event: 104.733 Executing VM operation: G1CollectForAllocation (G1 Evacuation Pause)
Event: 104.735 Executing VM operation: G1CollectForAllocation (G1 Evacuation Pause) done
Event: 106.422 Executing VM operation: G1CollectForAllocation (G1 Evacuation Pause)
Event: 106.423 Executing VM operation: G1CollectForAllocation (G1 Evacuation Pause) done

Events (20 events):
Event: 18.929 Thread 0x000001eacf73c7e0 Thread added: 0x000001eacf73c7e0
Event: 18.929 Thread 0x000001eacf73ceb0 Thread added: 0x000001eacf73ceb0
Event: 18.948 Thread 0x000001eacf7383c0 Thread added: 0x000001eacf7383c0
Event: 18.955 Thread 0x000001eb154a20a0 Thread added: 0x000001eb154a20a0
Event: 18.955 Thread 0x000001eb1549c140 Thread added: 0x000001eb1549c140
Event: 18.993 Thread 0x000001eacf7d4820 Thread added: 0x000001eacf7d4820
Event: 18.993 Thread 0x000001eacf7d6a30 Thread added: 0x000001eacf7d6a30
Event: 18.993 Thread 0x000001eacf7dae50 Thread added: 0x000001eacf7dae50
Event: 19.312 Thread 0x000001eacf7dae50 Thread exited: 0x000001eacf7dae50
Event: 19.379 Thread 0x000001eacf7d6a30 Thread exited: 0x000001eacf7d6a30
Event: 19.425 Thread 0x000001eacf7d4820 Thread exited: 0x000001eacf7d4820
Event: 19.566 Thread 0x000001eb1549c140 Thread exited: 0x000001eb1549c140
Event: 19.736 Thread 0x000001eb154a20a0 Thread exited: 0x000001eb154a20a0
Event: 19.736 Thread 0x000001eacf73dc50 Thread exited: 0x000001eacf73dc50
Event: 19.736 Thread 0x000001eacf7383c0 Thread exited: 0x000001eacf7383c0
Event: 20.017 Thread 0x000001eacf73ceb0 Thread exited: 0x000001eacf73ceb0
Event: 20.262 Thread 0x000001eacf73c7e0 Thread exited: 0x000001eacf73c7e0
Event: 22.656 Thread 0x000001eacf737620 Thread exited: 0x000001eacf737620
Event: 65.561 Thread 0x000001eacf7d99e0 Thread added: 0x000001eacf7d99e0
Event: 67.045 Thread 0x000001eacf7d99e0 Thread exited: 0x000001eacf7d99e0


Dynamic libraries:
0x00007ff739260000 - 0x00007ff739270000 	C:\Program Files\Java\jdk-21\bin\java.exe
0x00007ff992070000 - 0x00007ff992287000 	C:\Windows\SYSTEM32\ntdll.dll
0x00007ff9918c0000 - 0x00007ff991984000 	C:\Windows\System32\KERNEL32.DLL
0x00007ff98f9b0000 - 0x00007ff98fd6a000 	C:\Windows\System32\KERNELBASE.dll
0x00007ff98f4b0000 - 0x00007ff98f5c1000 	C:\Windows\System32\ucrtbase.dll
0x00007ff97f210000 - 0x00007ff97f22b000 	C:\Program Files\Java\jdk-21\bin\VCRUNTIME140.dll
0x00007ff97f230000 - 0x00007ff97f249000 	C:\Program Files\Java\jdk-21\bin\jli.dll
0x00007ff991c10000 - 0x00007ff991cc2000 	C:\Windows\System32\ADVAPI32.dll
0x00007ff991cf0000 - 0x00007ff991d97000 	C:\Windows\System32\msvcrt.dll
0x00007ff9917a0000 - 0x00007ff991847000 	C:\Windows\System32\sechost.dll
0x00007ff98f720000 - 0x00007ff98f748000 	C:\Windows\System32\bcrypt.dll
0x00007ff991680000 - 0x00007ff991794000 	C:\Windows\System32\RPCRT4.dll
0x00007ff991450000 - 0x00007ff9915fe000 	C:\Windows\System32\USER32.dll
0x00007ff98f6f0000 - 0x00007ff98f716000 	C:\Windows\System32\win32u.dll
0x00007ff96d440000 - 0x00007ff96d6d2000 	C:\Windows\WinSxS\amd64_microsoft.windows.common-controls_6595b64144ccf1df_6.0.22621.4541_none_2710d1c57384c085\COMCTL32.dll
0x00007ff991e30000 - 0x00007ff991e59000 	C:\Windows\System32\GDI32.dll
0x00007ff98f5d0000 - 0x00007ff98f6eb000 	C:\Windows\System32\gdi32full.dll
0x00007ff98f750000 - 0x00007ff98f7ea000 	C:\Windows\System32\msvcp_win.dll
0x00007ff97e2d0000 - 0x00007ff97e2da000 	C:\Windows\SYSTEM32\VERSION.dll
0x00007ff991df0000 - 0x00007ff991e21000 	C:\Windows\System32\IMM32.DLL
0x00007ff987ec0000 - 0x00007ff987ecc000 	C:\Program Files\Java\jdk-21\bin\vcruntime140_1.dll
0x00007ff970d60000 - 0x00007ff970dee000 	C:\Program Files\Java\jdk-21\bin\msvcp140.dll
0x00007ff915900000 - 0x00007ff916618000 	C:\Program Files\Java\jdk-21\bin\server\jvm.dll
0x00007ff98fe00000 - 0x00007ff98fe71000 	C:\Windows\System32\WS2_32.dll
0x00007ff98f210000 - 0x00007ff98f25d000 	C:\Windows\SYSTEM32\POWRPROF.dll
0x00007ff987cd0000 - 0x00007ff987d04000 	C:\Windows\SYSTEM32\WINMM.dll
0x00007ff98f1f0000 - 0x00007ff98f203000 	C:\Windows\SYSTEM32\UMPDC.dll
0x00007ff98e380000 - 0x00007ff98e398000 	C:\Windows\SYSTEM32\kernel.appcore.dll
0x00007ff987c60000 - 0x00007ff987c6a000 	C:\Program Files\Java\jdk-21\bin\jimage.dll
0x00007ff98cc90000 - 0x00007ff98cec2000 	C:\Windows\SYSTEM32\DBGHELP.DLL
0x00007ff990430000 - 0x00007ff9907bf000 	C:\Windows\System32\combase.dll
0x00007ff991370000 - 0x00007ff991447000 	C:\Windows\System32\OLEAUT32.dll
0x00007ff961ec0000 - 0x00007ff961ef2000 	C:\Windows\SYSTEM32\dbgcore.DLL
0x00007ff98f8b0000 - 0x00007ff98f92b000 	C:\Windows\System32\bcryptPrimitives.dll
0x00007ff97cce0000 - 0x00007ff97ccef000 	C:\Program Files\Java\jdk-21\bin\instrument.dll
0x00007ff97cc40000 - 0x00007ff97cc5f000 	C:\Program Files\Java\jdk-21\bin\java.dll
0x00007ff990ae0000 - 0x00007ff991358000 	C:\Windows\System32\SHELL32.dll
0x00007ff98d280000 - 0x00007ff98db88000 	C:\Windows\SYSTEM32\windows.storage.dll
0x00007ff98d140000 - 0x00007ff98d27f000 	C:\Windows\SYSTEM32\wintypes.dll
0x00007ff991b10000 - 0x00007ff991c0a000 	C:\Windows\System32\SHCORE.dll
0x00007ff990980000 - 0x00007ff9909de000 	C:\Windows\System32\shlwapi.dll
0x00007ff98f270000 - 0x00007ff98f29b000 	C:\Windows\SYSTEM32\profapi.dll
0x00007ff970c80000 - 0x00007ff970d57000 	C:\Program Files\Java\jdk-21\bin\jsvml.dll
0x00007ff97cc20000 - 0x00007ff97cc30000 	C:\Program Files\Java\jdk-21\bin\net.dll
0x00007ff989570000 - 0x00007ff9896a6000 	C:\Windows\SYSTEM32\WINHTTP.dll
0x00007ff98e800000 - 0x00007ff98e869000 	C:\Windows\system32\mswsock.dll
0x00007ff97cc00000 - 0x00007ff97cc16000 	C:\Program Files\Java\jdk-21\bin\nio.dll
0x00007ff97cbe0000 - 0x00007ff97cbf8000 	C:\Program Files\Java\jdk-21\bin\zip.dll
0x00007ff977590000 - 0x00007ff9775aa000 	C:\Program Files\JetBrains\IntelliJ IDEA Community Edition 2023.2.1\bin\breakgen64.dll
0x000001eaaf3f0000 - 0x000001eaaf3f3000 	C:\Users\babae\.openjfx\cache\17.0.0.1\api-ms-win-core-console-l1-1-0.dll
0x000001eaaf400000 - 0x000001eaaf403000 	C:\Users\babae\.openjfx\cache\17.0.0.1\api-ms-win-core-console-l1-2-0.dll
0x000001eaaf410000 - 0x000001eaaf413000 	C:\Users\babae\.openjfx\cache\17.0.0.1\api-ms-win-core-datetime-l1-1-0.dll
0x000001eaaf420000 - 0x000001eaaf423000 	C:\Users\babae\.openjfx\cache\17.0.0.1\api-ms-win-core-debug-l1-1-0.dll
0x000001eaaf430000 - 0x000001eaaf433000 	C:\Users\babae\.openjfx\cache\17.0.0.1\api-ms-win-core-errorhandling-l1-1-0.dll
0x000001eaaf440000 - 0x000001eaaf444000 	C:\Users\babae\.openjfx\cache\17.0.0.1\api-ms-win-core-file-l1-1-0.dll
0x000001eaaf450000 - 0x000001eaaf453000 	C:\Users\babae\.openjfx\cache\17.0.0.1\api-ms-win-core-file-l1-2-0.dll
0x000001eaaf460000 - 0x000001eaaf463000 	C:\Users\babae\.openjfx\cache\17.0.0.1\api-ms-win-core-file-l2-1-0.dll
0x000001eaaf470000 - 0x000001eaaf473000 	C:\Users\babae\.openjfx\cache\17.0.0.1\api-ms-win-core-handle-l1-1-0.dll
0x000001eaaf480000 - 0x000001eaaf483000 	C:\Users\babae\.openjfx\cache\17.0.0.1\api-ms-win-core-heap-l1-1-0.dll
0x000001eaaf490000 - 0x000001eaaf493000 	C:\Users\babae\.openjfx\cache\17.0.0.1\api-ms-win-core-interlocked-l1-1-0.dll
0x000001eaaf4a0000 - 0x000001eaaf4a3000 	C:\Users\babae\.openjfx\cache\17.0.0.1\api-ms-win-core-libraryloader-l1-1-0.dll
0x000001eacfac0000 - 0x000001eacfac3000 	C:\Users\babae\.openjfx\cache\17.0.0.1\api-ms-win-core-localization-l1-2-0.dll
0x000001eacfad0000 - 0x000001eacfad3000 	C:\Users\babae\.openjfx\cache\17.0.0.1\api-ms-win-core-memory-l1-1-0.dll
0x000001eacfae0000 - 0x000001eacfae3000 	C:\Users\babae\.openjfx\cache\17.0.0.1\api-ms-win-core-namedpipe-l1-1-0.dll
0x000001eacfaf0000 - 0x000001eacfaf3000 	C:\Users\babae\.openjfx\cache\17.0.0.1\api-ms-win-core-processenvironment-l1-1-0.dll
0x000001eacfb00000 - 0x000001eacfb03000 	C:\Users\babae\.openjfx\cache\17.0.0.1\api-ms-win-core-processthreads-l1-1-0.dll
0x000001eacfb10000 - 0x000001eacfb13000 	C:\Users\babae\.openjfx\cache\17.0.0.1\api-ms-win-core-processthreads-l1-1-1.dll
0x000001eacfb20000 - 0x000001eacfb23000 	C:\Users\babae\.openjfx\cache\17.0.0.1\api-ms-win-core-profile-l1-1-0.dll
0x000001eacfb30000 - 0x000001eacfb33000 	C:\Users\babae\.openjfx\cache\17.0.0.1\api-ms-win-core-rtlsupport-l1-1-0.dll
0x000001eacfb40000 - 0x000001eacfb43000 	C:\Users\babae\.openjfx\cache\17.0.0.1\api-ms-win-core-string-l1-1-0.dll
0x000001eacfb50000 - 0x000001eacfb53000 	C:\Users\babae\.openjfx\cache\17.0.0.1\api-ms-win-core-synch-l1-1-0.dll
0x000001eacfb60000 - 0x000001eacfb63000 	C:\Users\babae\.openjfx\cache\17.0.0.1\api-ms-win-core-synch-l1-2-0.dll
0x000001eacfb70000 - 0x000001eacfb73000 	C:\Users\babae\.openjfx\cache\17.0.0.1\api-ms-win-core-sysinfo-l1-1-0.dll
0x000001eacfb80000 - 0x000001eacfb83000 	C:\Users\babae\.openjfx\cache\17.0.0.1\api-ms-win-core-timezone-l1-1-0.dll
0x000001eacfb90000 - 0x000001eacfb93000 	C:\Users\babae\.openjfx\cache\17.0.0.1\api-ms-win-core-util-l1-1-0.dll
0x000001eacfba0000 - 0x000001eacfba3000 	C:\Users\babae\.openjfx\cache\17.0.0.1\api-ms-win-crt-conio-l1-1-0.dll
0x000001eacfbb0000 - 0x000001eacfbb4000 	C:\Users\babae\.openjfx\cache\17.0.0.1\api-ms-win-crt-convert-l1-1-0.dll
0x000001eacfbc0000 - 0x000001eacfbc3000 	C:\Users\babae\.openjfx\cache\17.0.0.1\api-ms-win-crt-environment-l1-1-0.dll
0x000001eacfbd0000 - 0x000001eacfbd3000 	C:\Users\babae\.openjfx\cache\17.0.0.1\api-ms-win-crt-filesystem-l1-1-0.dll
0x000001eacfbe0000 - 0x000001eacfbe3000 	C:\Users\babae\.openjfx\cache\17.0.0.1\api-ms-win-crt-heap-l1-1-0.dll
0x000001eacfbf0000 - 0x000001eacfbf3000 	C:\Users\babae\.openjfx\cache\17.0.0.1\api-ms-win-crt-locale-l1-1-0.dll
0x000001eacfc00000 - 0x000001eacfc05000 	C:\Users\babae\.openjfx\cache\17.0.0.1\api-ms-win-crt-math-l1-1-0.dll
0x000001eacfc10000 - 0x000001eacfc15000 	C:\Users\babae\.openjfx\cache\17.0.0.1\api-ms-win-crt-multibyte-l1-1-0.dll
0x000001eacfc20000 - 0x000001eacfc30000 	C:\Users\babae\.openjfx\cache\17.0.0.1\api-ms-win-crt-private-l1-1-0.dll
0x000001eacfc30000 - 0x000001eacfc33000 	C:\Users\babae\.openjfx\cache\17.0.0.1\api-ms-win-crt-process-l1-1-0.dll
0x000001eacfc40000 - 0x000001eacfc44000 	C:\Users\babae\.openjfx\cache\17.0.0.1\api-ms-win-crt-runtime-l1-1-0.dll
0x000001eacfc50000 - 0x000001eacfc54000 	C:\Users\babae\.openjfx\cache\17.0.0.1\api-ms-win-crt-stdio-l1-1-0.dll
0x000001eacfc60000 - 0x000001eacfc64000 	C:\Users\babae\.openjfx\cache\17.0.0.1\api-ms-win-crt-string-l1-1-0.dll
0x000001eacfc70000 - 0x000001eacfc73000 	C:\Users\babae\.openjfx\cache\17.0.0.1\api-ms-win-crt-time-l1-1-0.dll
0x000001eacfc80000 - 0x000001eacfc83000 	C:\Users\babae\.openjfx\cache\17.0.0.1\api-ms-win-crt-utility-l1-1-0.dll
0x00007ff935320000 - 0x00007ff93541c000 	C:\Users\babae\.openjfx\cache\17.0.0.1\ucrtbase.dll
0x00007ff961140000 - 0x00007ff96115a000 	C:\Users\babae\.openjfx\cache\17.0.0.1\vcruntime140.dll
0x00007ff9602c0000 - 0x00007ff9602cc000 	C:\Users\babae\.openjfx\cache\17.0.0.1\vcruntime140_1.dll
0x00007ff948a30000 - 0x00007ff948abd000 	C:\Users\babae\.openjfx\cache\17.0.0.1\msvcp140.dll
0x00007ff941dd0000 - 0x00007ff941dfa000 	C:\Users\babae\.openjfx\cache\17.0.0.1\prism_d3d.dll
0x00007ff948f50000 - 0x00007ff9490f8000 	C:\Windows\system32\d3d9.dll
0x00007ff98c5c0000 - 0x00007ff98c5eb000 	C:\Windows\SYSTEM32\dwmapi.dll
0x00007ff98c370000 - 0x00007ff98c3a7000 	C:\Windows\SYSTEM32\dxcore.dll
0x00007ff98c250000 - 0x00007ff98c301000 	C:\Windows\system32\uxtheme.dll
0x00007ff948ea0000 - 0x00007ff948f50000 	C:\Windows\SYSTEM32\d3d9on12.dll
0x00007ff948e70000 - 0x00007ff948e96000 	C:\Windows\SYSTEM32\d3d12.dll
0x00007ff98c3b0000 - 0x00007ff98c4a7000 	C:\Windows\SYSTEM32\dxgi.dll
0x00007ff98ef40000 - 0x00007ff98ef8e000 	C:\Windows\SYSTEM32\cfgmgr32.dll
0x00007ff948c60000 - 0x00007ff948e62000 	C:\Windows\SYSTEM32\D3D12Core.dll
0x00007ff948c30000 - 0x00007ff948c54000 	C:\Windows\System32\DriverStore\FileRepository\iigd_dch.inf_amd64_8790abc65238323a\igd12umd64.dll
0x00007ff943d90000 - 0x00007ff9449bc000 	C:\Windows\System32\DriverStore\FileRepository\iigd_dch.inf_amd64_8790abc65238323a\igd12um64xel.dll
0x00007ff98f340000 - 0x00007ff98f4a6000 	C:\Windows\System32\CRYPT32.dll
0x00007ff980af0000 - 0x00007ff980f02000 	C:\Windows\System32\DriverStore\FileRepository\iigd_dch.inf_amd64_8790abc65238323a\igdgmm64.dll
0x00007ff980fe0000 - 0x00007ff98101a000 	C:\Windows\SYSTEM32\ControlLib.dll
0x00007ff98fe90000 - 0x00007ff990304000 	C:\Windows\System32\SETUPAPI.dll
0x00007ff98ef10000 - 0x00007ff98ef3c000 	C:\Windows\SYSTEM32\DEVOBJ.dll
0x00007ff980f10000 - 0x00007ff980f81000 	C:\Windows\System32\DriverStore\FileRepository\iigd_dch.inf_amd64_8790abc65238323a\IntelControlLib.dll
0x00007ff98f930000 - 0x00007ff98f9a2000 	C:\Windows\System32\WINTRUST.dll
0x00007ff98eab0000 - 0x00007ff98eac2000 	C:\Windows\SYSTEM32\MSASN1.dll
0x00007ff984d80000 - 0x00007ff984dc9000 	C:\Windows\SYSTEM32\directxdatabasehelper.dll
0x00007ff977af0000 - 0x00007ff97bf2e000 	C:\Windows\System32\DriverStore\FileRepository\iigd_dch.inf_amd64_8790abc65238323a\igc64.dll
0x00007ff991e60000 - 0x00007ff992005000 	C:\Windows\System32\ole32.dll
0x00007ff948c00000 - 0x00007ff948c2f000 	C:\Windows\SYSTEM32\D3DSCache.dll
0x00007ff98e8f0000 - 0x00007ff98e918000 	C:\Windows\SYSTEM32\USERENV.dll
0x00007ff935420000 - 0x00007ff93a6e3000 	C:\Windows\System32\DriverStore\FileRepository\iigd_dch.inf_amd64_8790abc65238323a\igd12dxva64.dll
0x00007ff948bd0000 - 0x00007ff948bf7000 	C:\Windows\System32\DriverStore\FileRepository\iigd_dch.inf_amd64_8790abc65238323a\igdinfo64.dll
0x00007ff988240000 - 0x00007ff9884e4000 	C:\Windows\SYSTEM32\twinapi.appcore.dll
0x00007ff9352d0000 - 0x00007ff935312000 	C:\Users\babae\.openjfx\cache\17.0.0.1\glass.dll
0x00007ff9909e0000 - 0x00007ff990ae0000 	C:\Windows\System32\COMDLG32.dll
0x00007ff991990000 - 0x00007ff991af1000 	C:\Windows\System32\MSCTF.dll
0x00007ff955a30000 - 0x00007ff955a44000 	C:\Users\babae\.openjfx\cache\17.0.0.1\javafx_font.dll
0x00007ff985bb0000 - 0x00007ff985e23000 	C:\Windows\SYSTEM32\dwrite.dll
0x00007ff990380000 - 0x00007ff990430000 	C:\Windows\System32\clbcatq.dll

dbghelp: loaded successfully - version: 4.0.5 - missing functions: none
symbol engine: initialized successfully - sym options: 0x614 - pdb path: .;C:\Program Files\Java\jdk-21\bin;C:\Windows\SYSTEM32;C:\Windows\WinSxS\amd64_microsoft.windows.common-controls_6595b64144ccf1df_6.0.22621.4541_none_2710d1c57384c085;C:\Program Files\Java\jdk-21\bin\server;C:\Program Files\JetBrains\IntelliJ IDEA Community Edition 2023.2.1\bin;C:\Users\babae\.openjfx\cache\17.0.0.1;C:\Windows\System32\DriverStore\FileRepository\iigd_dch.inf_amd64_8790abc65238323a;C:\Program Files\Common Files\Microsoft Shared\Ink;C:\Windows\WinSxS\amd64_microsoft.windows.gdiplus_6595b64144ccf1df_1.1.22621.4541_none_57fbc4aace173a53;C:\Program Files\Microsoft OneDrive\24.226.1110.0004

VM Arguments:
jvm_args: -javaagent:C:\Program Files\JetBrains\IntelliJ IDEA Community Edition 2023.2.1\lib\idea_rt.jar=62556:C:\Program Files\JetBrains\IntelliJ IDEA Community Edition 2023.2.1\bin -Dfile.encoding=UTF-8 -Dsun.stdout.encoding=UTF-8 -Dsun.stderr.encoding=UTF-8 --module-path=C:\Users\babae\.m2\repository\java3d\vecmath\1.3.1\vecmath-1.3.1.jar;C:\Users\babae\.m2\repository\org\openjfx\javafx-graphics\17.0.0.1\javafx-graphics-17.0.0.1-win.jar;C:\Users\babae\.m2\repository\org\openjfx\javafx-fxml\17.0.0.1\javafx-fxml-17.0.0.1-win.jar;C:\Users\babae\.m2\repository\org\openjfx\javafx-base\17.0.0.1\javafx-base-17.0.0.1-win.jar;C:\Users\babae\.m2\repository\org\openjfx\javafx-controls\17.0.0.1\javafx-controls-17.0.0.1-win.jar;D:\Task4\Simple3DViewer\target\classes -Djdk.module.main=com.cgvsu 
java_command: com.cgvsu/com.cgvsu.Main
java_class_path (initial): C:\Users\babae\.m2\repository\org\openjfx\javafx-controls\17.0.0.1\javafx-controls-17.0.0.1.jar;C:\Users\babae\.m2\repository\org\openjfx\javafx-graphics\17.0.0.1\javafx-graphics-17.0.0.1.jar;C:\Users\babae\.m2\repository\org\openjfx\javafx-base\17.0.0.1\javafx-base-17.0.0.1.jar;C:\Users\babae\.m2\repository\org\openjfx\javafx-fxml\17.0.0.1\javafx-fxml-17.0.0.1.jar
Launcher Type: SUN_STANDARD

[Global flags]
     intx CICompilerCount                          = 12                                        {product} {ergonomic}
     uint ConcGCThreads                            = 4                                         {product} {ergonomic}
     uint G1ConcRefinementThreads                  = 15                                        {product} {ergonomic}
   size_t G1HeapRegionSize                         = 2097152                                   {product} {ergonomic}
    uintx GCDrainStackTargetSize                   = 64                                        {product} {ergonomic}
   size_t InitialHeapSize                          = 264241152                                 {product} {ergonomic}
   size_t MarkStackSize                            = 4194304                                   {product} {ergonomic}
   size_t MaxHeapSize                              = 4223664128                                {product} {ergonomic}
   size_t MaxNewSize                               = 2533359616                                {product} {ergonomic}
   size_t MinHeapDeltaBytes                        = 2097152                                   {product} {ergonomic}
   size_t MinHeapSize                              = 8388608                                   {product} {ergonomic}
    uintx NonNMethodCodeHeapSize                   = 7602480                                {pd product} {ergonomic}
    uintx NonProfiledCodeHeapSize                  = 122027880                              {pd product} {ergonomic}
    uintx ProfiledCodeHeapSize                     = 122027880                              {pd product} {ergonomic}
    uintx ReservedCodeCacheSize                    = 251658240                              {pd product} {ergonomic}
     bool SegmentedCodeCache                       = true                                      {product} {ergonomic}
   size_t SoftMaxHeapSize                          = 4223664128                             {manageable} {ergonomic}
     bool UseCompressedOops                        = true                           {product lp64_product} {ergonomic}
     bool UseG1GC                                  = true                                      {product} {ergonomic}
     bool UseLargePagesIndividualAllocation        = false                                  {pd product} {ergonomic}

Logging:
Log output configuration:
 #0: stdout all=warning uptime,level,tags foldmultilines=false
 #1: stderr all=off uptime,level,tags foldmultilines=false

Environment Variables:
PATH=C:\Program Files\Common Files\Oracle\Java\javapath;C:\Windows\System32\HWAudioDriverLibs;C:\Windows\system32;C:\Windows;C:\Windows\System32\Wbem;C:\Windows\System32\WindowsPowerShell\v1.0\;C:\Windows\System32\OpenSSH\;C:\Users\Administrator\AppData\Local\Microsoft\WindowsApps;C:\Program Files\MATLAB\R2023a\bin;C:\w64devkit\bin;C:\Windows\system32\config\systemprofile\AppData\Local\Microsoft\WindowsApps;C:\windows\system32\HWAudioDriver\;C:\Program Files (x86)\Windows Kits\10\Windows Performance Toolkit\;C:\Program Files\Git\cmd;C:\Users\babae\AppData\Local\Programs\Python\Python311\Scripts\;C:\Users\babae\AppData\Local\Programs\Python\Python311\;C:\Users\babae\AppData\Local\Microsoft\WindowsApps;C:\Users\babae\AppData\Local\atom\bin;C:\Users\babae\AppData\Local\Programs\Microsoft VS Code\bin
USERNAME=babae
OS=Windows_NT
PROCESSOR_IDENTIFIER=Intel64 Family 6 Model 154 Stepping 3, GenuineIntel
TMP=C:\Users\babae\AppData\Local\Temp
TEMP=C:\Users\babae\AppData\Local\Temp




Periodic native trim disabled

---------------  S Y S T E M  ---------------

OS:
 Windows 11 , 64 bit Build 22621 (10.0.22621.4391)
OS uptime: 25 days 12:09 hours

CPU: total 20 (initial active 20) (10 cores per cpu, 2 threads per core) family 6 model 154 stepping 3 microcode 0x41e, cx8, cmov, fxsr, ht, mmx, 3dnowpref, sse, sse2, sse3, ssse3, sse4.1, sse4.2, popcnt, lzcnt, tsc, tscinvbit, avx, avx2, aes, erms, clmul, bmi1, bmi2, adx, sha, fma, vzeroupper, clflush, clflushopt, clwb, serialize, rdtscp, rdpid, fsrm, f16c, pku, cet_ibt, cet_ss
Processor Information for processor 0
  Max Mhz: 2300, Current Mhz: 2300, Mhz Limit: 2300
Processor Information for processor 1
  Max Mhz: 2300, Current Mhz: 2300, Mhz Limit: 2300
Processor Information for processor 2
  Max Mhz: 2300, Current Mhz: 2300, Mhz Limit: 2300
Processor Information for processor 3
  Max Mhz: 2300, Current Mhz: 1506, Mhz Limit: 2300
Processor Information for processor 4
  Max Mhz: 2300, Current Mhz: 1506, Mhz Limit: 2300
Processor Information for processor 5
  Max Mhz: 2300, Current Mhz: 2300, Mhz Limit: 2300
Processor Information for processor 6
  Max Mhz: 2300, Current Mhz: 2300, Mhz Limit: 2300
Processor Information for processor 7
  Max Mhz: 2300, Current Mhz: 2300, Mhz Limit: 2300
Processor Information for processor 8
  Max Mhz: 2300, Current Mhz: 2300, Mhz Limit: 2300
Processor Information for processor 9
  Max Mhz: 2300, Current Mhz: 2300, Mhz Limit: 2300
Processor Information for processor 10
  Max Mhz: 2300, Current Mhz: 1506, Mhz Limit: 2300
Processor Information for processor 11
  Max Mhz: 2300, Current Mhz: 2300, Mhz Limit: 2300
Processor Information for processor 12
  Max Mhz: 2300, Current Mhz: 1500, Mhz Limit: 1679
Processor Information for processor 13
  Max Mhz: 2300, Current Mhz: 1500, Mhz Limit: 1679
Processor Information for processor 14
  Max Mhz: 2300, Current Mhz: 1500, Mhz Limit: 1679
Processor Information for processor 15
  Max Mhz: 2300, Current Mhz: 1500, Mhz Limit: 1679
Processor Information for processor 16
  Max Mhz: 2300, Current Mhz: 1700, Mhz Limit: 1679
Processor Information for processor 17
  Max Mhz: 2300, Current Mhz: 1500, Mhz Limit: 1679
Processor Information for processor 18
  Max Mhz: 2300, Current Mhz: 1500, Mhz Limit: 1679
Processor Information for processor 19
  Max Mhz: 2300, Current Mhz: 1500, Mhz Limit: 1679

Memory: 4k page, system-wide physical 16110M (486M free)
TotalPageFile size 29070M (AvailPageFile size 2457M)
current process WorkingSet (physical memory assigned to process): 5829M, peak: 5829M
current process commit charge ("private bytes"): 9250M, peak: 9250M

vm_info: Java HotSpot(TM) 64-Bit Server VM (21.0.5+9-LTS-239) for windows-amd64 JRE (21.0.5+9-LTS-239), built on 2024-09-30T05:17:38Z by "mach5one" with MS VC++ 17.6 (VS2022)

END.
